step,examples,loss,train_seconds,elapsed_seconds,sample_index_hash
1,4,1.3660261631011963,0.10488524998072535,0.10488954198081046,8686bf71b8bebcdc470efc4b0e7c13533a83395739c09a5dfb85f7ea405e9c10
2,8,1.3537827730178833,0.19010033295489848,0.19012395897880197,37a9cda764880054a247f23eb442a204fcd43aefdafddbc9982bdcde123d3e8f
3,12,1.3461469411849976,0.27421899896580726,0.2742553750285879,3eee591a25c4366dd5b5d895cfda242c221b645d08e5f51edcb371ebd795e1fd
4,16,1.3577064275741577,0.3696116649080068,0.3696632090723142,6ca243f628481ed14c83ccc09ac6d661ed429960f35b6e9ef090023522b133ce
5,20,1.3554457426071167,0.4539215398253873,0.45398741704411805,5fd3a2fd52bb28455c2ae84bd5ba8da0497d80cfbc77737b62b4291767fd2fb4
6,24,1.3631120920181274,0.5383207477862015,0.5383988340618089,faafb296bbbe61c7791a5f4060e36c1a962c0e4536ed2c9507526dbc474d14ca
7,28,1.3483526706695557,0.6241856227861717,0.6242765419883654,beda1fc8d56fc71ec829e934ba2c8fab5f12a90607244a719cfa3b72a7ff02c7
8,32,1.3585820198059082,0.7093806228367612,0.7094880000222474,2d406a003b5b6c9fa857d91900f5c5d51d68c510d17b1bf2f16867eda6d0455a
9,36,1.3399189710617065,0.7995012057945132,0.7996187499957159,2d848e0a6bab78070e83fca86dcd46f40b1edab58e8e14f3abced4e2a3911186
10,40,1.343481421470642,0.8917036217171699,0.8918314999900758,c1afac285988d214c72517e6532129a91c60e2bea1cd15b434fcbf9720278508
11,44,1.3537607192993164,0.9807929126545787,0.9809317090548575,e8d245ea552588c2ee797d0f24c087903730f25171fcd726e713664cd48fea94
12,48,1.3490371704101562,1.0701522036688402,1.0703007499687374,9d401560a395f8223e0d79e638e754780ec224ab638832029ac841771c386e5b
13,52,1.34542977809906,1.1585311206290498,1.1586888340534642,99e5baf59c95d7e7034dc59f1e8d0ac7c2335c48124dc200efe9ac3495288c49
14,56,1.337941288948059,1.2466508706565946,1.2468187920749187,d244fe0fa61137340ae903cfec228c32d92f458a22ca43da42d49e70483842a5
15,60,1.3532501459121704,1.3421525366138667,1.342333500040695,e55ef865ec02c568fb76ae7e7ea7d90890ef8700062bdcddfc8f6e61cd9c167a
16,64,1.3444113731384277,1.4310267865657806,1.4312177919782698,5ad8916430f8c9441694c2d76ca818757a3712741a4f4303a659058c95542435
17,68,1.3468022346496582,1.5191168705932796,1.5193186670076102,0e168be76018ecec6c083d27771177938ccb0156a833c2962d63ac02741191f9
18,72,1.3256601095199585,1.6077429535798728,1.6079570420552045,15bc9221ab002ac4281e3ac2041fc0b24319ba470dd98ca868291a78a4c42f0b
19,76,1.3360135555267334,1.6945350376190618,1.6947599590057507,9d5fb7729072b8158db9009e1a5d7b9e65450c2244243edb9f1b959aa6966204
20,80,1.3169193267822266,1.783497912576422,1.783732166979462,22c753cd2445ca89eb3b914498e9bc0d422d533fb2ab56386a5a4afff9933d72
21,84,1.3051141500473022,1.8724262876203284,1.8726704170694575,e50982e8db6802c704d7569a3b8f9eb4e3c6c5e72cc496dfb2942c17caf08257
22,88,1.3331295251846313,1.9593407876091078,1.959597292006947,3b573629e27ba62eca6033dd6500c5b6307c68ff662b9275100a10f1edf602b9
23,92,1.3160051107406616,2.0471972465747967,2.0474660000763834,2acdfdd29d8b11abdbd11bcb191820483bb8b88d61be1dd308429ed7c31a3a7d
24,96,1.2930840253829956,2.134653412620537,2.1349310419755057,3a95d15082499e8de3623a0950107bf1c1dc33ddd2411efffb4217ca3e80ebec
25,100,1.2992198467254639,2.2213305375771597,2.221618541982025,c09e256a40333f377b2ae30cd820d4a3a8a4c81ba6e83c37cbe72e9c78f08efd
26,104,1.2991421222686768,2.3150492035783827,2.3153485420625657,75a4e6eae87cdf4e445266e1931edfcb7870cdc160dbbdfbe6df9e269b169d9e
27,108,1.2737592458724976,2.4043450786266476,2.404655124992132,477d1ca138b2af113b1389f49c1644bc74264473164a8967207ff9da92e4e1b8
28,112,1.2576767206192017,2.4934017036575824,2.493722334038466,7ec299005f9abb0ae1620190261461b09a9983bb95675b6a0237c9a8f9ab6906
29,116,1.2466259002685547,2.5828729117056355,2.583205334027298,b0bb66856d021230f03a5da6c807b20a8c6bfd3b85f0a9e129dc9567f037deba
30,120,1.223016381263733,2.6734211206203327,2.6737657920457423,db21ad4bdd1554aaa85df22e03135aff6ccf8816dfb7b3b7c9e5c088e05dc3d8
31,124,1.204013466835022,2.7642811625264585,2.7646345840767026,5295379f80ec022c222ee0d76a1416b771ba7ae513b271ebe4c56b8b5604053b
32,128,1.1936246156692505,2.853956162580289,2.854320166981779,f605655e1be3e902c90f7276c05ca83f5f5780d55d0dd13cc28a4fb449064259
33,132,1.185465931892395,2.943817287683487,2.9441898750374094,e6d98ec00503454e837fc68966b1b4944bea00b3d686d05142ac869c202b4c11
34,136,1.1493139266967773,3.032486912677996,3.032869875081815,7e306f1027332327499a07a3fc0c802d100bef3d2d671286b9aa5c732a65ab1e
35,140,1.169916033744812,3.123994704685174,3.1243882920825854,1170f58909bb57a4bfd4105820e1740514cea78e570b1bd71d101fa9f6a6038f
36,144,1.077701449394226,3.2139863716438413,3.2143895840272307,8fd1e60f5997218c67461414d8c98427bd5f961cd7724b8332467dc22317f4da
37,148,1.1045435667037964,3.3043236635858193,3.3047351670684293,1b2aae47d0464426b5c45657588c2127e6877ba9b0b7f6d3c637518f6f3c8a8d
38,152,1.1399637460708618,3.3978630385827273,3.398283875081688,e7dcd29018f569e6a3abf4e816ca648dbc114723942bc6398555f8154b32189e
39,156,1.1699994802474976,3.485859372536652,3.4862895420519635,fc1c7dd97e7ce7414b462681a0faef43de0a58b7b29e7b9cedd5529c727524ac
40,160,1.1224710941314697,3.573383997543715,3.5738251250004396,121527f308f94ad8b2cd3068b0da077e00f665448bd9e44793e0050c0d2bfb88
41,164,1.064298391342163,3.6636754135834053,3.6641256670700386,3f881afb30451eba7dde696504fc96c60994481928b195dcbe22e2283444962c
42,168,1.072437047958374,3.7529812045395374,3.7534430840751156,a39e10d61cb6a11a932ac5f76b49e6a45dca3a08d7acac29166f2e28285b7641
43,172,1.0923064947128296,3.8422586205415428,3.8427298750029877,95683f75598593570c289e0336e6143224ac7edc59e5fa9a4a2a7c1e39e60b26
44,176,1.0501271486282349,3.9318354956340045,3.932323459070176,1647ce157c61f33a47625573d2396806a481a5c56ee1e62ad1b45ca0ecc4b8fd
45,180,1.0241233110427856,4.0216315786819905,4.022129334043711,77bb54c4d1740ea8028271c9c5d2dea2237c0ff62c7156adeb24c4d801fa40d1
46,184,0.9919509291648865,4.11130287067499,4.111810500035062,63c0e3000ef537acc4db918769efdaef0e94e921f139e7edf4cc301cd7e1795e
47,188,1.0028841495513916,4.202608078718185,4.203127000015229,1687921dd1d128b7fa9824dc6b5c8e6419aac00b2a30ebd02d9f663805082f50
48,192,1.0432173013687134,4.2939562037354335,4.294488333980553,54db190a8619924c61e1c27f1628cf1b55a3c6ae957c07affb8c60297e054443
49,196,0.9848941564559937,4.387094536679797,4.387639667023905,f4dff69d38493ec4759e1b306592247211651098af042571f03333c441c6679c
50,200,1.04951012134552,4.474710703711025,4.475269083981402,e728d853db486b538d1cdb3dc99220c8805fcc42b8174c1f754e10d3961ac3b2
51,204,1.0020042657852173,4.564531828626059,4.565102334017865,ea6b68a50b4f3e9889cb5fbc856aeb07c5380a662f736444e26ad1c984ec202b
52,208,0.9718003869056702,4.653506287606433,4.654088792041875,a3bdb8e9050b26fd3c1451261aaf942cdcfb29bed790020883232b5324e5b2b7
53,212,1.0250918865203857,4.741925703594461,4.74251962499693,201c9b20d55ac39300c7f2c53e6ecfb48dcc05191261737a121a261404a965ab
54,216,1.0675231218338013,4.832017995533533,4.832621584064327,a1de3ed85555235260332413d39c2b0bbdc51c40a85411a81d9bb71cd0199596
55,220,0.9140060544013977,4.920992745552212,4.921605792012997,3b6443ca909dc55e07d07b19396125a3ac534448b630b9dcad1cbbaf810734b8
56,224,0.9310824275016785,5.010517954477109,5.011141334078275,0c697da869ef5b651ec10c7d8c16316a437c9b88627fec0d414ae1227cdbe710
57,228,1.0003349781036377,5.097514288499951,5.098149124998599,7f1b1527eb50b03b7418cdd7e7bed3b157d5d033f549675a4149ce4c8a212358
58,232,1.0371623039245605,5.185248038498685,5.185894584050402,eb30bc801950bbed5226bd42891468ece6ad3e8c444b0e4048ef1b763d7d00bb
59,236,0.9167281985282898,5.273230746504851,5.27388645906467,0e43db33311cd765512bfdf02f6a4c36bb64233decf0bf572bcb5a74fbc7969c
60,240,0.9454917907714844,5.37480107950978,5.375467209029011,3c2bc53d82eaa76a94917910f92430fc8f1c207723e281f46b08d65bfabcdcd4
61,244,0.8995592594146729,5.463201538543217,5.463880334049463,84b88d5af8447fbd6003dbcdbe70981b53b767a1b49402fc30094b85ee178e8c
62,248,0.9206817150115967,5.552965038572438,5.553656875039451,55f9b38e7ec51f331945ef10db16ae061bdbb32217d986dbecd33dfe609ec062
63,252,0.9188332557678223,5.640569038572721,5.64127195905894,8b3000c110de5dc4db4f01b56271e034b0b9d816ded906e93dd0f3b417ff4a1d
64,256,0.9566508531570435,5.728085996583104,5.728798708994873,e1ee87adca71f125fa88bdf9b3b1e578097bd2650275b7e9fd457e68f2b1a475
65,260,0.9860287308692932,5.817708413582295,5.818434167071246,4c3d10e03088e9bd9ecbab7d8ca730887ec961dfd92cf5c3d06492d3d42654c1
66,264,0.9644639492034912,5.903267746674828,5.904005500022322,8d552308d975f682e2cf5c8f2dcf87a6e4323e4df5ffb63a2e1f4818be06e707
67,268,1.0144445896148682,5.989382121711969,5.990129000041634,99a92004e51993089bbac12f28d402175dccded013f5784fc0234cef4e77ca94
68,272,0.8307191133499146,6.077297329669818,6.0780528750037774,064ad4535176018c4ccfa803d146ca9ff642502a28929ef7d89bb346d53c6415
69,276,0.8097067475318909,6.163767413701862,6.164532750030048,09da8bcfe519bf018e541cb5b6e264a1f8adac73be5cd965b4b3452da1519b39
70,280,0.9763723611831665,6.25224778871052,6.253022000077181,9e3c373bf71c8c3a7a0999e3be740a9a84cd9f415cb2dbc1902afd6630fb3a2a
71,284,0.8668959140777588,6.347728038672358,6.348512417054735,bec1c9438281959b1098c1821b8a9e38773ee072912ff6e7857ed4f9d5cd81ef
72,288,0.8267771601676941,6.43585941370111,6.436653750017285,500a2cb5278728d61f3f6e29d052a12bc8ba54d657ee4694dcba87faaa9ae76f
73,292,0.8481659293174744,6.526162788737565,6.526968959020451,7a1d3c765729f6855b8e1f5c67af651d84486cc7b2118a78e930b41e387ed9ce
74,296,0.7763920426368713,6.613827163702808,6.614643084001727,b76819eaf9456c3fd5731576c3a6c5de3d18b7b36a2d2554d7002f18a31061f9
75,300,0.7856559157371521,6.701911871670745,6.702743917005137,a50f6f4433c24b39d85f6c20676db94b124e6c229dddab1b0abf1d1f1d4b1bb1
76,304,0.7916924953460693,6.79220558074303,6.7930480419890955,9eef364465c0dc9a471cf6999493a30dbe52c709d5e7d81f3fc37e889c68191b
77,308,0.7931780815124512,6.880011455737986,6.880863250000402,4c86a7981b1fdbf3ec04a0414ac2090f1faa5cfa07b2c6e0af2efa4bc16a3980
78,312,0.861453115940094,6.968224871670827,6.969086708966643,ea6c1909024b84d694f7b1939646be739bcb81143d3f4e43ecb1c3150a5e4c46
79,316,0.7377815842628479,7.055933954659849,7.056805417058058,4d75367f26bc91960c8fc12c2c954242a3db505be43bf91a183256b7281fe570
80,320,0.7819549441337585,7.145256371702999,7.14613858400844,0906a630da53ecbcdc103bad6e37246b9416fff70e737ae21a6054ad8da45a5b
81,324,0.8103818297386169,7.237772121676244,7.238663958967663,7ed33d8c91bd6b2e5910724a018d8e689a865555df0e6ebf15460ec20e7e7150
82,328,0.6630679368972778,7.336970954667777,7.337872875039466,1ad429ce55895ee56ae2a60128920d394d1809edd819457ba99a813b98192e3f
83,332,0.8536396622657776,7.42629466264043,7.42720958404243,8467dadf9609bafc16800dc34d072ece1519a11fe08103c402dcf5637186785b
84,336,0.6308333873748779,7.515735662658699,7.5166634999914095,d40011ac2c6ce1c8cfc7066e08e3b16a1cd844f09ff03b87841c0a86d8730aa5
85,340,0.6362510919570923,7.604637870681472,7.605576334055513,1430c581d9408f0c65fb086927b6d59e1693dbf24e6cb5fb5358ccb32e3a5b94
86,344,0.8483045101165771,7.693409328698181,7.694357709027827,0fa0b6fa85a482c413d8e98f8928d92f5a2ce99c5066e8777c9ba050458bbd82
87,348,0.6171631217002869,7.781443453626707,7.782401834032498,539953b5a70290744557fcdf171c4ee4353e8e25a8026cc14ef49561e072eabc
88,352,0.6307000517845154,7.8718250365927815,7.872794000082649,0b2f9c13701ebf774d0e7c065bce079233b64d0c36912a52b541031ee72097a8
89,356,0.5096948742866516,7.96073961968068,7.961717708967626,4a8f81368d41acceb87f4f797df5af7fcccecad5df9b2cafdcc71357fa149c2b
90,360,0.5407317876815796,8.049811494653113,8.050796834053472,64be2d0ccf33daa67d126c429f201cd60f32ce39fba595c93b2f082534674b79
91,364,0.7319155931472778,8.137728744652122,8.138723834068514,e45c1493025bf87985c3e6b312b3d310a47e2b397b71b4c07c74da2c625377a8
92,368,0.6044723987579346,8.224597453605384,8.225603834027424,053853049247d53fee5494089499a3a90e4a04119e2d3ee6329b0b8c28988687
93,372,0.6597731113433838,8.320893537602387,8.32190945907496,e43f8bf1ed83dfe0daf7923cc63941e6627aadfa42a344af2d6b3146a1f8967a
94,376,0.6043704152107239,8.408863203600049,8.409891917021014,113807df1b9963b1778e37dce6243f12c7383360d9027b103d8f7f8fd9dd84b3
95,380,0.7840920090675354,8.495595203596167,8.496632916969247,20da8a770788d07f38109e3cd57cc296422aad8eb7377e9838acea1fd34e3764
96,384,0.5328937768936157,8.58503116259817,8.586077874992043,91aecf632987942ad3613f78b278528e266b4024a7bd4185f6ff25d76250bf1f
97,388,0.5422216653823853,8.671935495571233,8.672993500018492,4408f9d56cc0510c46d0a19e5cbe0111b5d7b96186f5de382ce66206ce8c115b
98,392,0.5533491969108582,8.76078957959544,8.761858709040098,a598cbd0bb796491b8dfdf0bdaeefe448a1ca2082b7cbd25391213528ee8b7f9
99,396,0.5310772657394409,8.852051162510179,8.853129583992995,8725cf9cca9a7ed406d93f737cb6cc76efa16534c7d7c0202f9716037ef90345
100,400,0.5699989795684814,8.939261537510902,8.94034862506669,3b5ebb8330060d0e29e4300e8d8b691277d265bb7f624b72d564732a98ccbd8f
101,404,0.5137305855751038,9.029230120475404,9.030327334068716,9d656f6473629a3081c9a73ba7516f88804a8a52ad64dfb269906873920e3332
102,408,0.45362570881843567,9.118202162557282,9.119308458990417,005f76ffc5117910ef533c39d62ff9ad0386c9d4b717326835837c1a276eb568
103,412,0.5053808093070984,9.20817774545867,9.209293417050503,3f671443c3ac37a3e241095e74a95fad1a8e8b840a6e69e40dfe08e88cb11e93
104,416,0.434745728969574,9.301168328383937,9.302295209025033,b7251da993c191e9bdc1b35062c51cb88d54115741ec976b0d014c732f3b83fe
105,420,0.7558250427246094,9.396572953439318,9.397712667007,88743f8aee55fedbab900d54a9bc38bb1288cde1b623d367eeef2ad6f91fa79d
106,424,0.7024984359741211,9.486952995415777,9.488102375064045,0676170cf0920e716355454f8e3855ebbaac5f587ef344e93c3eacebe511851f
107,428,0.4850923418998718,9.578189203399234,9.579350291984156,4ad1c2224fde8e12d674615c0715c84b870147d71ae682fc0f32b9f827f5d654
108,432,0.6825109124183655,9.66846270347014,9.669633500045165,a7489bd031e20421738bfe111f36bfa25d8ad0029ae089dee0c5621ba22d5ee6
109,436,0.8291122913360596,9.757085119490512,9.758265292039141,54b5593baf4555da99b36a2f8c4591924ed64ea2935efc9e5608c9a4f6236c8a
110,440,0.6049509048461914,9.850854494492523,9.852044209023006,7440ef7aa7341c796196891db0a9bdc3808a63f3b7c08ea5e78d5f0f5045b1f2
111,444,0.53590989112854,9.942088577430695,9.943287917063572,b4f72e232dbb12b506489e8eae9c0049c8d6de2625e7d096cae13c6f5e1a24e1
112,448,0.54676753282547,10.029744744417258,10.030958542018197,1fb356ee0df1a8584d4847675587d14168013a0017574d4f3769ee5cf522269f
113,452,0.5376557111740112,10.117025286424905,10.11825141706504,50d8c80ab461559d0db3b75017f341a07f917ec2c9e32ade25661b6821449e59
114,456,0.4811880588531494,10.204435078427196,10.205670666997321,92e363f7de2c07db7cacd7a1e80cd53e6afa91b05c4ce047be5a12a627543f2f
115,460,0.6463546752929688,10.295213411329314,10.296459250035696,39be2b0097d129c7fbe36bd4bf371ab4ba23fbeb4c1f23abb9465a86a08cd7af
116,464,0.6402050852775574,10.391053036320955,10.392309291986749,08eefae79ea5e315029ff4ccd53d88d0282c00091004502645f253c637a51d26
117,468,0.5814287662506104,10.478899119305424,10.480164500069804,29e39b14c1bc35c1c4328fb03c193b723e750eb36c2ec19827761660c1a564c1
118,472,0.4417375922203064,10.567190494271927,10.568465167074464,ffccfea259215e022b8a4e3c94ad589e457c7580c3828e98a9656ad1f071b795
119,476,0.6934833526611328,10.65451745223254,10.655803499976173,0e32caf6f0a16a42557b341fd92185e409c7de9b4fe1346f06dfb7e024237ed9
120,480,0.5161030292510986,10.742603619233705,10.743900374975055,efb7e42355ce0b4f8117ebaac248617bde4fbbd374fe188f419598deeaac30f2
121,484,0.527673065662384,10.8315752443159,10.832882250077091,83b8e74ef70ce2e6411fa984e3a7fd80ed8ad18987a0be27a8a54527dd5c663a
122,488,0.4841424822807312,10.919877202250063,10.921197167015634,6921a61a608e5a78411ee0516a69a83edab3adc044ec5b825f717b6806e03cb6
123,492,0.6556079387664795,11.007557243225165,11.00888791703619,94dddbb8c89ea90eb2d4f730783e723c340f712220b45a4e1788b00a03a02f45
124,496,0.5286213755607605,11.095006952178665,11.096347625018097,cf071828d43f580737a7248ba3c78c484e638629a15f486d1e8678116eb3d758
125,500,0.5148639678955078,11.182927368208766,11.184276874992065,988160e7608dd9f88666d748a9dcff5f2d90ab43f8cacad200e5b0d7e4362e22
126,504,0.5524247288703918,11.270599160226993,11.271957791992463,44b8a16123e5a7631058acc0366d95c2e2b6e5923034290d4ab6914e9918a4c3
127,508,0.5844436287879944,11.369378077215515,11.37074670905713,b10eb4685b03ebdc314c8207f532dc5b9385200f6dc9075afab8a5103d78d5d9
128,512,0.47944769263267517,11.458268452202901,11.459646375034936,54fd79ff40c3b23be73e93cd04310d37f9399b4a480a275e2b581f6e0adb25e7
129,516,0.661470890045166,11.551106619182974,24.348101958981715,9fe1fec3df23c755a8932256b905915ea1c597135b90bc8a31b060a5752e9410
130,520,0.38990578055381775,11.641196994110942,24.438208125066012,3c99a36c298610ceebadba42e6d1ba2aa515322563b0d0b14ab67cf64cfd5eef
131,524,0.44416216015815735,11.726961494074203,24.523985792067833,dbf5cfe0c6da7dea025af871c6b1d2bdb8c4234e00ede71be78c1c9be586b11e
132,528,0.6097710728645325,11.816531828022562,24.61356941703707,36afd9c62497102cb278e532cc0e6f776c72c825761d45f9a64d3194a3332f2b
133,532,0.7375993132591248,11.904645452974364,24.701695666997693,e59a11c609922d8b28538dda6f5bc58a5c07a5c9b59b9cb90c5b59cf6a212bbe
134,536,0.49728214740753174,11.992738411063328,24.789800542057492,0ec4e207ac91f1c693fbbd9ff6e4b4af135dc381c6364880d98b0cab43f99740
135,540,0.44862255454063416,12.079684620141052,24.876757584046572,cb570454dd4b6ae47a3fe269ff5574705808a04fdb5a6fecf705a05d47757ba8
136,544,0.6036254167556763,12.167558703105897,24.964642749982886,9f7f7bab12a9027277ca7dbc34d7952483e2429205d3cbd6ab1315cea16e39de
137,548,0.549858033657074,12.256703870138153,25.053799125016667,601d9c310a009331cd90d74ba7f5768288b84e598d6f942da8430995d9b55df8
138,552,0.5334369540214539,12.346367328078486,25.14347408397589,22d629c25054d72066bcef315e49993fe40c993fb5991631abd0465a57a0bf22
139,556,0.820909321308136,12.437194203143008,25.234310709056444,07aae941f2547c13f05df3eff3fcb0d01c9da8c3040f97d905c85984c0b304c6
140,560,0.49851319193840027,12.53911824512761,25.33624554204289,cf116c17214281e3ce867574e3d90266c5c65f4bffecb538dbd757c2691b4c37
141,564,0.684251070022583,12.629201662144624,25.426338709075935,eee76829d1fcf2b566962e94522c9ec454894808a51bebbc55f37c1b0f5135ed
142,568,0.5989554524421692,12.718702495098114,25.515851292060688,e88d9465338c7bc8b905a0f040517cc4b0a0ae656ef42c76becc60c7e0c9ee8a
143,572,0.4789929687976837,12.808578954078257,25.60574024997186,39b688365356ebd937a98ddc0d788a8b592760decd39d19b8d017e05d34a2714
144,576,0.8559839725494385,12.897374412161298,25.694545667036436,ccce7d52c33b7a60ffc3d010a0c4012121e6af9f97623672a9de4e9cc6678924
145,580,0.4784409999847412,12.987841996131465,25.785023875068873,ac75d08f2e8921f54dd0146aa3014b06459ee8e26ef48e35e532cf4b6aafa373
146,584,0.5655863881111145,13.075840996112674,25.873032709001563,b2b9f3818179b263bdebbca5804b5ae1888432d0b0b47eb43342feb7057b05a0
147,588,0.7498812079429626,13.164470996125601,25.96167179197073,9bca8d8a0dae4ab9621e3afcea976d0ad0b411408a8f067d5253c87aa6f273d0
148,592,0.48441773653030396,13.255522496066988,26.052732791984454,b134490337378da3a6e6a409229f55914f24ddd6f1438285304fd92ae46cd0fe
149,596,0.5064732432365417,13.345800705021247,26.14302504202351,c0ec28cc2b13bd5c3084c65fd715403354e8bd72443c618105fc5526fe7887af
150,600,0.5257212519645691,13.434718580101617,26.23195562500041,e7320014db0b429c1c7130331dd3a733ef40183a239a7f9f7547d67d038927c2
151,604,0.48853686451911926,13.536564622074366,26.333811375079677,51f67d54fffe9d8c61dd048c209258e83e794c1318365d5b19628dec4c4a78c7
152,608,0.5254691243171692,13.623924787971191,26.42118325002957,fd5c14431f270fac6715b6d7dc219111097a40799146197b379adb772ae6f8fa
153,612,0.7206277847290039,13.712587120942771,26.509857667027973,0b1dace627b93789e06817d32f2e6cbc4833f756b8b4a871557bef208bb85270
154,616,0.583446204662323,13.803159454953857,26.600439958972856,9ce1858c84c1b85d9c3bc7207fbf1253b6d3a7ce67ec2b09e44866fb0aee22b4
155,620,0.437840074300766,13.891041288967244,26.68833320902195,6b7b615fa1be3eaae9ba77467de0bccaa2448b1f935a5fc71565e96bc810633f
156,624,0.44758424162864685,13.979381746961735,26.776686417055316,9a5a3f453df6b3b517991dd45b5b0b9253e56974e27275a7c723bf9a69e03159
157,628,0.42593586444854736,14.06704557989724,26.864360374980606,aa17b14fc5052497cbdb4cd68e95d1da04862919cd7494c753e81c84b20cdca2
158,632,0.507764995098114,14.155359413824044,26.95268412504811,ef5e3dbd3e7a5cfa02abcf6b0da3765806c21356db4ba3dbd03e3e462e5608fd
159,636,0.6624277234077454,14.244651705841534,27.041988417040557,6a531dbc2371355cb85b51db376d0df7565a85b55dabccca11e32afa75bdca2c
160,640,0.5301207304000854,14.332405122811906,27.12975137506146,32babc31a34b74c8f14cf296fb5cbaa2ce972bea04d9cd992c83abbd2eb2c5e1
161,644,0.3767133057117462,14.421848997822963,27.21920862502884,0baa55eec6221ce41b2546ab440a72663e175dbf8d77f92a23e29d2f8ef0d518
162,648,0.4345036745071411,14.517753747757524,27.315125541994348,d322b8035f068cc4c49fc60d95a94f95ff7232ccaad56daf39e879728b966598
163,652,0.5437338352203369,14.610116956755519,27.40749820903875,f92f7e0a77af48f961f8f729ab5908f6e2160674a31d70f6ad983044723cf24d
164,656,0.5336365103721619,14.6992276647361,27.496619625017047,fad540ac99acded8f3679f061b64eb8d80f00a055dd59878944f591e26b744a2
165,660,0.41499850153923035,14.788771539693698,27.58617145905737,b9365aeb17530ad7a142f2a4150c464eb9bd36c70beb02892a136be8b7b38392
166,664,0.5563775300979614,14.876330039696768,27.673739499994554,5a90deaff659e9f4c7358fe94fb4fa549d3b263c412f7e349017801038cba8b2
167,668,0.6043437123298645,14.963636123691685,27.76105762505904,cebafff16b8b6e38b18d6cce05c3200784e02c53d56e8ca33b19f58d62380f4e
168,672,0.396454781293869,15.04974833165761,27.847180292010307,6da3ab4f803ea7d23a8c3ed060262ac77ce8064793ca9fc05d695a92212e34dc
169,676,0.4593215882778168,15.138232039636932,27.935674750013277,50ccff6bbee59a83bfdc441945ecc2e6deace1ef0e87967ec88516679ab6ce08
170,680,0.5674890279769897,15.226633706595749,28.024087292025797,2354e5666169e82346748715de62ba9ce2483ef8851662022467d898d87f1e1d
171,684,0.5748458504676819,15.315912706661038,28.11337491706945,ab0bae2d2513ecf1c78e4eed5466f5bd4611411270ce610c2661a82168ec65bb
172,688,0.6586698889732361,15.403399998671375,28.200871292036027,4b3c948afd68270fc0f26c2b4b1581b1c7300b9515ecba1de5e81d490ee71272
173,692,0.42583975195884705,15.495707915630192,28.293188167037442,87d0f78aab2b5f28703f2983df5ce2a89884a1b3d234c741a07038f22866ce5b
174,696,0.4810197353363037,15.589700915617868,28.38719383405987,0a815c50754fdacc65cf1c76591d8e5aefe1872b3ab60988f2504dfa86c7ca5f
175,700,0.5416237711906433,15.679448249633424,28.476951542077586,9ac0787de797973dd68d499975415eefb76e7798f4c14f6fc8494d28487ddd37
176,704,0.5957897901535034,15.767847499693744,28.56536187499296,c578fd3652b6aa0dc96f71b63c5c25afc7891f227b3b20ec7eadb066a2334a5e
177,708,0.44818004965782166,15.857132833683863,28.654656667029485,e874f7c07cd3efbcb793f3b0d8be6fa072ada9c8fd2020fa17ac7e2174e14345
178,712,0.3966601490974426,15.944398000719957,28.741931084077805,506ff20da318cc77ac41692b2fb5b1348bd6d1a01a59b19fe186ddd1f921faa6
179,716,0.4063922166824341,16.03432008367963,28.831861792015843,4eead9036fe8b1fb112c1934513634af96ecccf7355862fd3579d6055a61c00c
180,720,0.45895490050315857,16.122978041763417,28.920528042013757,bc4a816b8a44ab004b97c1f1f278c7dc931d664dbf0752647cf82476c23acf6e
181,724,0.435041218996048,16.212969041778706,29.010529250022955,d6ee8e8e0d01042c75c071278cdfc90498f6d23ef386343f50c37f5d939bf652
182,728,0.39936742186546326,16.299522791756317,29.097092167008668,ab2106fcdd3cdbfcd0ca5437554c23267bbb52fbbb0eb82280ce516579130e36
183,732,0.5828046202659607,16.38911462482065,29.186697417055257,6aaf009a2ddb568bd2115454644d3b456221573e01777a30a1bb7bb9be86c563
184,736,0.5923615097999573,16.478857124922797,29.276452084071934,322e1972e949d7276805843ef2f23bffd1f0ca4f7e1d387404b13e7882cc7714
185,740,0.7127047181129456,16.58399383292999,29.381599334068596,faff3694d8914bbfaa537cd0a79050c9077a1fccc1a2de1c6ebf5687ced62bef
186,744,0.6202212572097778,16.67488816694822,29.47250429203268,e74e05bca577e65391727389f696351530f4b9f1ea9ae48dd84daf1c7c5f098c
187,748,0.4159969091415405,16.763190416968428,29.56081737508066,cabc7d001e5722481d98cd9f10c2cc1d13a33b4d93d086629af90b209d23cd6e
188,752,0.5430698394775391,16.852436458924785,29.650077417027205,d7296ee9d84a683c7e05af1b8a338fe66d583e182bb4e77914963a0d4ddc15c4
189,756,0.593488872051239,16.942890499834903,29.74054354208056,6471c6243ea890f3b40614aef34ccb8f14bd71a2e2cbe3e39b423b06ddc05280
190,760,0.4769381284713745,17.03328445891384,29.830949792056344,53a169ce25ecea5d77ff958fb2e28b362fabe1a4ff940c0d7e96bb663e447c20
191,764,0.4355067014694214,17.123344917898066,29.92102062504273,c912da367a6ab21b9cfd4a6a6b392f9c0258b4d46009031511aa67b056d82060
192,768,0.9240815043449402,17.21278854284901,30.010474125039764,b4929b67a0e584f54d7587e61a29dd17a13720be73dce2f4edb52506a3df7b51
193,772,0.4924395680427551,17.30305666779168,30.100750792073086,5b80ebb004fe524c26df079e15cc57d6a16cec42904ce504162fbcb2e3f0321b
194,776,0.45315372943878174,17.392659750767052,30.190363125060685,1528bd71bba4c0cc69589be7cb66fba35dc209af3b42710228bfb618b05ec870
195,780,0.5666785836219788,17.48080362577457,30.278517583967187,5ed3450e5e98b1ab4d52d68dabbfe6cef8bd2e2d08f017a9591a56f836d03e0c
196,784,0.4556833803653717,17.580687917768955,30.378411459038034,e5b6266c71a2334e6d8125e781dafadc11b49e309927f4fc208597a9a62db7bc
197,788,0.40913358330726624,17.669584584771655,30.467320166993886,bc6f3bf5decea635e57e561123d2098487a4db80866bbbb520587bbee1d23e37
198,792,0.5421023368835449,17.7589757097885,30.55672112503089,45fb88d165617b8ea9ba7a0eeccafd90e04798a4c48ff993bb174247117d8fb7
199,796,0.424620658159256,17.846344084711745,30.644099084078334,6b2586baec02b70c06119d86f350ae5dc41b5235782053be2d163d80c0e693e2
200,800,0.4055898189544678,17.934243918629363,30.732007000013255,628a770ca4d4f07af2e6da17139c5fe796973c2085565e64335dffec0af6710c
201,804,0.6891556978225708,18.02124283462763,30.819015208981,0431333795e607fd65261ff61f23db9ddfa4d97c471bc6b0d39b411c41877e73
202,808,0.4669691026210785,18.110905417590402,30.90868724999018,bac89e7e7da21fa7b96b3d299104bd326b3f679f087f8bb2e6dcdc53784653b0
203,812,0.5073633790016174,18.19925987557508,30.99705091700889,4d272023606cd4d62860c642de92e2fc3fb58d231b610a5b0e7067c081b6674e
204,816,0.7528998851776123,18.285019750590436,31.08281920896843,e29c56643ce46d8455609e1be593fdd2bf38a2461a8f6b98beb768d7d3a8ab45
205,820,0.42937615513801575,18.373046875582077,31.170856917044148,eafd89763731231d65df3ea2ac9676086bf3e080168e401d60cc97a583d94403
206,824,0.3870234191417694,18.460942834615707,31.25876466697082,630afa665369923dc7f84c60bcbaaa60d16d28726393eea790d3fefcb306bc23
207,828,0.4508388638496399,18.55950004258193,31.357331834034994,c8af83b464c966c0f57e5078e894ca938b0f88359512a7f55e0cd346a1b75ad5
208,832,0.3163039982318878,18.647147042676806,31.4449893750716,95134339d61a91554e5149d9e6890bfa53cdc14b7861bac5409a8f90a9df038c
209,836,0.7218355536460876,18.73466800164897,31.53252104204148,fc9e9e5d6f87bbb2847c7fe23e7ccab1f1b666d05b117f707ecd7a8e4313a6c6
210,840,0.3550945222377777,18.822505626594648,31.620367416995578,d9e5bba953857127c995426115ff2407cbf6d3d22bbc2eeef2080144f71bb2c5
211,844,0.5688297152519226,18.910492376657203,31.708362167002633,1356c099d4a8cc5c9d762fe7dfc6b02c63e6281bdd1cba9ca954f5bf50c6ac4d
212,848,0.3776080310344696,18.999823126592673,31.79770220897626,7789b234ba1f76fc9058e24a01209273945b3bdcdc536d01f6bf66b8f7ccc1f4
213,852,0.5615384578704834,19.09163433453068,31.88952245900873,fef2de12f05ce103428984d75d415b4a00c222db39acb5fab93cef2c5954f26c
214,856,0.40614885091781616,19.18024833453819,31.978146000066772,d0d2b24b1c41c0151a2ea849c3de17c5c4e7075ad0898ddf3d4d0989eec2e319
215,860,0.474448561668396,19.268649209523574,32.066559041966684,0d33b3cd88191a94e40cd4e25b7354ac97a8ffde3a1a973ff3944f3644094e5a
216,864,0.34778323769569397,19.35840420948807,32.15632245899178,cf42dac31bb34abff52191a05f1849df494f709604158a9431f9bdb5e209a01d
217,868,0.5270106792449951,19.447994793532416,32.24592404207215,64d214178dff0f826cd540c1971c78ca6e6ea76364587c78d4313b13876595e8
218,872,0.49605363607406616,19.541233626543544,32.33917345898226,999b850316edcdfa2bb384c930950d9ca22367ff8219c5dccd5bc9f99ffcf8e3
219,876,0.5434795022010803,19.62943383550737,32.42738400003873,6ca1bee8de3805bb1816a9762a41a74ca9c3c56dff0cd28408563cf170d6d2fc
220,880,0.5250357985496521,19.719305418548174,32.51726845907979,88c8c4bc5d9b30e21efccc750360a763e6688bd6310f56cbc812aa0a7243cc2b
221,884,0.8680377006530762,19.814335293485783,32.612309667048976,05c30d3f19607368707072d3c9755348c226b96137d5c9362b2486bbe33c50ea
222,888,0.5033307671546936,19.905541751533747,32.70352970901877,5dbe02aee21c92321ce754bcfd83566f1cdd7d3124e2eec515ba45329eb35f5a
223,892,0.36040958762168884,20.020558251533657,32.81855974998325,30d8fee364042494332b3b984238c3c7ed90308c06acb4579ce268c0edb11a6f
224,896,0.43301519751548767,20.10523958457634,32.903255000011995,03bda5765755f017b151562b520dca7000353980c7842971786948cbb2969270
225,900,0.5784207582473755,20.20722062664572,33.005251083988696,7b8d9fbe25c83e5ca2a5450a42f6e46cbab627cafd8ee5beebf0f23523300508
226,904,0.42884132266044617,20.30199183570221,33.100037417025305,109e305074d8de2381c4490ec8b42bd468b722234fa1465f64c4f81c85e70b2a
227,908,0.4062376320362091,20.392568210721947,33.1906279589748,d27dddc82f79bcac5f3b2a7b341115b96eef7baf676bda0af9392de8bf63c0f1
228,912,0.39801225066185,20.48218554374762,33.2802562500583,cb5ded7b550e670c858230d10ce3cc2973c145bb507ba027d748f1582d571d1a
229,916,0.4723387360572815,20.584977543679997,33.38306100002956,eac7165ff665ac3e7c0c71a2ed86bca8f948c205442e6638e6f66cb1c461a836
230,920,0.44130825996398926,20.674513585749082,33.47261008399073,feca5fa40ce387ef9244b450d28b46105a0b9f6317be706f7a759fb4bed0f715
231,924,0.3205547034740448,20.76367058570031,33.56178008404095,c201e91dd424368b06b989675f425bb40de19dedd70cdc8702da3b561668a19d
232,928,0.4524143636226654,20.854815127677284,33.6529362089932,2ee16919a2361d969f2b79373036658cb701ddbcc312fb1d9a8c2649d09f3b9d
233,932,0.5607942342758179,20.9457324197283,33.74386504199356,293729436b84e03ebe47cc6f456df6756bf15e842b4963a7f9ad0ae030d4eb31
234,936,0.6108760833740234,21.040971502661705,33.839116833987646,d01d023bd0a12f7828fd5da492c92fa627f6ffd55cdf1628ca6b5ee42595e2d5
235,940,0.408072829246521,21.130626752623357,33.92878254200332,f650da4f7bd747893e6e6e0e2640537e5259e69d6df5df0b30e23ec18922d861
236,944,0.4503222703933716,21.218735043657944,34.01690258400049,82758606ff9bd16e8cea0e078f34653f6631d2ae88ff6917b1c2c0177b6d1068
237,948,0.3355565667152405,21.306796376709826,34.10497524996754,2e08b257d53ac4057b190ebaa262d5188b1c9d0e9cd64622b52f04ca0b3aad60
238,952,0.38471105694770813,21.39501320978161,34.19320320896804,c8f10e5604e5d1c05859a3cb2aed015ce32f6451af60c4ae3f34e16fdfd4a619
239,956,0.4733226001262665,21.483020501793362,34.281219791970216,8f82f2f8608bdd0ad9628c8495e555aa5fdae4ea0313de918d4178dda18aa6b2
240,960,0.38721275329589844,21.579085251898505,34.377296834019944,9cb1e362e313ed81815c72539c9837dbe3d3dfa2ebca4ec70b4d6fd0041e5fd9
241,964,0.45754194259643555,21.665954252006486,34.46419195900671,57d7e55ce6e92cf6cd66b6136837c1eb2e039e93ffac5a62e854d8ee407ee737
242,968,0.5519430637359619,21.75428179302253,34.55253012501635,23f553570188f26a32d66ad27ff147f3d2ef10ca6594938f44b7630e191ae5b2
243,972,0.37854400277137756,21.84161679306999,34.63987645902671,8aec8e070144244eb5fd6dfae2ffa229f2a32ff42866cffc703a6737c90f0449
244,976,0.35851022601127625,21.9285158761777,34.72678645898122,aed96cad3d6a7a42521f3f82a521404f4e0fcaf82c52465daf8154aa4971b4b9
245,980,0.4648357927799225,22.022953209117986,34.82123566698283,5448dfa73cc1adfc9b2a510fdbd77ff7af7c08ea7c2083b9024b2bc437cc35fe
246,984,0.35180291533470154,22.111848959117197,34.91014225000981,a497b481f7f7e8e7f873d4a6d6bf8150ea28585695c63a24335d8389bcd2918e
247,988,0.33310529589653015,22.201422251178883,34.999726917012595,f98328ce61ec3df0298198ee75bb5cfcd14e706754634cb5c93d30c3e2a6cd95
248,992,0.35958489775657654,22.28924312617164,35.08755891700275,7a0c00bc011136f2857b7089d0d0f8ad71caef23dcf6520864facbae1b6d6817
249,996,0.5115189552307129,22.377720668213442,35.176049959030934,fba1c1d2ad3862d4fbbc9d534b92272ef702def8c53c1f08f00b0265c9b413d0
250,1000,0.5089638829231262,22.46519946027547,35.263542250031605,1f26d84b2ad154d5e4b8191034c0a0a2b039de61224443917abc1af14ba9ddaf
251,1004,0.4753243327140808,22.565359168336727,35.36371329205576,bbfa08139567abf9c803f6fa9de7717473bcf8148f1cdc349965e8c4512894c0
252,1008,0.5753434300422668,22.655565085355192,35.45393154199701,a8b72260c79f9a4c4c6a4bb05f7435ddd19b21b20b0be95f5f73034c666b39ea
253,1012,0.4042621850967407,22.74887125135865,35.54724924999755,632fa02913fcc86f42a1d371a08751a09e583d85345c9525136b2afe992efb24
254,1016,0.5852005481719971,22.8377182102995,35.63610858400352,3dd17a2418381637fe73369ec1a27ebeb8b49df7f535fdc92b8c862b3ae70fca
255,1020,0.6775453090667725,22.926018043304794,35.724418041994795,5416312f208fffc24a441edd94ceee3e78c7a0d0916465596c4fd45a79271b66
256,1024,0.5959392786026001,23.01564741821494,35.81405691697728,1ba33a61e94c72bbbd885f28e5d247d081d90c2f027415a4ea74d1c248126e43
257,1028,0.39465567469596863,23.114365501212887,50.39354633400217,a0e9de287557b455b370450efb58c97b71728c6cd79d897b9c6f01897ca2492b
258,1032,0.42643705010414124,23.201168293249793,50.48036133404821,f34c5eace6d184ca336a7189e67b3ecddb3dd782406c907be849817acdeab64b
259,1036,0.49661287665367126,23.288183085271157,50.56738999998197,49a5b875622ed674ff7eb7bcae347c64ccba40e1d249f4b5a83e6f1e672efe0b
260,1040,0.35201627016067505,23.37893016822636,50.6581508340314,f9023c4f739b77f7d30db4c93a84b06d0f45044d2c4ef4ed842dc7cefe095af5
261,1044,0.49491238594055176,23.466076335287653,50.745311042061076,944c33ec0d15c46c8301bc20b8df9537e955ae2db2303deceb2cde3dfbd57898
262,1048,0.37035396695137024,23.561207293299958,50.84045229200274,910e8555a92d5f5be6626925fd867f7db65fc56551effd4213eb517e690f1147
263,1052,0.4444682002067566,23.650732210371643,50.92998825001996,3edb613a83b6ea7af41cc309e7c44e7daddb7b8484eb900c635b8dbb25a0f4d0
264,1056,0.5829952955245972,23.739559960435145,51.01882512506563,78f279270914dbfea506a652dc4d653cba001aef66a091de6f4ae197cf0bebc4
265,1060,0.511480987071991,23.827398960478604,51.10667562508024,be2eda2cc59c38f2672b8aba10155ad1ba7e871a2a745f43e712ad976aab2301
266,1064,0.35209521651268005,23.91828171047382,51.197569792042486,2364cad7d46e55f563f61e45f60d0d976025c307a5d7a292d3f729b0a7b31893
267,1068,0.896705150604248,24.00889471056871,51.28819562506396,70ade6d82e08252a985b4933d25a8f51f30375f6043d252b27882c248ad7a2f6
268,1072,0.4252559244632721,24.109335127519444,51.38864708400797,bcfea5db0378bf07c357a7db45f8ef2974164a4c234bd7cbb85c1682493ece2d
269,1076,0.3639166057109833,24.200171586475335,51.479495459003374,982f8076b575f9cc11764bc1c1ef28eff07340e9521771e51014e5be1c8ca628
270,1080,0.3517518937587738,24.289501586463302,51.56884041707963,0357636e9939972787b550914752d0ab39726b13020634b5bdbb676d2785b29f
271,1084,0.40756362676620483,24.37837008642964,51.657724375021644,f192ccaebe713bd418841b251c0720be2e2ffedbd19e533a5711606f51e71fcb
272,1088,0.5618728399276733,24.468084919382818,51.747451917035505,603eb6339b0ae8411ffdc3daa4397f4df94a5e427b4e6cec9b0590b157dc9e7f
273,1092,0.44161513447761536,24.565876877401024,51.84525554208085,1234913df8330693f22c9c1ddb12ce2a091d16646f11880c84acd0463b7a8213
274,1096,0.5799157619476318,24.654941877466626,51.93433333397843,618e126102f9b76edb89c98eda654a5d467f15d579819677356d6180067891b9
275,1100,0.477319598197937,24.744568460504524,52.023972459021024,49a7d7e88b767bc76490131e9daf7163fbfe1b2313e1722ed10cda72364208b6
276,1104,0.6710910201072693,24.835229168529622,52.114646499976516,dfff23d243389d38df4fe3aaa7d6b074f50cf43a4d02ec9853b3f49cd1534a0b
277,1108,0.466050922870636,24.923707835492678,52.20313608401921,cebff650005e90e9eccb6e740d6be62b76361ac4a52f3b3395335841b2800f1b
278,1112,0.8094121813774109,25.017460127477534,52.29689887503628,979c5ae859adfbea4fd9fdc22e893acc8b0b4595e5fac3c02b501ff07c42499f
279,1116,0.3903455436229706,25.11682116938755,52.396271917037666,042f514e60a73e6b62543ce5264ebda8a1419ac5509d8b09ca3b3dc85a9c3982
280,1120,0.3866477906703949,25.205601419438608,52.48506245901808,111ff81517899fcfd800d6e9506b09df83844f247dde9ef12e03e066785022b8
281,1124,0.384775310754776,25.29309825238306,52.5725690840045,b7b8a8a9a74e4a465b313d1f623f4fc2f3548085fbf080f40470d7a512749ec2
282,1128,0.5367063283920288,25.381561918416992,52.66104454197921,1aaa03cc8886db9699f67a6f814fe5e5c93535d673357a747380998242ec8882
283,1132,0.5433255434036255,25.471660585375503,52.75115500006359,41d38e6182865228c82d7294674257184a8d2c0f3e3c8933cda183555ab2e2c4
284,1136,0.48988038301467896,25.564880585297942,52.8443835839862,d5fb02c04caae231f2c36cad7967da4b790787224fe64ae2eb4c3bb3f192129d
285,1140,0.6232371926307678,25.65209116821643,52.93160300003365,6a836dd731fefbbb967650b5730f8740dea734716a31740b7b371799e9e49631
286,1144,0.3441145718097687,25.740454960265197,53.01997762499377,a094b400ea303b2007679064f52740e8eb7b38cc26ae6b2832e9d2bdcc456073
287,1148,0.674253523349762,25.829333710251376,53.10886808403302,da152301f9c3bf5b4403cd9d278690156cb3ee58c74a5ee150cb3abd28b1e90a
288,1152,0.5245950222015381,25.91737971024122,53.19692445907276,b14240b1fc427c92d47dd3977bc6461a0aa188a53ad3b33c3354d499f8aef90e
289,1156,0.5696195363998413,26.024417960317805,53.30397333402652,39caac721b6aa44a12e1ef7ddf3d7359387df03a36cf1c4ef563f7d6ff790cac
290,1160,0.5044902563095093,26.12124216835946,53.40081087499857,ca382fd9d970f16f7ff7d19bdb3fedd908f9ae85e520bd3f48f7cc669132b0a3
291,1164,0.44995784759521484,26.210937001393177,53.49051845900249,8c7f95c4e93e35d1e8d43233f335abcd355a92a31b4eea599948768db984e9a2
292,1168,0.4969436526298523,26.300433751312084,53.58002654206939,d317e8d0476c08d5c2bba00faac14f4864ec16b2637672711740c09cc90188ad
293,1172,0.4835028648376465,26.38900725124404,53.668609375017695,69dd935b71c27fa768eb1f84ba21fb24329772a13b7ef330b6f5a3597aa01a79
294,1176,0.36082538962364197,26.4762378341984,53.7558484589681,3e25ad55a24125636bc54f63ee5eae507ade121bc70cf1984ffd2a83cb8cb331
295,1180,0.5564610958099365,26.566031709196977,53.84565208398271,7b2d4882652e77c0f5f57a4df11965b9a741766256b721f5ad2268349f824712
296,1184,0.5911591053009033,26.65541725116782,53.93504762498196,7efbfdb773c1bd427b4f67bb4b70b5f5564679bbf5d9a95473c00adefd647590
297,1188,0.38023293018341064,26.74395787611138,54.02359833405353,ced2ddaadb902755b5d2cdbfbe5b74a2b45eb2bbe84ed1e21611340616fb3e67
298,1192,0.3434039056301117,26.831865876098163,54.11151445901487,454570026725b32d6492f65d2022901b11bac123b33322e893eb22ebe97b2212
299,1196,0.5430296659469604,26.919346251059324,54.19900308398064,04de7946700a5dced75897aec2da171bc8fc53552b9e0d0e0fd487a5f0a2d585
300,1200,0.41857659816741943,27.008651668089442,54.28831866697874,f85a431103e4dd3d92f4cafa6be9fc2eb9d7843d83ebe39efb54fe5a03f06da5
301,1204,0.5158298015594482,27.108020793180913,54.38770041707903,37487499e3f411606518c822e487ea39c5966ed1a288497b76be1671594dcb84
302,1208,0.5455415844917297,27.195905626169406,54.475596167030744,55000598a69ae4f2e8d3613089a1cf1544623afc2d4173f1370ab4fe740a0eb1
303,1212,0.6389525532722473,27.282410293235444,54.562111584004015,0e55f54c4153e7d6d6c157d55319a830e733716d3d638719e2ec2aa31b53a7f7
304,1216,0.47777995467185974,27.371106377220713,54.650819209055044,6fd8122d89de99ff3d08bee73ef36504942f59a39509ea07f80995ec10e9ca2e
305,1220,0.375090092420578,27.456883877166547,54.73660554201342,7a80ebe0da34c89b32d154bc534f5c829ed4b5baf656628bf376e5564aa4271c
306,1224,0.42058318853378296,27.55542104318738,54.83515300008003,0e34e8896abc042291b685273adb37a09b72ffe2748028370c85e674046335a5
307,1228,0.5495641231536865,27.644615585217252,54.92436120903585,1d7731bd6635f7468ba24898af4482367da37e6add148548a1f9a310557127d0
308,1232,0.41390442848205566,27.73072766920086,55.01048754202202,5846aedabad866c454149751f632445329aff2b3d675cde642f6a1058e03e90c
309,1236,0.4337078034877777,27.818070877227,55.09784091706388,1bf4da8c18ec0173b7d349c2cd259844c78361fa665d2492f8e1d53747473a22
310,1240,0.3809863328933716,27.905403293203562,55.18518462497741,32a10bef489e17383c08bc22211aaa0cbb128a798dcfbfa4b228dacfc031ca4c
311,1244,0.4632933735847473,27.99369341810234,55.27348683401942,5ab917cdf9c7cc9e4171fbf266dee1463cc6cf24c29ac433d6a53ee7868d6bda
312,1248,0.44872087240219116,28.09287850104738,55.37268116697669,520cb443b89720e5bc6fffb5a3ec20c9a3722b2168ddc02c0dce2f175ca10c8c
313,1252,0.6482896208763123,28.180483167991042,55.46029616706073,5a75a2d1223f9c1dbf6e0751e7e33c60b3753024e5b6b693d9a37334fcc5b660
314,1256,0.3962927758693695,28.267857626080513,55.547679000068456,e5f9e1f1d90aeb6d39850cc21b916cf77cf22789363731092f02a5e8f6e59149
315,1260,0.6180148720741272,28.354417834081687,55.63424949999899,6cb10dfe061aa68602cabb7e90df75673b7cf0090efdaaedce17cd39d8702163
316,1264,0.4736933410167694,28.441636709147133,55.72148037503939,480f9c816f3fca2e484ae2e9c951d7868bcc62525dd29d19eae5be31b772677d
317,1268,0.36214619874954224,28.52936216723174,55.80921754206065,7faf6f7f10a6f31badf0d222cc7b5881f86d4fe4285f77127c23db3d16f145de
318,1272,0.41544264554977417,28.6227063331753,55.90257279202342,60862c6349ebf05c41c0d16e86ccfbbd6c92bc014cba954a6dfd2e725b80c7c5
319,1276,0.31716763973236084,28.709858541144058,55.98973500006832,a4af844419a321de90c210ebe4c480b662e929f02fd209f6f29c00dbfda6221b
320,1280,0.3557905852794647,28.796195041155443,56.07608154206537,9f3d566959cd0257d12d43baf4d28f352aacb7c2997605ed4a110e662f3f58bd
321,1284,0.49832916259765625,28.88514841615688,56.16504391701892,706c5fcb4f28d063c52d8a805946ebda504108de82b4453e60ab15b2957d0093
322,1288,0.5751726031303406,28.974042082089,56.253948500030674,0579a55c6246bc93abe0b3d118833ec64e5880fe41f04f9dcebfff8d5b676d80
323,1292,0.44930437207221985,29.0673507071333,56.347269291989505,6b9398675b3ccc6c10f3afe27383fa709cfd80373cac1f1df5b27e6f8ab9e077
324,1296,0.3210504353046417,29.15457945712842,56.434510500053875,19ddbf344089fca326dd7caf69c28dbdb5a2753e9790556dadd480ebb86a86bf
325,1300,0.39888840913772583,29.24384095717687,56.52378308400512,c92548e33bd615f10eb9c6ba691b202a8fba9da6d9f32aa9152b8d2aedcbc5ea
326,1304,0.3744800090789795,29.331994790118188,56.61194691702258,447b5bce29c111441544f243dbca7af8c2ff9b1eea77028b20225c98e80fd079
327,1308,0.39370155334472656,29.41891141515225,56.69887320906855,27f230a62be9c9be80af32cac164f7b2c663874b4a7a7415b220381bc570a024
328,1312,0.5688470005989075,29.505520915146917,56.78549312497489,e3cee30275bf2826ad10437057bf336333c0189dff4bab608fb4e11d197bb648
329,1316,0.3521399199962616,29.60196029022336,56.88194154202938,fa22bfac4b795bdce565d4c9a96eb5759814f4471ed9c161bd250da7d914f6ee
330,1320,0.3666645884513855,29.687507207272574,56.96749716706108,267cfa03bdca685e866f0a2c2077198c506c3e7af2dfa42e7a1ee011ff154ac4
331,1324,0.6020278930664062,29.775574791245162,57.055573750054464,0c0ca67e49dd80c1c9ef1cc44225359d84a600f82ad0c1ce352596e5968abd96
332,1328,0.3931608498096466,29.86302245722618,57.14303137501702,86322d9f7c63323bd86317e19d6bd397883b39370ddb16228e22facf587504c6
333,1332,0.5021293759346008,29.951817999244668,57.231836959021166,c1ff8a9918af7c9047326100b42d0eb04fa160b0ff62f77f7945f4b4c8fec8ac
334,1336,0.394663542509079,30.04865437420085,57.32868412497919,1e35db1aca1f517fb37fa24eee498da592757b818544add169b27fa8b588e5c8
335,1340,0.31022921204566956,30.137311958125792,57.41735520900693,cfea6bceb6bee75fd56f8627ccfb46f49a261fd237860aa917008d8f1f1429b4
336,1344,0.41334325075149536,30.223759416141547,57.50381408398971,1f43db19160244e7857f7d874682b8cdda171dbc8b9f545cda199319755e731c
337,1348,0.6594555377960205,30.3124017912196,57.59246700000949,cbd31371f04a82c0e628aedff27f563f3b1dfe4196d3c2f2e1b7d1f111aa3387
338,1352,0.4347826838493347,30.399052874185145,57.67912962497212,bcd8f6500fdd449f80f1b3d851b2db87372e0368d7fa35b447e66128482e5748
339,1356,0.37791508436203003,30.488190958159976,57.768277666997164,1c2842f535fd09a654a7476ff186baad0762e7c6f3fe062157f2bae917dfa742
340,1360,0.7506837248802185,30.579612417146564,57.85970954201184,3459cc286d2cb3d9b3b29dbc882651722c6398e31543e87cca118081ba8923f0
341,1364,0.3663099706172943,30.66482025012374,57.9449308749754,702b2b325cc9629882ad39939cf0b6d9e032481dc12d5bbcd60dd6c3ef137f4c
342,1368,0.4346716105937958,30.752168959123082,58.032292791991495,4877d25df2c4a18fa6a9d62d5188c335457593d82e78a5a848bc45578a0ba29e
343,1372,0.6419148445129395,30.839749750099145,58.11988608399406,57dbbac0dd139169fa1dbb79e23c0969e2914e557f6561315613b2f622c67b56
344,1376,0.34381040930747986,30.92783704213798,58.207983750035055,f07cd8095e8f0431379afb924c5c3bec43afd1eb3f1c5eaa4af0751dbeec7bc1
345,1380,0.36767226457595825,31.01749304216355,58.2976496249903,a03a15a064742a837c1a78bca07743a309f161623c93422e06372e12e24dc019
346,1384,0.34405216574668884,31.11332991719246,58.39349616703112,82274af856c502785e7d791377ceb92fc6832a3c7cdc19c83afd852cf0553e50
347,1388,0.5548158884048462,31.20224270923063,58.482419208972715,a61f370814443352edcffb95ce518a2da17df1df5929cbc13e392db6e943eb22
348,1392,0.38122668862342834,31.290976500255056,58.571167584042996,32469e958e14eae7fc6a0e820e274df5cf9d488652d24e3f863fbb84b5200aaf
349,1396,0.520412027835846,31.383348333183676,58.66355066699907,111c79b92e5bff4cc18658c07078aa51c21d7b4e5cea09d19adeac45a3d4eb52
350,1400,0.3512808084487915,31.470244333264418,58.75045691698324,31f0f3a9e5cbbae31ae94fd0e5c67f63dcafc4267647381de4c2b96bb707f9f7
351,1404,0.49550843238830566,31.56378195830621,58.8440075420076,3a9811ffd077e8332d8fbac7f54a5b4c34e7230e4a6854cf3a22f3fda858f99c
352,1408,0.30515721440315247,31.65303187526297,58.93326658406295,910f10083c262bf386e76104548486bf40befb11cbaa5483dffa4af4b5a8158e
353,1412,0.3553764224052429,31.741403917199932,59.02164891699795,670c0fa645789ffff8b2199c794c730dd6f92d80b8e3a3777c6d7ab36bd8d483
354,1416,0.5461896061897278,31.829391834093258,59.10964762500953,acce950402644c5a4581a96674767396e2a32a8cdce0021097e0952d40661746
355,1420,0.31922703981399536,31.917078834143467,59.19734675006475,e1bfdd8428806a302efaab8c1ada95641f4a62090e7ae419b3dc8ccf47ccb01d
356,1424,0.36915817856788635,32.00455416715704,59.284832125063986,822f122e64289ee64fb2e0f1c3bced6d1b69625da53a57420c600328f0d05465
357,1428,0.5227099657058716,32.101929167169146,59.382215750054456,dedb7a6d21c3c19ef5cd8753e89b7f00b4ab208c32ee1505feaeb7083d080419
358,1432,0.34079864621162415,32.190926708164625,59.471223999978974,f8513e41b37840903505a02f73ac32d6baa886083bf0c1fa7ac4a5aa6b297764
359,1436,0.3241178095340729,32.280347083113156,59.560654834029265,379ae35c357324e8acd91ba6a3dd25b00db23d30e03b8a5a5dfb26d2959cb3d0
360,1440,0.49900418519973755,32.367932749097236,59.64824958401732,c975dff54a203e3014faa9f0e49cda31becfd36279d0eade771c90f44e6c5887
361,1444,0.3474480211734772,32.45821983204223,59.73854658403434,d9532bfe0ec2a4c25fd12e60f609cd929329c47ad50c3a0e86c0855cb56ee1f4
362,1448,0.3991282880306244,32.54511629010085,59.82545195904095,f7848e7cdf70f01329e7132635265b6a43270ca62ad7c9f224f226e13f112cbf
363,1452,0.3355165421962738,32.63569924910553,59.91604445897974,c5c7e9ca8440132c179f489412910e5f0bd3df72c594bdf8467425c508fa183c
364,1456,0.5871565341949463,32.722484291065484,60.00283725000918,35d62f50951754f4897b9c9d91193b0e2209aa1844b756fb85d4b3aa1ab220e7
365,1460,0.3748077154159546,32.809697583084926,60.090061584021896,fac693e70cf43b92639f459e7e8597ab3912fa5951138168412b0c3dc2084ddb
366,1464,0.3525535762310028,32.89850383310113,60.17887741699815,e551d78f6c1801ab83cc2a01e28c5908a864a377438fd226ff10ef3722866176
367,1468,0.5827246308326721,32.98642395809293,60.26680583402049,d135bd82ba84923ef71c18c9419be0c7286045d68be335d5ff01a1b5ce8e84c3
368,1472,0.4771518409252167,33.09126504114829,60.37165512505453,dc9e2543ef327ce4148135f525af40182acb5cd2193ef2594a66f3bafeefe5d3
369,1476,0.5553483366966248,33.1786120000761,60.45901187497657,90af0faa9675b57ed702ea4f0a99b0a121dcb02dc17ddad5f3fd2feacf4b19e4
370,1480,0.653515100479126,33.2653872910887,60.54579616698902,d507c3161a67a03198edf99e3db54f9d5876061cf90b963b297334bbb8041428
371,1484,0.3404465615749359,33.353888624114916,60.63430662499741,e9005074c79cdcbee892a856c9b5508abb7f26953dfb69311a67bf5a1ec8ba0c
372,1488,0.520591139793396,33.440863374155015,60.72129133401904,aab20a8aad470d6ac50e3fd9a41f2420a2047e317a1b8de6085e5e9bee585dd1
373,1492,0.3421170711517334,33.52926224924158,60.80970366706606,b352fd6b455b49b9f481149f477720c9c428972ddc4bbd5722fd5e047f89798d
374,1496,0.41556230187416077,33.6251081652008,60.905561916995794,08f056893814a28f2e1b7463ee96b5e161421b31a4b5c2c1f3693fe20d824df6
375,1500,0.5944700241088867,33.71324808115605,60.99371233407874,24289256059c64243f93470a5b7b0f368098470ccf245bf6f587c83733076185
376,1504,0.40854907035827637,33.802043706178665,61.08251854206901,21d8a5d4e0cb1bf1f88ad5d4ab62c3daa0aba5dc84f147985792b5617b55373f
377,1508,0.5617758631706238,33.88929466414265,61.169779667048715,3807c26af09753e5d1e8cb322bfb0fbbde6411490167ca6b0bebb588967b8ca7
378,1512,0.4897354543209076,33.97796620614827,61.25846345897298,b9afe2bf608c23f7eb23f92beca54718cfb41b110830af5c2a05efb84730bf58
379,1516,0.3934650421142578,34.07726891513448,61.3577781249769,6ac748a6e887bf540b694eed7107a6d48c5dccd3549128b1890316a2ead1c82d
380,1520,0.4975452423095703,34.165814332081936,61.44633516704198,13fbb057fa6ae1a8221d56d414901a766c140f3bc3df16b1906ef160c5085e4b
381,1524,0.4119369089603424,34.25659645709675,61.53712983406149,df28fdf8528a2f21d5dbee2fe32a97fda88861a6497b02b6e7eec119e057e8a2
382,1528,0.5575143098831177,34.34632670704741,61.6268715839833,c0f667b6b6151079c160003453e4d1bd902660d377340dd2d58d4c211b0d1640
383,1532,0.5133612155914307,34.434154832037166,61.71470820903778,0d268468f16dac40e5c9010d20dc05b756cbd21dd3b477f85be50fa35847517d
384,1536,0.40577632188796997,34.52156995702535,61.802132459008135,0d315436e907cc4ed361dae94c0fac77498cf51894d8b81b90ed7fbe41e0bcbd
385,1540,0.32375040650367737,34.61213458201382,61.892707208986394,61ae9736df22c238d24b16d6729a53014cd7b2bcb00999937ab4a2fd53959c78
386,1544,0.4036848843097687,34.701406999025494,61.98198908404447,00ccfb88595fa3c607f7b2e1a6f146a734d3aad38b93fc0b48c1fcafcae76512
387,1548,0.6128349900245667,34.78918895707466,62.06978304206859,9c45049d806d98037868e1136e6d413d95aa02af9db24984217530ccbd5e0dce
388,1552,0.5912744998931885,34.878430790035054,62.15903641702607,bff92dca94958d197c562308ec0cba0d188e8f666bfbd51552f72a465fc9a4a7
389,1556,0.4397079646587372,34.96659820701461,62.24721325002611,1f853382d0ac288e5213c74f3c37f56e64aafadbd1bd5ac60d0bf545623b39c4
390,1560,0.4495079815387726,35.06333241495304,62.34395945898723,641db756d0f13a21cd663dca1ce6bd29779e270552043d091ff489497cbaef53
391,1564,0.6508017778396606,35.15012974792626,62.43076879205182,4ddb8ce2f4d3574f0a5064937a460de2e27bd4a65bf2550ee6abfe98f99a1f44
392,1568,0.37873148918151855,35.237558205844834,62.51820995903108,d735d2ed7e877122646625eb2db840747ca066b08669134f01f8181415d0041e
393,1572,0.33960139751434326,35.32616662187502,62.606828917050734,6c21237c0835afc0102c3de7d7a70d1c5d9f2ecc7ae5fff19ef8176bee8dbac6
394,1576,0.4679548740386963,35.413143912912346,62.69381508405786,c09f3f525d936a2f84093da9d9417179dbf21769524717d3e22b6bca5dd53be7
395,1580,0.4830608069896698,35.49991507886443,62.78059629199561,67b02a42027fd0d520b5f027c7782842f1563d0e2f9986bc636d3f7f7a80df98
396,1584,0.3259478509426117,35.598324078833684,62.87901829206385,d8b715e2eb460bd4366c9425a4d141d9c730c654cdf28b420811803765430351
397,1588,0.3557262420654297,35.68576791184023,62.96647429198492,e8ac2182f72b9844c67b6f5dfe88c7c16639fd3ed3dcc440b97d2aba205c64b2
398,1592,0.37662920355796814,35.77416045276914,63.054875959060155,9cdcb7668f54726180d593104a707422f438ae687e320096dc8973044b8ba3de
399,1596,0.33318501710891724,35.860538744716905,63.14126429206226,9cb5ffc57079ca02b90094f2b37aed34c138325124a44b28faa0b71b4a73aa2f
400,1600,0.4337688982486725,35.947640661732294,63.22837737505324,5d3b8e4d247c927838b0b4f87043274300d477706f241ccd651bc98d60e51729
401,1604,0.3394295275211334,36.04062036972027,63.32136854203418,d9c880218a36472ca646c7b1e799bc7069b0d542b630e15fe41185234a268248
402,1608,0.6400529742240906,36.13043149467558,63.411191084072925,434cd9123f08ee931bab1252a4313c829c8373d8064cadcb1d82a55bf8147257
403,1612,0.36491572856903076,36.216895994730294,63.49766491702758,07b462dbfbc9a4bbadd7ba2259b63deffb2bd9bbeed9cd2058161325a7b6a93c
404,1616,0.3302057683467865,36.30498807877302,63.585766959004104,1ef7f6194473767d9d4ec5f7dbb709ff3aed65b1cf9df0781ed8e44eb63fc83f
405,1620,0.4277157187461853,36.391984619782306,63.67277525004465,bbc2fbd53bad3c174573d170ca9bd84b3ccf2e4308ad26c0a8aa6ff09751df3c
406,1624,0.6480346918106079,36.481152744730935,63.76195608405396,2598fb9173940224d1fc726ddddc20a0e03bd465b55c32ac68a187c9b9867859
407,1628,0.7081389427185059,36.572411661734805,63.85322629206348,1ebbbb1dd0ebbdfc394234bd5569869b608fec4eef68e6b539feb2de133c1dcb
408,1632,0.6600243449211121,36.660682869842276,63.94150720897596,b4a420a75dd4ae0fa4508094f82e76893697843c9cca2b611acef86eb2a84d3f
409,1636,0.7722144722938538,36.749415327911265,64.03024941706099,ef33758e8c683d0a5acedf47731389f58658e67634f0c97a83c6c6f027f17672
410,1640,0.48489466309547424,36.83572424494196,64.11656812496949,bc029adbd103a17ef59c1580c549c30827739d598ad1f459f821fb18d14d9ba4
411,1644,0.3273923993110657,36.92315166199114,64.20400550006889,6ec7c432cc4b0f7820f5845cb5951ce3a06b2f41e5553252680b320c79647476
412,1648,0.35520848631858826,37.011557286954485,64.29242441698443,627df8e7b18f43633fdb4bade4208d81fe940518cfbbb986dcba1458a22cf69c
413,1652,0.49992793798446655,37.10213566198945,64.38301445904654,89bc25892383932669ba41ddef62a25c4d081d04b168ddd584b02b3ce1f63400
414,1656,0.37245088815689087,37.18869066191837,64.46957879199181,22403ec3777e3da5f865dc20b313a65b04a9a2abe064d537c371b05bd34a8e91
415,1660,0.43062639236450195,37.2768343698699,64.55773395905271,248eeef4664e5d58db2ecc86fb8e68ce25b0082c78627fae296b4fc81798cca2
416,1664,0.44775378704071045,37.363006369792856,64.64391837501898,d63ddd55738e7ebb28116641ebc65cab273ce790f56a6086267c1fb635da2d9f
417,1668,0.5518798828125,37.44929920276627,64.73022362496704,73428661b6a71498601660ba80acb5b547b4d94863e61bc381a00ecbbcf45d37
418,1672,0.4556637704372406,37.543158411746845,64.82409224996809,ebd9f94be71fd226b8e544f3edf3a87045afcbc602081bdebb2d68d648ce0330
419,1676,0.3798076808452606,37.63151520374231,64.91245887498371,6d9634ccdd426bffb6b89121080dfa8405cd189ed2b6bacd93816d0bf0858a44
420,1680,0.623755931854248,37.718790370738134,64.99974370899145,0bc8605ed8b59c5f1b540af668a287f5e2f2700306e97d343312599a3e53cca0
421,1684,0.38275501132011414,37.806950495694764,65.08791787503287,6fd291c1423ef08d6a5a246db4af40217792b4ea660a30e9716c02ca9b708258
422,1688,0.5027341842651367,37.89492020371836,65.17590158397797,02a3aaa4ba168bf5a5dae42b80cc82cd0437e9348514af06591fce4e370987c3
423,1692,0.5170474648475647,37.982414578669704,65.26340741699096,4ba23156c20f9cc9e59ab9a8052afd3fa2ccb63949f8dd8e37a46f75776bcdee
424,1696,0.3218532204627991,38.07885520369746,65.3598569589667,c5c71db3391776f1656c9c8bb59ed3a846ed6dbb57bbdda66fc338b3b2739558
425,1700,0.3329904079437256,38.16475357871968,65.44576662499458,dd7aaea136e72aa44637d5ef6330d5e052504860b4e4af86a256a0c95f375897
426,1704,0.3060707449913025,38.25309520366136,65.53412325005047,aedb166019e773a95afffcca7bf885eab4ccab5ceb6e23f7d540d36f29341411
427,1708,0.46872609853744507,38.3404954536818,65.62153229198884,c8e7aef28b774ef86911ee1860474168b37a4913b42cd9b2e935ea0542c8eba1
428,1712,0.45483654737472534,38.42740862071514,65.7084547500126,dc1dcc1cabcb836ec51a274f62f6900ac3c97d94c06735dde46045bb6bd9848c
429,1716,0.45508506894111633,38.51371328777168,65.79476766707376,d531f22d6a2d6162d8eb612ebc9ecafbb0f3f706efc3c56dfa523db3b1045275
430,1720,0.3451671302318573,38.604542329791,65.88560575002339,69a817962305121355976325a377a08a223028e44cb06dc1669ff231dc26d44b
431,1724,0.4447191655635834,38.69377553882077,65.97484695899766,b303ee905a02b5fbc27dea18bb52d4600746b90945dbd2cab805373f9e8c7ae6
432,1728,0.5316348671913147,38.782068913802505,66.06314966699574,b58f129d3c5a7cc0e2f22b1f647e0d12c56b0ac80bb3ead27b4670d488588c82
433,1732,0.47601357102394104,38.86914433084894,66.15023408399429,936d7839c2afbf607c454e9a48adcc2d484aebaa66ab75221a1495931e00dc5a
434,1736,0.42303666472435,38.95684237184469,66.23794166697189,8b18fd3a7fee97a746353487607fa72b44e38400d012cb1fc8d7776ce177631c
435,1740,0.389087051153183,39.056035496876575,66.33714308403432,dcb32abc666f0d82e9bff25237331e4e66fec24c599f742c750fb3437d6f4d3e
436,1744,0.5706928968429565,39.1454766219249,66.4265959589975,bf44933c36681277dbed00ede87d0e69952c4f3a722373c7a543fb7bb55ec77a
437,1748,0.4281192421913147,39.232551830937155,66.51368287496734,e3204435277773ac24945c650c533cad987ca361148f83ae7383102a208308a5
438,1752,0.43888935446739197,39.321919247857295,66.60305887507275,f6e19d26315234a5818f71b04c86944e27f185d480df9f8b1a681b9286e04d4d
439,1756,0.3608480393886566,39.40911724790931,66.69026745902374,07ea23958d763652e0323d055a92b8c0e17fb17d8ec547219b1f391af9b37a76
440,1760,0.47818440198898315,39.49686208087951,66.77802566706669,60886f69d0365467f78959d666b2232310b0389513c40e857a0630d864b55e89
441,1764,0.3542066514492035,39.5912121218862,66.87238579196855,83ca1c44a81b243dd8fe053f8a42c53e1f8aa83f4e43e64738e34f7751641f26
442,1768,0.3302811086177826,39.67868520587217,66.95987070898991,e11aa0fe1446db1e536fc2eae0effb8f6917869910d1e9e62bedfd7d289c6d72
443,1772,0.4306875169277191,39.76720695593394,67.04840091697406,c11d7b93fca7a36096d86a7d39492b01b8502893bab619c628a1d3d37c653331
444,1776,0.3457011878490448,39.85521924798377,67.13642279198393,09ffde0e3354729c3e8472dc2e88d06639085ccd30af91fa7f765d10347c22d9
445,1780,0.3019225597381592,39.942167997942306,67.22338266705628,29f0f3aff4a36b479fdd5027b858526a138f152f517d40b11705eee6f6e7ea8e
446,1784,0.5727207660675049,40.03442866494879,67.31566904205829,0c22c968ad9c471ed8a91af000a73329fb55f87f962ac9d635e05f673fed63d3
447,1788,0.4171309769153595,40.1244097489398,67.40566316701006,ce3c13d363fc34c7ad3a93658b4d377ab3180c963394f751343dfbad1d47e2f0
448,1792,0.7296952605247498,40.21090783190448,67.49217058403883,b06da5881ac6a151e1b4a769c87f9aca401113b28667d5c0aedc6150cba2aaf2
449,1796,0.3519760072231293,40.29784208186902,67.57911537506152,c688e3bef53ac47e13cbf912c392750c7907e2ed3e141d5cde319ca66fafff57
450,1800,0.5186595320701599,40.38426408183295,67.66555016697384,decf5fac9682c5436c6a619e31b97f916dfecc6ec64b4bd1479fcf08ff3aea53
451,1804,0.3986559510231018,40.47087708185427,67.75217416707892,562ba56df34d60eddb5ec060a4b681cebbf4e8f34d1e5d0ed7135997e9636670
452,1808,0.30310994386672974,40.563731373869814,67.8450377919944,54d4990a8a89d36fc6566842d63ed3054d1de39e3702ad55307ae279109c8252
453,1812,0.3761250078678131,40.6522734988248,67.93359020899516,5bfdc9a3a90f09b3b4fca23b72a1cd5976e33042c6d933565f32c46ef37212af
454,1816,0.5755780339241028,40.73923837381881,68.02056508406531,d31458afc9939a6991c6463252dd3d610fc10942e9f68751d7eb830f058a74ad
455,1820,0.3832208514213562,40.825776081881486,68.10711445903871,98cf02ae102665e7042f71b646df862393d2544f497b14d19dcf134355e329d4
456,1824,0.36324217915534973,40.91452241491061,68.19587033404969,7d947150dcb2948b8f172ef5a5b8d4703665a959b48093323c45b749e8dbe75b
457,1828,0.32560646533966064,41.00310628989246,68.28446254204027,7f38c50e523b14d791224db66673baf1f22db7d9490c780cb581a3ed5b62fbe7
458,1832,0.4706476032733917,41.101367080933414,68.38273316703271,8b6b420f8ee0848373fd4401cf8a4debadfda285a961e3e1c296bd0a42c80ded
459,1836,0.34044820070266724,41.18738366488833,68.46875929203816,50a1b566ba3b291f1ad07c22cc982888525867ea35467b225ea7bf3aaed93bef
460,1840,0.3513079285621643,41.27693891490344,68.55832375003956,1bb1ad524e07897671087f8a8c07a502b8ad36785e5dc4d4a9203a76c2347b08
461,1844,0.5160872340202332,41.364011414931156,68.64540491707157,3540079334f407641160b88775da152c88c5fd9b8c9a9aa42d25994519276880
462,1848,0.3876318037509918,41.45340258197393,68.73480454203673,17c9d33ebbb4471b9d6d54e46f2644f49fa10ba0027ab70566de4d1d9fb059b8
463,1852,0.33560341596603394,41.54441908188164,68.82583170908038,7c7a825efd932b806d6713ec88cf99bb2f4a2805ea28f9efa4915e7f395ee40a
464,1856,0.39510655403137207,41.63291299890261,68.91433916706592,c672e128abe1dfb02415d0d75f4aaea1d627648a3f90a4cdfa0edfb9b36e25a6
465,1860,0.36493366956710815,41.718938956968486,69.00037879205775,3a7c3b7549ea7ba0777649ee47149f5ff9acec44d8a07dfb7ece38fba1a5bd28
466,1864,0.5192021131515503,41.80725733190775,69.08870937500615,03568a449591c7dee55353f33fdaff3acbfe21df80036a6a79a18c4fd1a0aef9
467,1868,0.6459969282150269,41.89333133189939,69.17479562503286,6aac891f849e0f460b4e4ee7dcf16ce7d08a1354f38c0ea57f3a6c2ff85294fe
468,1872,0.31970930099487305,41.9811126239365,69.2625867499737,452cbd4aa3b4482de2256a08cd0c9866208a281fb67b2cb0b9c2bb088e8301d8
469,1876,0.3954530358314514,42.07812808291055,69.35961158399004,89ccb919d5763824be34258d354191e1716cde498e974b35bce51690af55db82
470,1880,0.2805832624435425,42.165113624883816,69.44660983397625,875d6cf0a4575b583da595d65d1de2d983213b3b3170aee3b0c917d5e9f34ce2
471,1884,0.3037676215171814,42.250998499803245,69.53250741702504,dcaab769ec7924cff0f37af33910fd1759cf7c44918889627bd1c8699aa4957a
472,1888,0.4935193657875061,42.339923916733824,69.62144395906944,1aaed48b3f20ffb5d13c105afd4328b9b3470e77f95e97b0cd52b7445e658932
473,1892,0.36085817217826843,42.42731416679453,69.70884404203389,89729560d3f6a4c1c804b48cc2d836be1c55ce5707ef8afdf168c0db8e148adb
474,1896,0.3417775630950928,42.51498366671149,69.7965225840453,45878a728445a4ed7f2d6fd87a6d989ce7774665a3eff5c0369834b117ab7470
475,1900,0.6147997379302979,42.60404491669033,69.88559333398007,095b4454d933c682e83cf39334777d9a10f580753f9b3195af484b6f11b0b19d
476,1904,0.4604610800743103,42.69209220772609,69.97364933404606,dcf3b0445eedd02b7451b35832a76fcd629ab290e1999262595f43bcd28b145b
477,1908,0.3411298394203186,42.782017457764596,70.06358399998862,4b3e4b596d93bde64abb3a030f418230d33838063e6da86e77b470c14cc7e1ba
478,1912,0.5955021381378174,42.86929120775312,70.15086733398493,aa81dc4f154e85b3220ef35ddd2fb6e1df6074d6058c1ee16a30fc1578452375
479,1916,0.4339859187602997,42.956589749781415,70.23817658401094,7744d70d8083e1005f8f55b466a6ed0a774eb0310230bfebdc7f4ec83f8b2c07
480,1920,0.8016236424446106,43.04955979180522,70.33115566708148,af4985509df2639919f06a378255190e9b283a0d25d486b002bd76a294673d39
481,1924,0.6286188960075378,43.13826175080612,70.41986825002823,b7455370c475488717200bd8c092fcbb367bf99db34dac4ca660e773a25f4e30
482,1928,0.5414373278617859,43.22665925079491,70.50828162499238,4b68b58fc3183f07be2d6808aef20225054676f5cd995f522aafc879c411779e
483,1932,0.5828381180763245,43.31351375079248,70.59514429199044,16015d6575f7d7c3cf91bed4a6916682c448c6cd073f5c59c3a685c2cc3bb902
484,1936,0.44266802072525024,43.4014595837798,70.68309800000861,c275c21e07508a6ce86b9d6b639c74dcda062534d4e808a0a4a8ba147a30f28b
485,1940,0.4158079922199249,43.48802279285155,70.76966941705905,49065ddd0212aa4f3f76dd131164c8f7884f2269a43edb85515c0c2a3350e24f
486,1944,0.4745131731033325,43.57891287584789,70.86056816705968,0f2023d35331c5f2583ba784994734037056b430b58406f473295d66f3080dd8
487,1948,0.3829348683357239,43.665717667900026,70.94738283404149,2f36892ac0852981b4ede8a7c812f45159b4db6dee60eb65e04e037e35131bbc
488,1952,0.8063327074050903,43.753327334998176,71.03500179201365,3fc50ad991eef8b55cd09e3032e0b7648da361cbd0f7795e6d447ab6f7111b38
489,1956,0.47671788930892944,43.84248104307335,71.12416370899882,ef1646c8d167ea91ee6bc186d9d1985126f4d8cf10aae4003f62bdb551d186b4
490,1960,0.3190866708755493,43.93148741801269,71.21317929204088,d4bdf7df88947337ee43a37f1a4878d42a4a8142c9bb2157e3dbd839c8ae6c9e
491,1964,0.39378079771995544,44.021595834055915,71.30329604202416,a3fac83020f4aaac2d93b7a601ad0cf9044024072303927a6353bb69b39257d3
492,1968,0.4494820535182953,44.11475129297469,71.39646220905706,16b001fe20081c5c848b23dd4e799e6e8a326d2990c342e62de75fb459411220
493,1972,0.5769817233085632,44.20312175096478,71.48484370904043,a67e838521dbad206dd6b0f24f903e9390fd641db359654376d16c8be7cd712c
494,1976,0.4057897627353668,44.29222033498809,71.57395158405416,140aa08ec218b20f441b6944e1e7c0a3e358535743087be9b619491220c16a4f
495,1980,0.4256345331668854,44.38009075191803,71.66183183400426,b0c39ce9b50ebae8895738a9d5f2740b66e68f31754b2e72c48a7500112d39a2
496,1984,0.8359889388084412,44.466728169005364,71.74847912497353,159c20b086c05817a8c0c64c750061507838f28ed310a59e7cd6df3cb0035d1a
497,1988,0.5506424903869629,44.56047004403081,71.8422299589729,50bee058d16d5bdf181049c7eb1a6cc300602e0d3bf1b32109093109b32590e6
498,1992,0.30360060930252075,44.647811710019596,71.92958075006027,4cfecaa05dd234a67a31fc99aea81b310350c44dd2ec73a8469af2ac0335869f
499,1996,0.35791516304016113,44.73599225201178,72.01776900002733,9d5b7c077432321fa57a97834b85f68e9deacadca6fe755848f4084627c4f71b
500,2000,0.5177856087684631,44.82326783495955,72.1050532090012,fca256685eff09b8a5713608804ad945548ac34f3cfa52b9dfeb9ae318949e81
501,2004,0.4033013880252838,44.9107024599798,72.19249779207166,5c6db1535e01aba15fbe1646faaa87968515bd49e72bed1ee5dc9f4328fb48d6
502,2008,0.4267760217189789,44.998323959996924,72.28013095899951,c22bac02e4176cbdbd6bf842a353c1bf1b9633363bce7588573151c5b9935563
503,2012,0.4211606979370117,45.09418683499098,72.3760046249954,a4c0632cca785cc0913ab120019f4f207e52a3a33d945029305bf5da03a96027
504,2016,0.45707809925079346,45.1808448350057,72.46267479204107,75ed5518bb333dada94d9122203f4333ea2c8f4f3272208951b6cacc74164740
505,2020,0.3470821678638458,45.26646641804837,72.54830758401658,012b43f95a883c5b134580a88a15f94d4e0e9ffb28ce68b8b080dbdfda4febc7
506,2024,0.4085145592689514,45.35234750097152,72.63419762498233,f61934848d902cd36f2a52afb0a54b770984067b13c7be69dedeca42b9523290
507,2028,0.6020263433456421,45.43913391791284,72.72099625004921,719d4c853a628f7c1b8a59a60daebae623ff6078f6d26fe68e9935472dc65f60
508,2032,0.5587816834449768,45.52506716793869,72.80694145907182,a7870c7ef9e0158c0a2ee39f0ea422e4f2d25de99831ad8e4cf5a64e0588d757
509,2036,0.5206276774406433,45.61911645997316,72.90100062498823,cb5b06e23b2c832cb3801354a0bb8004fc0ced8320224b452205d6459a7a5e05
510,2040,0.3794078528881073,45.70596183498856,72.98785720905289,9d11283f152ae97cc0c353a426b5f4ed0180886b4a90cab2afa222f8e20d36dd
511,2044,0.4928596317768097,45.793361168005504,73.07526720897295,18d900e92fcac37a497ecf9d407c2f20e61da1e38db2cd8aaeee8967d8becf2c
512,2048,0.4753515422344208,45.87897137599066,73.16088608407881,36535e3d1fa13e0437c0c2cb1adbe0f4a8db68a8a943ac40c9674601fbd778ca
513,2052,0.34665876626968384,45.967424500966445,87.48252041707747,b82a174736fe305f3713130c6b909bb6e74be5ca78ccbb2c5d312c1332d41585
514,2056,0.34107130765914917,46.05515187594574,87.5702600000659,5761d17c69991d99bbf9d2f3b0eb330dd48204b711f9d56e2ea6b68bf7bd3df2
515,2060,0.46983397006988525,46.142017041915096,87.65713675005827,6157c36c7f36c4acf5e27e065e416f5fb16ec85c972de36e47abbe604cafae18
516,2064,0.344056636095047,46.23087958386168,87.74601154203992,0c2ebd99b9947543055f88291a9267f4b8e0f34c914815def2b9237b81dcbf09
517,2068,0.5367795825004578,46.32065762486309,87.83580129197799,b6241d839d68163fe3eeb3e7b6ae3d70969a6b56349c5cdffcf982066bd3a9ed
518,2072,0.4530390501022339,46.40810429188423,87.92326137505006,f2f961479bcd92a0189518817b1a472f4a4baab6d90df17d98ae82bfa1e1a06c
519,2076,0.44358813762664795,46.494812000892125,88.00998120906297,abcc7322934e26a7513130b1937f439e9a7d0170eb661a19107c7c2989e51e29
520,2080,0.8651103973388672,46.580349125899374,88.09552708407864,4566323f84d6534fc38c3d86db5f34667e8ac0a9a04ff0dead2fca283e6b4b84
521,2084,0.5588248372077942,46.669912417884916,88.18510050000623,0cb210e2f0a7092cee5866c11e169d677dfb7a34c6e504e401defe28eaebd395
522,2088,0.3571324944496155,46.75916100188624,88.27436074998695,014688842ff09e0f2fe4839fe777516d2fbf7fd844e2130877e3d05007ff7b6e
523,2092,0.6010518670082092,46.85134329285938,88.36655220901594,96886ae6664663f57b471bd51edc8cbc3165a2722eb3bdc6571e85747aee0580
524,2096,0.5261093378067017,46.9388046679087,88.4540251250146,9b1c06cd508ad9c8d041609a13e88cc9bd076c66b359f7693d24e3b98e4d58f7
525,2100,0.4506337344646454,47.025426251930185,88.540656208992,07bf7acdc0b6448b615f4cd48282ccca90c97a0cd87ecfe8726e843af2e8bf17
526,2104,0.5885434746742249,47.11153762694448,88.62677562504541,b5b30c3bcecdbcb3069499f5fc7b884de7b42a0351aa041310b181030450ec7c
527,2108,0.5683918595314026,47.19928725191858,88.71453541703522,c970ae50fba127721442cabf51f017065af45cffc42122a60ec73e3bd7bd68b7
528,2112,0.4891539216041565,47.28529075195547,88.80055237503257,4d229192ed1d1f3b1f214bb92fa67f9958350f72017600099751df0d848e7bf3
529,2116,0.6960750818252563,47.37714650190901,88.89241854206193,5bca76956273ccb644bc37aedbee3b623094bfc1745ceb889286b2d9958fa1ac
530,2120,0.43985942006111145,47.46540904301219,88.98069175006822,2f005924907b71db7ff013ffaf2aa0a10fc26a6f9759a683c953dd242499d5dd
531,2124,0.46527794003486633,47.5531106259441,89.06840395904146,4211968e32fcb9827f0c94a02f3659936b6b5a6d21b3909f30bd813275ca5601
532,2128,0.3551296293735504,47.6401942508528,89.15549787506461,36a94aec1f56d24aa10f360f6dbc11f8904166189cbdf4228b5a2822476f3326
533,2132,0.4369015097618103,47.72783325088676,89.24314675002825,10d6b220fa3d349977272e1a2049a9f08eb7e6ae6d813e120ae53331432597b4
534,2136,0.4361213147640228,47.822316334815696,89.33763920899946,1f4627bb93f52ac1ba0578840c132751859a741ebfad370e97733eec0bda4123
535,2140,0.3621926009654999,47.91033620981034,89.42567195906304,e1e16ea08e2b995af2d3fb83f7b354cc25b109347ee5a70e95ad9e5314635bac
536,2144,0.6598479747772217,47.9974608347984,89.51280887506437,81e76deb9fb98f4395f93ffd0808f8d4f69fa20d968dd609b7af1e1e1a8a61ea
537,2148,0.4872756600379944,48.083918001852,89.59927712497301,b3955dbce058d204d0ecf4594ed2b40a96b7435c427aabe21c34865a71fcd4e8
538,2152,0.36427298188209534,48.17021433485206,89.68558237503748,561d4cf5955c3d8cf6cfba5d7b048f674997de1158420c23852db5e91816d38a
539,2156,0.481743723154068,48.25832479284145,89.77370383404195,594fe20e5380bfbbe9d6b1e8527dbf1781b4d572ff11216582a75823eb9e9aa4
540,2160,0.5613187551498413,48.345582834794186,89.86097158398479,59ef59de64a227d1951798e718e67a5333ce0f9644f317efcc2477db4a6e2c99
541,2164,0.426363468170166,48.4322826678399,89.94768108404242,9bf6a78368d04008357a2b9e1bc291b4babf13fd917b318c38d1dce52d59f640
542,2168,0.38138559460639954,48.5198964177398,90.0353045000229,f5e75b5c2dc9dc8677619aa805fbb9e328da60685d7c416913f4ee41edff8b86
543,2172,0.4575747549533844,48.60658300074283,90.12200291699264,8d274b0c9a0ad17d2474edfa7cdd1f2b06de5fbb3564f0997f03746f3b9542d6
544,2176,0.6144799590110779,48.69340979272965,90.20884183398448,9c0cbee996cd9c2ecb32ac99565d755ea25e8360a4a93cb819a691ba550b41da
545,2180,0.3913102149963379,48.78503891767468,90.30048137507401,d07fa299b2929dbe35989b83a3868bed1de30fa042104845052ba7b990204c48
546,2184,0.32878318428993225,48.87789083470125,90.39334745903034,7264fd1bf0ac98dff8a6c040a0133a186749ed667d5ba37d8646ae42bb6f62bb
547,2188,0.4382810890674591,48.96492200170178,90.4803903750144,c72eb74f226b3e08d005c52db192a2ef246a1db5fb834c2d49b073c3d67ac9a1
548,2192,0.5882824659347534,49.05164958466776,90.56713016703725,431dd2b90ded8df8b9ed88467ea7575d62a6ec15e668496a78d756c625669518
549,2196,0.5897218585014343,49.138887084671296,90.65437700005714,72742350477a31baaceaebebf95a653392865d7fff6abd29e3613e7fa5de427c
550,2200,0.3585870563983917,49.22630604368169,90.74180362501647,65a7819d0b862a2a1a1dae89b84db106754a74de6baddf5e6f02b85c354b2f2a
551,2204,0.5199891924858093,49.317190960631706,90.83269791700877,828711e678366554e3ac2c9010bb5e1c2a83cc83220344e7388a865ebdc8c0a8
552,2208,0.3924032747745514,49.40482616866939,90.9203438750701,1283b665983a10e90eaacd6621cd583437e9edf7e9d96981ed087885e6fe8d70
553,2212,0.5486958026885986,49.492511210613884,91.00803999998607,ac621cd1c536df55b874e11507fef88c5bc3ac13c7e67a6de5f30379759ddb0e
554,2216,0.3136390447616577,49.57891875167843,91.09446024999488,d177a3232e3b8b1d4dcbf85a3157608015d8662dd58ee5bd4ac230a152867302
555,2220,0.5826426148414612,49.66592887660954,91.18148258398287,e383c35d07389934dc24385877a3473c0354067145aba34c5aa28ec51cc6faa9
556,2224,0.5685225129127502,49.752941501676105,91.2685101670213,bf6be523b533421dc47afc17ba84db7e80ee67be009e6c09cd2e576389518a0c
557,2228,0.3604048192501068,49.84541254362557,91.36099295900203,7e05b67e997e90ca3b0a1832dc1dedda8e3e38f61d1ce6f4c845298373a3929a
558,2232,0.3240888714790344,49.93310029362328,91.44869079208001,9cd34c975a1324b48f1d2e24f3a2e3aefb5ff4995f94e2b176a375f228da6f71
559,2236,0.4159353971481323,50.019834168604575,91.53543420904316,7372e8f689c8631898d55d8f95eb64c6f3401ee229f0c1b2446db8dd336aba6a
560,2240,0.3359645903110504,50.107506418717094,91.62312079197727,101018c1f67b7d57222278a57c9ef6fce1dd7f8771976b5aef44dadb5b1015bf
561,2244,0.39410778880119324,50.19586166867521,91.71148850000463,55e32f7cc5dff2e69bccf07e1a29e663299d00f16aeb9e7462e0599213c7263e
562,2248,0.42941802740097046,50.28410275268834,91.79974016698543,c6f9548039f199309717261db38f4651a7739b21fe260ffae7554c7c1d8fd6f0
563,2252,0.657486081123352,50.37416616873816,91.88981566706207,b4250eff83a303c2e881c726b6f39263ce931a0db2eb0125f1b1dba5821ac22a
564,2256,0.3239099383354187,50.46137721068226,91.97703666705638,9c722b9499746107be9bc41297c3e0718d8c241fcd4167772cd0e18c89a0e7ec
565,2260,0.45665571093559265,50.54792416864075,92.06359616701957,156a11986d3348885a6e09ccdd50f11f14beb309bd560c4a1a5f56ed032ae1a5
566,2264,0.8379059433937073,50.63512625161093,92.15080850000959,fab0afb1c09a67d1c6ec70697a81716f18583ee90376ddd82ec0522b0d78f435
567,2268,0.38194477558135986,50.72345829370897,92.23915141704492,04f76fb33d20313f2d74ea37271b094150be05735e17c8a28baa057e1a449d56
568,2272,0.49486860632896423,50.823295002803206,92.3389987499686,b48e366b293509de99362f1f63cd16c5d34c25934ae451e6bb6a4fef3a92c4c8
569,2276,0.4881356358528137,50.91268054477405,92.42839558399282,f3c4fe47c60c1e5a23f56e9ca615a23c18d753f1e14a7387f4a4792bc6e1911c
570,2280,0.4882085621356964,51.00037062773481,92.5160953750601,6f6bfcfe0fdcb6e089a0676a6f6af0fb94f18af7f9dcce69c5c733c2fe5c7418
571,2284,0.4269695580005646,51.08825583581347,92.6039898750605,e0794902853456d3aeb7ceb0fd117cdbc5a8cbb0f2ef859fa4f71799ae67b700
572,2288,0.34247276186943054,51.17499621072784,92.6907406670507,9c64d643678cebbff8e18e997fe8cca094cfd6e206f1956bc21de28619bf7bf7
573,2292,0.3353103995323181,51.26241962774657,92.77817295899149,3069ddaac8128eef61f8b3856465ee4ba31bac624028bc6a81d9bb125d03ac33
574,2296,0.2926785945892334,51.353667169692926,92.86943058401812,9310c9c042343d97c6f0f524d99a65e427a5d7235716306a2deec3d11266eebe
575,2300,0.38713037967681885,51.44150541967247,92.95728020905517,fbfb058deeecfddc18ccc2d5ba1f663016695c2b39f31519d03833e7fc3de447
576,2304,0.42432618141174316,51.52835650369525,93.04414150002412,69bde23f860c532cd343cd3a0d0b19604981206e3c2c8e19b9ff411b4ebef9c6
577,2308,0.6557064056396484,51.61582654470112,93.13162579201162,897db92a916fad94c6a16ae9b9d00dbf36fd3f9aecff58426656d4cf4ec1ee72
578,2312,0.5020825862884521,51.70193921169266,93.21775129204616,be7b7cacff9793ebda717c2b8ac1974dc9045ba9d5a49f904361f3a451f4370f
579,2316,0.2882610261440277,51.80239183676895,93.31821850000415,4442d864357d8bf2c71c42e95887fc81928d5bee7c400229ee75aa477958aa72
580,2320,0.4761950373649597,51.89219975378364,93.40803879196756,81c3d9c4aa81e3c212cf4fa1200fb7a5c8402b6f82a29e7838bb317cbf00c0aa
581,2324,0.41819897294044495,51.97988704580348,93.49573912506457,3b9dd9cabad35f2da1dcb677f3188202a4a4e901799151ddf9a3fef7d965934b
582,2328,0.30660930275917053,52.066785962786525,93.58264995901845,91349455c4def90944cccd5a32973b12a2a519b10c8fe6424a3489aaf8cebc98
583,2332,0.8856033682823181,52.15633487980813,93.67220833397005,3daa3efcd3a5007d5b7ca65609e75e7c835ef0a827b0a337246cda5b9edc2138
584,2336,0.4862383306026459,52.24319017189555,93.75907429202925,bd530d3763c3ceded71c8cd8998d0985e10a466e1b140347d8b3bab7748d8e35
585,2340,0.3981582820415497,52.33621196390595,93.85210650006775,da63e57450b0a6d413bf7b8b77fde18e4f86d97d484bdf5ae2cf1f567105f4d7
586,2344,0.4099230170249939,52.423967046895996,93.93987304205075,6afca1ed950e0c95ecbc6a81243a4cd9c90111b0bb47f101a9eaf8b24a254e4e
587,2348,0.42312437295913696,52.511623130878434,94.0275405839784,928754df8f64a73a3e63d917981dbf44f6526f2bf1b5a6f743db47c2aa556a75
588,2352,0.4543652832508087,52.59810263081454,94.11403104197234,39fa9efde69b602b7b25a82cdfa9bbb6a3126fc181c759fe943df1829dee53bb
589,2356,0.36262789368629456,52.68529392289929,94.20123229199089,9ad3b6db341f7ad334e474abd7d00cf0b28072bef7d94de2618bb1c5c241f907
590,2360,0.30397841334342957,52.77327563089784,94.28922441706527,9eb8956e5b9de27b90ec66671524c0b27c64e29139758060ff2f107400df822e
591,2364,0.33527591824531555,52.86933888087515,94.38529920903966,aaed6804913e96ed56ea8503e95823d04234771a960e3735b4f550882c3e3488
592,2368,0.49799850583076477,52.95516033889726,94.47113129205536,1e45036eb5ba5a2ea639908787d01285f7ab38b10485f0106723e79b49b3179c
593,2372,0.4734468162059784,53.042412004899234,94.55839429202024,c1d7faa6306e0817e13a6b179a2fcee4886ca27d57acdd581cdddba109906e3a
594,2376,0.32020705938339233,53.12894725485239,94.64494074997492,5cde272f714676464d169137d3f5fc03e29ea0058de42f620676e4ed5f0d3673
595,2380,0.4952104389667511,53.2145504639484,94.73055279196706,1c5b0e9bc7cd597a7188fb25becba60e1c4534d692cd560221b648e8c5257618
596,2384,0.40530863404273987,53.29996021394618,94.81597154203337,5ed5594ebd2840c1a7aefb39d98b474e76aa2b71aee6bce66dc897e4bfa18dcd
597,2388,0.516775369644165,53.39267392200418,94.90869654202834,4fa301463f71caf916118b126be7eeda43eb833707c61cde69f67660a4aed8bf
598,2392,0.5207104682922363,53.479286922025494,94.99531983397901,152dbf3c0ed0b08bfc479335230ddaeb3097bb42d12e9409b2299c23cbd28804
599,2396,0.4182359278202057,53.566920089069754,95.08296295907348,f9e49d36446a751e6ac75913df813d1330a6fbb2dcefe75485d185c98a894b34
600,2400,0.3435736298561096,53.653966506011784,95.17001829203218,cec673e96072c7a16e22b5765f23f32b27ce41c6f4fbebdb7e060cb5235d3b8a
601,2404,0.35569503903388977,53.74213238095399,95.25819304201286,1d558bfa5a8e1b6ab01c44652ddcf08b7751117923c9a13439a8430e355a3015
602,2408,0.40965238213539124,53.83611613092944,95.35218545899261,8d53d01b2bb815b11aa1040ad72fd6e749a207e9264038c8629110c393c44290
603,2412,0.5657485127449036,53.922217213897966,95.4382949169958,8fa538c16e6ceede79b183e23baf37c8241ff31d8af615ea4a430a0d06b929d2
604,2416,0.32683125138282776,54.0085888808826,95.5246752500534,9313536f355129d72b2de5e5f8ea8f5afd66f98ecf6b0eec53e1095b3b4098af
605,2420,0.3945901393890381,54.09453871392179,95.6106345000444,ff8d54a2b31019f300bf744f2f7d7b1b4f9b6527a961176758e42c971825d91d
606,2424,0.33020588755607605,54.181004004902206,95.69711075001396,8f4ae9add67a932b0b355a575339334afc9bf59ed5209c8667d236f56a21ac0b
607,2428,0.305076003074646,54.2678307548631,95.7839472090127,45c72a106e69018fd22d30aeb822257f1c6cb2448c31a3dada41f346ce660bbd
608,2432,0.2699902355670929,54.35847050487064,95.8745989589952,78e532d7b6744743272cec5ef2e5fe39c26345cc51c9180573314936799b112f
609,2436,0.3532562851905823,54.44411392195616,95.96025595907122,fd5d8d191cf60232ba27f7f1fb707dbbc202a89c1a1e40d1472c64561fa9e6d8
610,2440,0.41674381494522095,54.53112300497014,96.04727658408228,bf43df3169836f42e2e266a6d526be0155de09efb9d6dfa5b779abdc8c069fe2
611,2444,0.50242018699646,54.61827896395698,96.13444437505677,5b76c4305286f17d29101f973d0391c0e92523c32a82cbf35a8c79eacd679779
612,2448,0.9332739114761353,54.70715533895418,96.22333383397199,08d69cf5cc5f8f572438977d2d40fa3d971cd3958e48a1f45b9e0338b5b2dacb
613,2452,0.32695555686950684,54.79933575494215,96.31552637508139,3a903725a5f02712d11eff6ef1f3111eea65d84bbd667409e1f227ab3d54da97
614,2456,0.6158679127693176,54.888350337860174,96.40455304202624,647c2386a04cd96fecb4065b1fbf7e24394131fbee54ef0b6d57b90af46c6955
615,2460,0.5264924764633179,54.97530746285338,96.49152108398266,19137ef7e69175a1c490658162c003f4dddea1de3963af51972d5897487bdcdb
616,2464,0.5515072345733643,55.061768921790645,96.57799529202748,00e1e819a912a9b5dcac45de52bd51cc1b7c5be85cf4eaca2725309cfe1f60a8
617,2468,0.32004669308662415,55.14866967173293,96.66490550001618,7b32f209133d286015d9149befeec750a289436e771431cb209b3ab4a25f798e
618,2472,0.6189587116241455,55.23688229674008,96.75312858400866,abd8aadb8111b3ac998d3ab16274133959e0c1355572a096c809b7cad0b8b67c
619,2476,0.35375741124153137,55.32713800482452,96.84339454199653,8c5c012250f492f8180b264c21525c0b582be18f590fcefbac740c6493802a4c
620,2480,0.4072195589542389,55.41446004679892,96.9307254999876,c9c025a706343f122ef379d97cf8a1ce25360add83a0aab5cb70f096a152ec7b
621,2484,0.4853549897670746,55.502936879755,97.01921208400745,7197d7d3191c39836a9b09d6d2e48e342c5dfb523b805912ccbb936d46306316
622,2488,0.2911527454853058,55.590375254745595,97.10666258400306,fe5e91fcdb714b6c95d4e3af6c0a50360581cb8cee279722ee55e66cb460220e
623,2492,0.5652050971984863,55.67780808871612,97.19410595903173,94d4e642e3d26840f3263939e6b6fb40b7638a7dd6598e72c7cd3744d9c541a0
624,2496,0.4836328327655792,55.767211213707924,97.28351816697977,fbaabc5fc1256df3ba062d4a143c893cbcb6831b19beb9c39c29fa0a73319de5
625,2500,0.498450368642807,55.868076213635504,97.3843917499762,b93805213ffc355bc62bf1f295a72336696a3f18331d239450326b1a3fb8005f
626,2504,0.33646702766418457,55.95622104767244,97.4725469170371,8491d5cea4ed641baa0a60de44171e2ebf8c0019036d791817b2005285bf6564
627,2508,0.3721854090690613,56.044184922706336,97.56052150006872,91b34b4549eedcce47517d98d87ec71108ee3e9b58b9d8f03b1a45e1772fc960
628,2512,0.30297139286994934,56.132912963745184,97.64925850008149,15883e8b2653b58abf8e5262ece09ce95066c6dee3aea615550ae79f962e29bd
629,2516,0.6710807681083679,56.22104767279234,97.73740191699471,ac827dc3fbdaef8c1379f6299f7350d6c9a44e012d5f350f3eb4374c40a1e61f
630,2520,0.3549114763736725,56.31734883983154,97.83371212508064,8e5e4eac05273f85ef4d659ad5eea1984fa316a8fb0c28a5a01d4b8601a3d5ce
631,2524,0.5568825006484985,56.404661047738045,97.92103429196868,861de3c277160d873a4065decd7bc75901601f4840edcb37c2d7b7f7239e026d
632,2528,0.6763904094696045,56.49194971378893,98.00833391700871,a0121c463687c9f3ab5b1b6a5c87b86834dba1a6b5de302a8c1a4a8df7a94e7f
633,2532,0.49029409885406494,56.57884733879473,98.09524399996735,c452cc72fa0e853d78cb0c7a7c99a3e3410f757df74602029d8e58e0d14b8f83
634,2536,0.4727930426597595,56.66693533887155,98.18334058404434,47c390205a7a87a41063c2cc0fa206b29ab0f0cf191aaa620599e840df520bac
635,2540,0.6028411984443665,56.75419179687742,98.27060583396815,d74d238e428166c1aff026013d7948d24f3ce550b807760d5103f7326fdf2cf5
636,2544,0.6305386424064636,56.85111387993675,98.3675379169872,96c2dd17800b3437db3ff62ad9783182fed8f898a4ea9eb9516c9e11b0956e45
637,2548,0.4145958721637726,56.93787500495091,98.45430900005158,3c65e59c4b192f8dbd38b4bd3e4351620f75ffa048625091099259b1b38955e6
638,2552,0.3312707245349884,57.026077421964146,98.54252766701393,e6e26c9675bd22450c524cad43b5cdc3dba8980ae35813465331731bdff08565
639,2556,0.4071628749370575,57.116926296963356,98.63339229207486,239af84c0568c5db98eaacb9de8960c31e2e4cd28e519b0bc1c8893337c2a9f4
640,2560,0.3310590088367462,57.206571630900726,98.7230465420289,89d5e414e833a03089bb18bc59c9de541a01e02c32f96edf3bd7fe06c9cb232a
641,2564,0.2973482608795166,57.29448529693764,98.81096866703592,aa8f59fff30b8dba9a268544fa5f93b0ce2d8b94aecb837b33137e2059ab21ba
642,2568,0.4963649809360504,57.387491421890445,98.90398670907598,b0def8e17f79478b414225ab9d1bf264580e3115a90a460fa8e11ab6a39c8a4e
643,2572,0.6399772763252258,57.49381046381313,99.01031962502748,6d91a2ea849607853fa1a16120bef2926e28ead67cc3536dea9c9f60bfa76154
644,2576,0.35267895460128784,57.58275317272637,99.09927387500647,332d01b1175c6b8f2b6c400f6062a470c68e2a49fd78ed90356773bb21171d4f
645,2580,0.32064831256866455,57.6709681317443,99.1875014170073,7ca4e4cdcda072749a5158fb23715452ab46b3596fe6742f540d94fe7c29f4c0
646,2584,0.3236355483531952,57.75779258972034,99.27433683397248,7a39b900b2bffca6f050053a9ec04758c56d079ccf0f6fc514faa2e0b9b2e2bc
647,2588,0.3177548348903656,57.85475254768971,99.37130808399525,b81a61369e8adf7038637df528cf3a22ef40db207dd7c4925848cde552d48dc5
648,2592,0.7024375796318054,57.94190700573381,99.45847308402881,46c54e6f63aff207476e3bd1cb1317d69418044bbfe501419051136571689547
649,2596,0.35194385051727295,58.02978975570295,99.54636575002223,09005e1d688177bdf17ec35ee83c9bef9deb8e6761a8246bbc6ed6842f6d824a
650,2600,0.31983402371406555,58.11657446378376,99.6331609589979,0890cba9017f60499d82bac958f86d367d7893d5a05b99c8aee25b6533e95ee5
651,2604,0.32848334312438965,58.20384696382098,99.72044345899485,13b55be0f80b4fddca3c045097f0d2a7a73b063d70985868e80d349e0dd6038e
652,2608,0.4410679340362549,58.29029633873142,99.80690199998207,f597cea877960248ee662e15cefde0760581efc47eff35f6ea1f1efd99aa700a
653,2612,0.45745372772216797,58.37982125568669,99.89643816708121,073a08e8b30d18fa046624de0bdb07acc496d9d0cc83a0fc213237da549c1e96
654,2616,0.49866241216659546,58.46818117168732,99.98480712505989,c1b8ca9ffba9f7be2db35bf5aa557e654e61a506b7ec394dd28d1ff62fcd77fc
655,2620,0.5158878564834595,58.556187963695265,100.07282241701614,5bf82cd5bb34bed5c148d199fa01a8d6d6e7156bc49ae628486f4720e63f32ca
656,2624,0.6276218891143799,58.6438653387595,100.16050925001036,eb07f4b6abb8cc1c2c4344188021c0f0620258ddc9d07f29a3b2c8a70b3bf571
657,2628,0.369259774684906,58.73160083871335,100.24825220904313,48f0475c72cfceeba1fa81013311a764eaba30061a29c27c65ab72980f9cd252
658,2632,0.35637810826301575,58.82532596378587,100.34198670904152,2d20df6c8604370e904bf28981c88a832f1828a9e76394becfa9e415ee1ce17d
659,2636,0.539048969745636,58.91295892186463,100.4296291670762,9445af2e05c0d72cc091e98d3ff1e726d52a75d91901a4428b6bcb4d2d014442
660,2640,0.33087825775146484,58.99830396287143,100.51498279196676,be019fa2105f126725d41d58c2f919815b63f352505d903e7a2086ef7b30d3b5
661,2644,0.38919931650161743,59.08714046294335,100.60382775007747,7eaeda8b4ba11d0521d67c24d7ffdf6a4d40322931dfea91fce115daf9bc0b3c
662,2648,0.3900942802429199,59.176406254875474,100.6931029590778,1f5257413cc364c867ae1d66b8a457e63e1ca44202cad4b46b17ddbac7af2f99
663,2652,0.38953840732574463,59.26394812995568,100.78065320907626,cf86d9af8e0fc44fafed841c95a6434653771fcbfacb0585d2949600d4eb912f
664,2656,0.5288437604904175,59.35386596398894,100.87057941698004,657fc94060bfb7d9f42b95649d879490d2ac0cf3554a6d0aa10c433250d59639
665,2660,0.522076427936554,59.44108696398325,100.95780954207294,eec0a58d622b721b8b6f077e643a25bb70ac99d8b3cc00c3a43f7910bee6eaf6
666,2664,0.4015597403049469,59.52755800599698,101.04428866703529,a529d296c10c2f8b2af9a60c92f2cd0dce796fd716568ff5f1f99e3d7b1d9c39
667,2668,0.4213789999485016,59.61613609001506,101.13287595903967,1e2c4e73dc34f23deb1631e7caab14b9166c0e10d018aec5dcdc86aadf08b1f5
668,2672,0.3349561393260956,59.70308879890945,101.21983904205263,3a0fa4a275672643981c2042b02e24bcfaaaf0a6e903322733a855f6005e9a40
669,2676,0.404662549495697,59.79184113186784,101.30860008404125,b40c1d33c0941bdfc3de00bad3e7b56ecb4619f39c55e4ddf83a0c7c307ca490
670,2680,0.5518895983695984,59.88264463189989,101.39941345900297,3f05455328bbdc32a08d41624ea0336258cdf3ef8cdd8f535c30d8108a3a77ca
671,2684,0.3692644536495209,59.969095881911926,101.48588300007395,9acb13d32e064851fe105ab374fb88da7fda617c564f11ee309ad6f091acd74d
672,2688,0.3276227116584778,60.055512922932394,101.57231066701934,f9b7792bd37e5167f5d6c3a70aefc1bea928fb0632423b96bae88b57ed7ee1b1
673,2692,0.46892327070236206,60.14273838093504,101.65954758401494,2efc48d86e01f92a6ecfe5e5497420d0e87335ba7aea65235dc4ae924503bedc
674,2696,0.4431099593639374,60.23121413087938,101.74804083397612,02f25279a816218d556a8b06bd034821495f5096ba413102fd445731980cf669
675,2700,0.36196666955947876,60.31808792287484,101.83492687507533,3d9b006cb902b615551d3944838f8343a7fd7ac1a78cc7f3a2e49b0ffc770530
676,2704,0.5654894709587097,60.405543047818355,101.92239287507255,309a4624af33e9909760dfaf9316198fd66eeaa42d4552fef32d420a871fbb14
677,2708,0.5140475630760193,60.4939776728861,102.01083870907314,ed9219c3824ccd6b7df1c73b809ca8b4fee4af06222e4dce8d0d14c241a88968
678,2712,0.47106045484542847,60.58169800590258,102.09857074997853,7813dfcf4febd039924f88b2d4c53fc48d186c210cb3ef7a24415a0e3abf4b59
679,2716,0.43194130063056946,60.66843454679474,102.18531958397944,7aa43510fa6dbb6ec281fb231aeedbd455a0a630899ba4a42fe070d2a425871b
680,2720,0.5351597666740417,60.755432671750896,102.27233183407225,8d41179403006b170970b4f0a2d48e7e2526850acf3776d44e7f6004799d1a73
681,2724,0.3036237359046936,60.85413200571202,102.37103991699405,b67921333f13c4fb6a0ab0447f62d81918d41909434db31f90db158bf7388cd9
682,2728,0.2882746458053589,60.940628797747195,102.45754741702694,954262ece8f105fbec0c1d89d3201cbf28d441d8e8745139667f56888c7f3d72
683,2732,0.3249092102050781,61.029073839774355,102.5460028750822,70eb5a11c5e43f42ae99360c06a71b255e6773ca23429154bd24a85244cd858d
684,2736,0.4112118184566498,61.117398131871596,102.63433699996676,09a5b6491d7cf827b08dcf59df1a70bfcf9c639c8944365c02c2fe5637755d12
685,2740,0.48433661460876465,61.20487817376852,102.72182558407076,edc9f4443474a953eeea9e9d5b43af349d1278e89d0f79ccf1ddf01f76a24d90
686,2744,0.5918688178062439,61.29331896570511,102.81027658400126,ee83927f0a31730f50725749301428d295366b183ca4d39b08e8944adba056e1
687,2748,0.568260908126831,61.38859125680756,102.90555891697295,6dcedb27fa8c19aa89f0596aaa66fc953a2759b43f39d982bcd3072200ffa96f
688,2752,0.3530987799167633,61.47561729885638,102.99259558401536,ae705517411b8972c318ae00b4468d13f8930660cddb555502507e4380cc71aa
689,2756,0.2943142056465149,61.565268632839434,103.08225637499709,08cec2c1e5cd7b0682cc20cc6a55dd27e74159442e84ffbc01a0f6e6a7bf7c7c
690,2760,0.462227463722229,61.65551688277628,103.17251475004014,806b353759a549cdfd576d92b7389a511c503c451c4f4eb4cc3124ff13270c1f
691,2764,0.37909042835235596,61.74345609173179,103.26046508399304,eaa4d37ae7099f7b743532cb2ee6db3551a0d155a43ec31eebeac77fb86c9575
692,2768,0.33591610193252563,61.84197650873102,103.35899425006937,ceeeb71863d5a6817aca03bf5b8f56aaf6541fb2af2f3dc1d9c237cbbba8266f
693,2772,0.48665180802345276,61.92983500880655,103.44686295907013,716be698532e8942e365ae95abf7ec8b3c2efefe44cd272740ca8c1f1a79a7aa
694,2776,0.3679102063179016,62.019112050766125,103.5361489590723,16189c6aa9471dc2d3e7b6bf4dd96d3708b2ceab0ce07747889f7959b9185b01
695,2780,0.5010465979576111,62.10671613377053,103.62376233399846,b805aa84e1139dca6cae2900942ddeb52f30a5830735eae3b198816fa8d23a88
696,2784,0.4329307973384857,62.194247508770786,103.7113043339923,f6cac62401da793466b50367466d29d698c9743d4338adc413303847e2215da4
697,2788,0.3389548659324646,62.282122966717,103.79918841703329,69a86fb1037fcce593a623ab0c0570b5abb80640b498280f05ca418365898fd1
698,2792,0.4461473822593689,62.37303629971575,103.89011000003666,ab86e8ae9f522199e1887b870f69e0e03518625c52900cc5167219b5891d7934
699,2796,0.4582228660583496,62.46072067471687,103.97780233400408,c79e7609ecf025a8d146a80d2fc96fb6a21822969f4a1015b8d32706f41e1abf
700,2800,0.48316821455955505,62.54687046678737,104.06396162498277,63070e4e7dab0b42d50be9245c6de184911f8c7587179d72a101cd419e29f3b0
701,2804,0.42707401514053345,62.63311463268474,104.15021333401091,410e7a94a169cc3f388542e345fa278cd27ca881e366c1f704725e4d67bdb700
702,2808,0.6481053233146667,62.719897298607975,104.23700412502512,c526d19cc7a3470f1a54bcd6151db4e06b77677253792ef9ed0f9c56f7c2836a
703,2812,0.33644139766693115,62.81336429854855,104.33048316696659,81425daf87478a04078f637b5a327a2a69cbbddb967894e8359d020253634a39
704,2816,0.33062779903411865,62.90058050653897,104.41770916699897,15017a522dfe4eb0f79f9976b87a3b903a0c63fabcf495e843dd150ea2a79b9b
705,2820,0.38477256894111633,62.987568547483534,104.50470541696995,48f215816921e462e1b2d0e78a91e390fa74e93a3c9a7bd3978111031cfe2f49
706,2824,0.5350809693336487,63.075257714488544,104.59240233397577,b4d970c38e5f3038da226ff3a04d00d040cbe1de7f74f39180f66a85555da368
707,2828,0.4782603979110718,63.16143025550991,104.67858733399771,7209ee1980235f5f51e8d0980863c9219291bcb7a24a5ce798798272744bf964
708,2832,0.44768384099006653,63.24948492250405,104.76665362506174,0f5b0ff0813cd965340fe67e40d405fc076383c6cc16ef6b7e44499e00ada6f5
709,2836,0.4141937494277954,63.340425589471124,104.85760458407458,0c43b51f6ae18c4706f853aaa8b9c12be84229aaf323932c29826b7979072416
710,2840,0.34371787309646606,63.42683304741513,104.94402187503874,f1ce0bb7c5fcbbd22973b6b9e42b49911977cd3d797d95e56dded14f656fc88d
711,2844,0.3139401078224182,63.51453154743649,105.03173124999739,47db5fd77dd6745849aa574f1b84801a2c38750fd0e083ce7ad67bf1801e419f
712,2848,0.30029821395874023,63.60101325646974,105.11822520906571,bffc086f2cf945092e5972e11651f30bd68e220cc6c3c2deecec08d0e6fe49a3
713,2852,0.3436167538166046,63.68983817344997,105.20706200005952,cbf5530b54f68edb8bba3ed08ba4192a0fcc8e701bc2379b7a1816d3c4d43ec7
714,2856,0.3068292737007141,63.77872338145971,105.29595825006254,30e617a8cbc1a327a0011fa8a5e932c0e26008be61e28378e89e94bd0aefd2d3
715,2860,0.31685671210289,63.87122192350216,105.38846912502777,89425576918fec5d37c5798aa36999bc8f4e7e61722acaa4663ede7baf5c2dc2
716,2864,0.41294342279434204,63.956613423419185,105.47387216705829,e92b041b2e85d14c9a4dfee2445804ea452483ce73de50848b64937de556adda
717,2868,0.3139635920524597,64.04382679844275,105.56109608407132,7885b80367c72ee4ea1ee94b58bdaa2833f97f4c8181ad8109288e68a831a2ec
718,2872,0.5204868316650391,64.13215121545363,105.64943270897493,8a2f7ffff00608e6117760f5931da69afe3c21a7d585cff8f12a2fe125661ec9
719,2876,0.29004642367362976,64.21846767445095,105.73575779201929,d989010aee2017ca72da47f5455a898d106c211085717ccff6424cb6d0983f3f
720,2880,0.373151034116745,64.30743596551474,105.82473870902322,befbde7d6e46c2fbeac220c4e9aeaffb438663ed58e5fe51fd20748b95360838
721,2884,0.6719017028808594,64.39474063145462,105.91205237503164,4b9a0f23e2b62fc291585a7bc074a1569a75d42a4d97216c8344702642ab4617
722,2888,0.4131432771682739,64.4811544654658,105.99847445904743,9a78a329ee11129a3de7dea2ee5502db3bee65b31ef01659fbde1168b4b4da6e
723,2892,0.2973663806915283,64.56724396545906,106.08457420906052,67c5d0a0b90c7d2f3575e3d13878bb2658cfce1e187e72e5c4cbd41506aada83
724,2896,0.5051887035369873,64.65440317441244,106.17174208397046,1119933eaaa1b172834f1230ca9c40d30f11b815b5a8fbed1d22f1f9e299cf2a
725,2900,0.4286261200904846,64.74251813231967,106.2598657089984,6802ffc5193892471200c83946f818e2d2cd9ce4adb53d612d0ab23760fa2d43
726,2904,0.5461302995681763,64.83889059128705,106.35625020903535,67e8ecee6a2cdf6fd24ed9a999b6579e296e3ba665b055b6216792a434882317
727,2908,0.49334144592285156,64.92567046626937,106.44303924997803,8333b4c5b5531a07359ec6a3ee7666468733b5edc6fee740bc9cf928f9723552
728,2912,0.43805888295173645,65.01257221621927,106.52994970907457,296d9ab4974d98946e8142bf4bd7898fdd7d306038a123fbd8f0e0d7e1ea38e9
729,2916,0.39895808696746826,65.09947642427869,106.61686349997763,adf922fd76e28ba0fe2a936f0e375354d60d6618f4a38fca172b8857e0fd6291
730,2920,0.5336657166481018,65.18690809130203,106.7043037089752,1934cedff81f4ce8d599d72c6cd9463a6cd6c323eac09b5cbcb562990deeac2a
731,2924,0.30004146695137024,65.2755217992235,106.79292654199526,4e83d27fa79f6f48811fc5d5ef5c5eb96bc1c809f7eebcfbb8d4915470bbf24d
732,2928,0.26866504549980164,65.36799400718883,106.88540737505537,3c0d683a685d4dd96e3b86f2a0069bb74480f887922f759db671951b43f23b11
733,2932,0.31398600339889526,65.45469384023454,106.97212054207921,8ed49a49251f4a0be449599afa4ba6b8b8555a578c70b50fa894cc89b6151329
734,2936,0.6753937005996704,65.54200654826127,107.05944083398208,686be78ce60212590c48791ec79e2c315dd4711af23e496d71ae4b060da96bc6
735,2940,0.4010067880153656,65.62930434034206,107.1467470000498,100588ceb60132afb5e7cc57339b23ec479086a786e974f60c1adad70dcb541a
736,2944,0.5789709091186523,65.7167872984428,107.23423850000836,9e4cd98b3d0a2ba194d859799510a95239e289ffb20b509c1c30fe37258eb9a2
737,2948,0.4470537602901459,65.8134510073578,107.33091270900331,1f9cbb754589476d16e14e00930f5fc676e1db5770a43f3cbaa7f2cefcc88758
738,2952,0.2932029366493225,65.90272967435885,107.42020445899107,ed983c3b0026545cc0cbf1696639ffb23595580ea9cd82954a23c3b27501578a
739,2956,0.681359589099884,65.99274288245942,107.51022941700649,a202e99938344de9df9d7f7addf8de69f5deae66e988f283f6aaca6d22ff4c8b
740,2960,0.36411383748054504,66.07942821551114,107.59692591708153,6bb9289f5ddc795ce00f3a01c05878d7feaa29907e84039ffed205aa0fb4dd68
741,2964,0.4107997715473175,66.16833075752947,107.68584125000052,ed22f8de6aa9d73c396fe87480eb057bb151910a8d18afadee44c16e40e963e5
742,2968,0.5985206961631775,66.2565699245315,107.77409137506038,b67961f0ac10c7f300c95554ea2af1e0b9ff9978cc3c9db569fe5f0fe6e3b4f8
743,2972,0.39945393800735474,66.3544201325858,107.87195566704031,44efabc5d9944522f3955ea9f56567938135feca646344d1ace0988bfc4fc889
744,2976,0.3786250054836273,66.44392371666618,107.9614726670552,7496ca0263c204f5d180555c8159fcda00774b5a9645401e0e9e5bc51616aaf3
745,2980,0.394350528717041,66.53298504964914,108.05054462503176,5f92e61419739343b2d10eee6edb23f1359cdecd8147c7202dc458bf064513ae
746,2984,0.4262157678604126,66.62091929954477,108.13849133404437,0ee2f197db99f173533f28181ca5c51f715cce41f744d35e31ad001d189de6b1
747,2988,0.5582608580589294,66.71014700748492,108.22773116698954,55fb621000db0f862a86e967b89fd0efdc5121d61ffff5a73a62ce334a702cdf
748,2992,0.43170157074928284,66.80984617350623,108.32743979198858,f42bce83dde5d50ed7571e8b23dde21ca8ef60a534d94d814f3ff38553e21274
749,2996,0.5732026696205139,66.899680673494,108.41728554200381,16cf5ed87d1490c38c36a16d84586d9b965a7cb0e0dd798792943aefc2a9a093
750,3000,0.3945198357105255,66.98775400756858,108.50537525000982,f0835ec00a58968de7acb3903413219758560f785bc2e57d8dbdb3e2b2987d9f
751,3004,0.45647379755973816,67.07502200757153,108.59265566698741,b5da0b4708344a360a140c2934911d7805b57b9c302f72ab39638269193c388a
752,3008,0.3562072515487671,67.16193363256752,108.6795781670371,a5f19705106f617e6d52396c81627acb66ef025304cd92be88e45a5da2cb0ff4
753,3012,0.4488806128501892,67.2503946746001,108.76804829202592,8fe173df6f399e029913cd996e4cd8e1efbda9895c11b8a647a1d56c88960bf9
754,3016,0.35616761445999146,67.3423790076049,108.860043667024,d185fc4428b57c859f73cdcff0a98b9c2e8ca7d2a782830e76517bc7b28082ac
755,3020,0.5665740966796875,67.43076313263737,108.94843866699375,492ffb1b3674e1701cc5c40967f373740c7a49fda5242f7683b4ceea6789093d
756,3024,0.6064752340316772,67.517457591719,109.03514412499499,6a7d7de7b661ec55b661e06002ecaf30e8629b2dfdf7f2799dc568f0600d0f2f
757,3028,0.3482650816440582,67.60452442464884,109.12222045904491,81e63d349692b9ceddea67360e12d148e2fa6074c36643bd2ea59c0613bcc868
758,3032,0.3634592592716217,67.69268871669192,109.21039591706358,2ef5895a9cedfa8aa81bd602b37aa3d75040539badf5ae145d675275a462f337
759,3036,0.3853563666343689,67.78490671666805,109.30262487498112,9ffca921b6efb1707a04120e57e6db97ee38dd624307043b86e2389f1846041a
760,3040,0.4320423901081085,67.8748657166725,109.39259737497196,4b48f52f25bce17005fdc14fc30e49e0ff21d3ac2059cb1282ac1b95570507ae
761,3044,0.4358747601509094,67.96284159168135,109.48058199998923,398e3122b5633b567696eddef3cea1d7b383d814a80ce4713b6482244e5902c0
762,3048,0.35884392261505127,68.05099317466374,109.56874350004364,89c94e5cdbdbc093c02dc9e7fe22520875d75a7d7d297b025e6a2094e5badc8b
763,3052,0.27735137939453125,68.13917959167156,109.65693991701119,a0b1f1a853266fc957b597db4f59e0e8c275e44b08a0e40a0b82b917618619bd
764,3056,0.33377301692962646,68.22619842470158,109.74396841705311,3ffec7b231655291531c8736d9462443206e3f28cd44e0b223bcb869b36509ba
765,3060,0.48508256673812866,68.3146560076857,109.83243395900354,29f97d41175dfcdbb2513cefff9574d1443170e0ca8fdc6daed4516d03474096
766,3064,0.5854504704475403,68.4032830906799,109.92107237502933,168038becc8ddba88ce211b3d9813bfa72aa739d3a625ad92ba8d7c45dd0c583
767,3068,0.5888270139694214,68.49125309067313,110.00905154203065,59e26595f2e0dfc5cf5c09758af5b8c35fb49617748254abfdbef4e54ad74c01
768,3072,0.6492716073989868,68.5791876326548,110.09699633403216,22ba6e962707d8014a0689cd832123e8e842fd65557aa9874cf3fd74d86d7d3a
769,3076,0.5106403231620789,68.67860679968726,125.35355500003789,f437cb908314125fa558b60de7511677dd4d5eaa680f0948ea12792cdbbab0db
770,3080,0.3106848895549774,68.76700463274028,125.44196404202376,fa850045dd3f71812a3dd1ca1e82734407800c9d8db620f5c5b7ef79cb660990
771,3084,0.5142383575439453,68.85481771675404,125.52978933404665,b2f81d77b3517e1a34a2e70c21225d46ee48f23c492e578870d89dd17b015295
772,3088,0.42564597725868225,68.9413529667072,125.61633704206906,32ce6d323f1a5ac3ad5f0dbad29bcc9035cbcc78ce45c6237eaa7b6ac4f4a493
773,3092,0.8213191032409668,69.02950263360981,125.70449795899913,722f644792afb374159b5362e2d14d3062785716fb775518cc94d90c30e5e4d3
774,3096,0.6075271368026733,69.11733238364104,125.7923382089939,f3a488e7a6fa4b6ac515d86ba88bae99a913e269cda07e3f1252354ca4ad2969
775,3100,0.37328481674194336,69.21026617567986,125.88528104207944,f93add3629965a316cb563ffc80faf4617e9cdbffc535dd163369912045974ac
776,3104,0.39237701892852783,69.29797396773938,125.9730008339975,d6fb523caa8b7bec82061cf453f044e940cc9f9212ee6f6b53c91e969f02c0b9
777,3108,0.5032787322998047,69.3861354268156,126.06117366696708,a20a14e67cc1f407ea1ba3eec5bdb82c8a4786df9993d71d2ca497367508c07f
778,3112,0.3353460729122162,69.47342617681716,126.14847604196984,e69d72b24bb0549b0bff9958472760233af0a6dc56dae4addfb5bad61f3c1afc
779,3116,0.32789120078086853,69.56166892673355,126.23673129198141,e412039fdb4dfef9fd225bfd627e8b4a3cf412e733115bc5510de40d326e4185
780,3120,0.3340330421924591,69.65941175981425,126.3344856670592,67072801dcc8123330c7e9d2167dc656ef9c7592a1b3cc5c1badd8074b31e693
781,3124,0.5312307476997375,69.74660971784033,126.42169620899949,5a8bc4fd84312679f11da28478921f65132c4ac096e31348aaec1367cb61dfaf
782,3128,0.3699648976325989,69.83461850881577,126.50971483404282,50fa98f9ae70a28fdafd8f437102fe25480dc6604c20a5ddb335fc06ae75606d
783,3132,0.5305206179618835,69.92171404976398,126.596821833984,542a2e6b3923854af8c3d019738e17cb8468d8f468a75b7419645c329bf296a6
784,3136,0.36636313796043396,70.00858996680472,126.6837066670414,04a9fc71869ecf0f26f6a6c72951a7538faef65b87058085d8cec0dbe5b0751b
785,3140,0.6206293702125549,70.09701146685984,126.77213749999646,eee0fd28f12998c0d2fd1a8119320135692008c02bbe9fa83f325c0ed874bae4
786,3144,0.7214488387107849,70.18732359190471,126.86245904199313,c9f5e609b726cc97b4af175246cf6ba1cc3ffa7093429a38d7ae71a5b1d03ce5
787,3148,0.34356358647346497,70.27383096690755,126.94898466707673,69cf7eb990539faa1a45de6b9426f0183b3ae6422a3b4947581276878479dee7
788,3152,0.40991392731666565,70.35974688397255,127.03491129202303,347aa9268f8d770dfa39494051085770d9d7bf866c05514c9aaeba82ea7e0ee1
789,3156,0.5183184742927551,70.44735809299164,127.12253200006671,4bd85a4b99280cf8c7c2921ddb7c524f5e2227cc80586d40215669b24d822b32
790,3160,0.567984938621521,70.53307492588647,127.20825770904776,12fed4b1c155d2d66d0cb70eec205f581af53294b3954ec629611f02f6129eb5
791,3164,0.459347665309906,70.61940442584455,127.29459866706748,8c4019d1352e614468b6d696ec62673dd0e3a6904f190ef17e5fa93aad3f9c75
792,3168,0.3774190843105316,70.71348617586773,127.38869254197925,3e21e2a2d2f57c70187bc79a6b14a1e378266940650b6876e2db2be70729fe67
793,3172,0.7220507264137268,70.80123096692842,127.47644833405502,ebb3289424df13a6b71b5fa2af0a029740bfbe4e4b9bce777e1e3231feb6fa27
794,3176,0.5319979190826416,70.88708371692337,127.56231208401732,99697ea002d9b12469d70ce01ab1b4acb2b917ab942fbe8628302356860b7958
795,3180,0.3751622140407562,70.97357550798915,127.64881325000897,1a0616176b873b4f12b183fe3ec6d813116983395e0ef0dc8d4790b40afe2623
796,3184,0.38786759972572327,71.05947909201495,127.73472483397927,e7ae46e425c280e707f940440d05606e5b2e4875cd3dd413fd8952bfd53c72e6
797,3188,0.44629913568496704,71.14612538402434,127.82137958402745,87584260150aea8066833b40825c2d2e316170e0f7141edcc66160f75974e7b5
798,3192,0.37434327602386475,71.23450017499272,127.90976425004192,91ebaeb46a1961c8b27050c14f70d03e0dfee1aca1ed2ae0a4e4f8fb4e22abe3
799,3196,0.5487140417098999,71.32183538295794,127.99710962502286,1c80910bee5aed5789cc4991ccc8fb04ad0d36d58570756210248747f38807ee
800,3200,0.8267764449119568,71.40966388303787,128.08494645904284,98f27a82b4b791894a5fd9d4921b81874df209e9b5c56488ee5ac2752a8399b2
801,3204,0.3531900644302368,71.4973444249481,128.17263558402192,75db9a624dc1850eceb4e981d180c7304f95a96943c1089fe496761a8fa5bfd8
802,3208,0.37833210825920105,71.58440463303123,128.25970483396668,2ddf7d1894a35a768f9c4b6e98af2e87ed70847aec850c8af9489ddd04a89865
803,3212,0.3370251953601837,71.67903000803199,128.35434233397245,82594698ea00f4a5832e0d5b52cfd4e4e52afa0c7c5bc7f618bda320b7e9ca37
804,3216,0.5220856070518494,71.76636334194336,128.4416852920549,31832f51c947b192a4032166c209ea49bed96530de44a0b8ee74f63ddc2995a9
805,3220,0.3110857307910919,71.85248146695085,128.52781229198445,9a9a1c4f5061d4ec1c24a458117588e970ee14cc2a7c6b431b45d7d9303c0942
806,3224,0.4624480605125427,71.93998650892172,128.61532654205803,a814b98ff7497707be20aef0c63ec2eb0a4b4478be329715c4f388326efb2954
807,3228,0.8351892828941345,72.027147716959,128.70249795902055,8c9a1c142baff6007a54692e3492bf4cc42bc4740201c0f97489089a2b12982f
808,3232,0.32806596159935,72.11355350795202,128.7889132089913,b567d14b7062788dda13e8c0d06077ddfb440653bd01e3e1087e9e1612062fad
809,3236,0.369242787361145,72.20650404994376,128.8818762920564,b8c659a196deeb22f252d834b55095d1be7681d53bdb791a12256e6bf58a9982
810,3240,0.5795918107032776,72.29452546697576,128.96991037507541,429dd7a95e9af4e883df0b2ea4651346425936fd23b4a92ea92f34b08e5daaf3
811,3244,0.39383211731910706,72.38248517503962,129.0578824999975,96a49d89e18307147271109fd68c25bae3a9e950fe63cf10470257641a85d756
812,3248,0.6451420187950134,72.46849863301031,129.14390691707376,21a22462f8e5c3415dbcc11cde97a5c1d8768a36e73f75e0396f49e31b8f477e
813,3252,0.3886825740337372,72.5542977170553,129.22971650003456,9fcec7f2c3fff40b253b75ed464f8eecce92dd34baa276aaa22256f84b3d0420
814,3256,0.3157047629356384,72.64581188408192,129.32124366704375,6ab088185109b1e22e502c887e02389902e095bf01117ddaddd045acb93a2b1c
815,3260,0.33257630467414856,72.73337196710054,129.40881504199933,745010b7ddc14a4bce3a2df8a42f56d94554b78aead02302f7e4f2e4fc438e85
816,3264,0.3844422996044159,72.82008484203834,129.49553758406546,20e240d05ff582b1107a4f719ae03fd675ff27da69f98cf4449b6fcd87fd29cf
817,3268,0.39558109641075134,72.90580705099273,129.58126995898783,8570a393e86426882ec4e6932caa79a325e0cd54df6b81e11a0fb1d1ad962eae
818,3272,0.4601025879383087,72.9918786350172,129.66735112504102,210582114d1db96b33dc1ca225da3704e50ed479c445f3cab95123004bce7fd2
819,3276,0.5529800653457642,73.07713938504457,129.7526222920278,8e920c7368f30f3bec5ee7e516f7257dc3a1850f02178e55432a408096e48040
820,3280,0.5976202487945557,73.16426634299569,129.83975825004745,ff431bcee8631957c7009eb4ece9b2f37b426b84a6f0f16be676090396a6f654
821,3284,0.3465951979160309,73.24951088393573,129.92501183401328,cebcad8ff8553f6319f87b65987c3d45cf946d38b7a3c432d64c7ab66709a7d4
822,3288,0.3844507038593292,73.3339346338762,130.00944308401085,96a5350cd442289c674d8e451a2124ef153b14d0026784479ffedc4aebb58329
823,3292,0.3098214864730835,73.4194851758657,130.09500083397143,a6f43514b50e78b5c4d13716e62cb9a7027e1b48bf77dae324c6bbb5b559ea2b
824,3296,0.36387306451797485,73.50425363378599,130.1797784169903,3d728b3ba201c1107ff05c63240a1172b42ad61abe2dd227c395e14bf8ada2b6
825,3300,0.3206496834754944,73.59019225882366,130.26572683406994,8e514fd93f3aa31841f2b5f1ba198fa15119ba78c72c21eace7f023d7ee075b1
826,3304,0.3230181932449341,73.68651342589874,130.36205595906358,b98a1dd80c21b121a931b0286c68de6e238d62c4b3ff07cd13ca068121aa5ffd
827,3308,0.34073975682258606,73.77213896787725,130.44769012497272,7bdcec119b373a60edb125ff5e2f0fcfad9a95d5fc9e9d52b9336bc5282d4968
828,3312,0.3611069321632385,73.85975171788596,130.5353124170797,7386586959e3b6f891793efdfebd82e6fe307cd5f7d25eaaaa09e8f1112165e1
829,3316,0.4348413050174713,73.94634375884198,130.62191483401693,68888857c29fe2c902cbac9f02d9aec859718318d91dde9e8a47bb28bd31c909
830,3320,0.5268759727478027,74.033831467852,130.70941229199525,f948e82db63b17ca2b7c1f0a27fae0bab42976c06284257af58538ba726f6774
831,3324,0.34517836570739746,74.12018430174794,130.79577441699803,3c90a682e73ee9f5721f1e5d67b0651079c35e1cca34a8ccf9c4024167cba57a
832,3328,0.82530677318573,74.20933026075363,130.88493837497663,04d17caf044057884b06060d1a7c0a1ff8086c5f0f7dcf539c0101135e8cf53c
833,3332,0.7197762131690979,74.29530259373132,130.97092083399184,27f3eedaed4f05335a2c43110156985990a7289e55483c2ca7a9ac901e1137c3
834,3336,0.49421238899230957,74.38037742767483,131.05600654205773,f3ccde5a5821fc0ef23c91af850674e8760f7c2f00f5bf3d68fa6987c2bf90fe
835,3340,0.5627660751342773,74.46672851068433,131.1423667090712,b263a913f761be2ed68c8ed8760bd5ef4d15c1fd97c9560d8abbcbb4c48c375a
836,3344,0.5078662037849426,74.55246442765929,131.22811091702897,8eb36c8362e205f48897fbc164225e9a2334f17c97515c3c3cba36165bddbd1d
837,3348,0.3159385025501251,74.64069521962665,131.31635066703893,fd85d2e49e9ead4766defcbcc8067daadecee5cc1923c37ed52b20d76b54311d
838,3352,0.4390392601490021,74.72794276161585,131.40360666706692,2f9a28c10ab27a524e09e32028bee03a32769bf335e03b6cbff9b771762be401
839,3356,0.401659220457077,74.8150003865594,131.49067916697823,f73de50d3ad3ba182642b33a855656ba5dcf70093933beb5f3e9540eb47bd0a5
840,3360,0.3337354063987732,74.90063109458424,131.57631941698492,e1eb586aa3522e1c3c620944270258996c36c9ecd949f65b9f56aeb9bed09688
841,3364,0.2674676179885864,74.98618605360389,131.66188475000672,6d056f14203cf805d0cbe382fb724a54e2ee5d1ec3676b965a2067b92cf8c489
842,3368,0.31844082474708557,75.07250592857599,131.74821670900565,dce5640b1178162b93dd638778f42c83cf1b206170cfc41942ac446acf197509
843,3372,0.4392828941345215,75.16002826148178,131.835750709055,fc58b3cee6d4cd255081e6a2d484c5582b1c1a9a19566c11004b126c954fe62b
844,3376,0.39442014694213867,75.24588242848404,131.92161662504077,e7d6a8bc06faa08e9fceffb4184bc97cbcae4f2b9dfe6a6b725f8d637dc408d8
845,3380,0.305531769990921,75.33401317847893,132.00975766708143,d883495207bce0e040c323b40cc62c6d89447f302b413549dc477956b7da1507
846,3384,0.34776437282562256,75.42196771944873,132.0977244169917,ab0034733e7b486dc43a8ada1e7c673f1fa912ff2f0ede5eec1ce48c37e611d9
847,3388,0.2869211435317993,75.50769705243874,132.18346325005405,06863f47693067c57df6047af04e6d7a8f683abf11ba6f2dd974235fd6c31fb9
848,3392,0.352716863155365,75.59295855241362,132.26873304205947,8de78b69cb2d757d1060339f1467e56d138a38b7136c88efc2e83de12f911d7d
849,3396,0.405489057302475,75.68845409341156,132.36423741700128,6a6f654a297db1b77364b3c66f87de5be4cd70e37a03766e825bd1105cb6e1ef
850,3400,0.2948179841041565,75.77469163539354,132.45048437500373,795f4aeb386f9791f36a9edac58c60cf44ccd1451333da69a0cd9b798d7338d2
851,3404,0.34329554438591003,75.86196226032916,132.5377621250227,a02001d67d1fbf06f60c593031a248b1d9d480a3a3ab575b492a0492c03cdae9
852,3408,0.5120299458503723,75.94808488537092,132.62389441707637,f3824a338c572b61515bf9986d3487265475aa19869632305bda8a057b2d5228
853,3412,0.2865615487098694,76.03303038538434,132.70885133405682,879a5c6e6d8fe3b5642646247c9a0e6d8358364b8bb159db0558346481628b08
854,3416,0.5279941558837891,76.11880967742763,132.7946401250083,d6feb028f41e5f6f16151120e3a83ede44a62fd96ceca266d2d71c31ad7dce5b
855,3420,0.3591573238372803,76.20803851052187,132.88388270908035,a3704ec12b895f0b13f32c4ab05001f32bd312d9a3ef217176f65358a3bb8a72
856,3424,0.3088870346546173,76.29424651048612,132.97009987500496,7a46d91a92655d28153cd45661d7ff8af3255946cdb0ce3086765ba7402fd3ea
857,3428,0.3716736435890198,76.38144517643377,133.05730820901226,7f60d759538d1debca8abd2a68a221a4f84f61fbbf935c00b349d46019320397
858,3432,0.3409637212753296,76.46753642638214,133.1434081250336,f9ae7665119ad56223127ce2d1148e01b684d4b77b6d9a0ee75986d8e00e227d
859,3436,0.3132818937301636,76.55475955142174,133.23063970904332,fce440054639c8f12c711be56b97bf829496817ea6cf1c8b229ec9c76cedf4dd
860,3440,0.5654841065406799,76.6525207174709,133.32841025001835,0547d6114af3ccd582df3166a3a35ebdb97e034a13bc1f5d8081c17df4e0a01c
861,3444,0.4571394920349121,76.74178109248169,133.4176787500037,ff07034db35efdb15c781df42025fe81e9054ab78767c3dac03d275b070dee5b
862,3448,0.32976582646369934,76.82956330047455,133.50547237508,33f008ed79c4444d99790f997289ec3ddd4ce7b86b2458a106c081078e78459c
863,3452,0.29426178336143494,76.91697325848509,133.59289199998602,3f1c47f0c83af2ca75d7707cded414071d6e65a60cddf2dde28a1c7fa0f5af11
864,3456,0.4078974425792694,77.00364200852346,133.6795699170325,de6510f5916495a3cd463775444b5958fb607aeed81183720479f459274e8465
865,3460,0.2826177179813385,77.09057696652599,133.76651262503583,b9b2b1ab52c8c6ac6b44c4e745b7a34bf8349d68c2c7abca7dc1481c5c9f709c
866,3464,0.26128867268562317,77.17778546642512,133.85372979205567,b080325580c0538ab6d03250fa5a7e9ab9573011250d0db76278be735fd8073e
867,3468,0.5764508843421936,77.26426163339056,133.94021454197355,698e051142ae52ef7588f93394e07c55d1d67140ff8c10deb170672405f18371
868,3472,0.5531613826751709,77.35149184241891,134.02745608403347,0393b813d67ea0b7e90386fe13ed90f9bed9da82f84986f1df1b9c5f839b7fb3
869,3476,0.5404677391052246,77.43924975837581,134.1152227499988,73a17ead7eb4979a09e9358244799de9280dd9f510c6af9ded1c173b3ccbefb2
870,3480,0.34799665212631226,77.52486213331576,134.2008443750674,0de6c1108c8234c5677623a16967728f4f84d1f36421bbe626070bc297c24ee5
871,3484,0.39630618691444397,77.61230746633373,134.28829929197673,ac05085be2fbf614ab04585f14f22bd9fb65e93e2225e4fe4cdf2583dc9b87ed
872,3488,0.3353959023952484,77.70745617430657,134.38345929200295,2fec3146342015c2aa46f70ed902692af9c5430226bf344d1f092a43adaa5aa6
873,3492,0.31754007935523987,77.79483988229185,134.47085408400744,bd5ca0011dc379fc219f95b4354e9b2398fc5ee3120ce1fcae5cceb41dfc9a17
874,3496,0.539256751537323,77.8813499652315,134.5573747920571,6c86640d401fe93c7c0b7f21981480caa44632a9a3fa0db31e5b7421bbe53c5d
875,3500,0.5600576996803284,77.96752538217697,134.6435610000044,23864ea9dcf5d3adee29790d4ab97f5b5486a4ec274cc67ea8eb5f0915f29c2a
876,3504,0.42241546511650085,78.05462804925628,134.73067508405074,3c79a7cb39843b176240d89b7016fa498a0a16590df746049df87750335680d8
877,3508,0.4604390561580658,78.14607900718693,134.82214108400512,a2f5c12ca78a438003e3efe66c2bc2b0b0eeac697ebc037aaf54176c06cdee0f
878,3512,0.40907472372055054,78.23501763225067,134.91109329205938,e78d2cb3d4ad88df2483354b47ad688c99e3ecee53cbe4bb3a6fbedb8ea83b09
879,3516,0.5233859419822693,78.32462684030179,135.000714834081,724f7521faf38bb8127ba353ba15170e762e30e7f2dac046b3f7f23228de3998
880,3520,0.327239990234375,78.41171379829757,135.08781308401376,c90b432c0144f997c5201a131a1bc642bdd8ea8162d61ef1be237abcc7b4ce74
881,3524,0.4564971923828125,78.49866146431305,135.1747695839731,94155602a20de19db1fa6a0481d5b29b38f26289006d3c5755eee692e0877ff7
882,3528,0.3452676236629486,78.58576475526206,135.26188379200175,3fc49897e44dc184be004ba19ab116d6b5406b33388b60d0c744ca0389bf62da
883,3532,0.5369539260864258,78.67919425526634,135.35532583401073,217eb3d21b6172ced4fb53a716b6b22cfe017cec6760ca6f09702b424b566b57
884,3536,0.31057947874069214,78.76799017225858,135.4441317920573,b4138b4a3fda141021f6961aeb44fe15a88098858b63e17485cc2ccaa73ad6c3
885,3540,0.36403077840805054,78.8544725892134,135.53062450001016,e70bd977e26a501d5f8e243d450a54e35f3b88b776df8dc314b068f2105c9036
886,3544,0.34179946780204773,78.94152188114822,135.61768337502144,c7ba328cfefd1d779ef554e99bb9238f48490744ff38a54102c34366a7fa4da6
887,3548,0.5938746333122253,79.02745088119991,135.70362141705118,bdfa0cbf310f4dce71e04422a967a1f6dee36d4af72d0e8a4fc89553ea7f7f60
888,3552,0.32120463252067566,79.11513313115574,135.7913152499823,3f5818df070b7ea4c958dc7ae47753e0796bba4578f3bd1e1140fe3f89fb3b52
889,3556,0.40738290548324585,79.20652542216703,135.8827193750767,f3614a4b798547874255f0c5def29c844f36ac7c421a4e0ac828121f50a49264
890,3560,0.38310903310775757,79.29282513121143,135.9690305000404,0ac9092a6d925fec66f602fceef1bd1e3b80ca8d7c8f105db2d2d5670c6b3741
891,3564,0.7067626714706421,79.37868475622963,136.05490025004838,2a2065acdba9abb0851a038218ca5d949089d99bc22ac8352b3bbb902bd9e400
892,3568,0.2955006957054138,79.46569354820531,136.14191925001796,d0206a5771d0321faa3f032723dc4a3f8339699adcf853be7e2d40ab529ac406
893,3572,0.3781861364841461,79.55290509026963,136.2291388750309,14afc36c3613b62d7ceed55e52e7cdb7048a15ca62d9fed1c66693852f069ce8
894,3576,0.5423041582107544,79.64632188226096,136.32256825000513,6e0175ddecb4a306ed482a7a687d6c08677338a3320ed150df206ebac7e26416
895,3580,0.3505668044090271,79.73304867430124,136.40930912503973,60d75b38f0ed6140546bc1220c87ccaef052d0e35d073337f241f5fbf0f925b6
896,3584,0.46691960096359253,79.82006271625869,136.4963326670695,b930b172a7751cf62f2a831774ac101303e66a1f18cae1e45ad9e70624b66a19
897,3588,0.3930360674858093,79.90650417434517,136.58278304198757,691bf01f363815415680b6e8ddffe3d9c489ad00066e47411177d701d3408e19
898,3592,0.4553818106651306,79.99293979932554,136.6692299169954,d86a316cf7249054528580a51980f8cbe1b4cb504c5fdad1da9f4d216be2b72c
899,3596,0.3486924469470978,80.07890350825619,136.75520174996927,417b9c9b0dc820b45d055b4a36c66689b1ae204e88379063fdfe8059dce0bfc2
900,3600,0.3429112434387207,80.1710982582299,136.84740637498908,5060f916bfa913c4a14818beefc61c2dd0e227407f5d76b042ffe30d5c2b59fc
901,3604,0.7822142839431763,80.2603225922212,136.93664008402266,cc16f5109c23b6d89076d62823df2cfff718fab12e587a33628ebe99047377f6
902,3608,0.6600896120071411,80.34881467523519,137.02514108398464,7b4750b16ca379e89f47ed15a812da1e0a4b7d13494e78e85928c9a571b7898a
903,3612,0.5501894950866699,80.43700667528901,137.11334195907693,d2263ca17b0e815c7329365d7cef7e4357c1e9c38948314b806979d4fc26334f
904,3616,0.5510401725769043,80.5232005083235,137.1995449999813,c5e466e03372dba41854eb64996c321f6fa39f4337974c11285ad97e17328a94
905,3620,0.39292463660240173,80.61019950825721,137.28655299998354,e604195c6de054c24061911d0dd88da130396c767bf3be4e350b540df6f36372
906,3624,0.6375101208686829,80.7044772162335,137.38083875004668,93da760e7ae61b8da06a9780d10406443d6b641f498e54fa64f446832744b956
907,3628,0.31288233399391174,80.79027434124146,137.46664595906623,4a134bff023fb6c673f1a3b6d55bce1b7f236c65db5d5ab169ccf4183bc5fc72
908,3632,0.4072569012641907,80.87632517528255,137.55270733404905,e764afbacdb85ad33982f41fc9b7fa9146589f518d28fac1c38f64758e62f41c
909,3636,0.3331926465034485,80.96348813432269,137.6398829590762,18557820e3db8c9e222a4bf2fa20e8a2dbd786ce77077034ab8cd034a4916873
910,3640,0.3206261396408081,81.0501850922592,137.72658987506293,fc43805ed9a162e8802320566b2200d9f3ccba823e25e9ff483c3745dfab446d
911,3644,0.33246901631355286,81.13708634232171,137.81350270903204,4eaf098b4d9dfeb0ea9779967eb65ce245fa2669ebeb24679b09ef23a2ab02d0
912,3648,0.3936695456504822,81.22708138427697,137.90351212501992,0905b1dd62fc113d56acc80193f330deb2d277bb1ff3eebab366f6a8ba51f520
913,3652,0.46000024676322937,81.31393846822903,137.99037741706707,304f226d098e51f53484c5ef0f631a25d1adc9b637cf7f7f4f5ff6fc18357fc0
914,3656,0.3411707282066345,81.40196859324351,138.07841754204128,9ca91e1ee908e479bde1cc65aaf920f8a4fe8682b5b1707f7813c8ae30a48ed1
915,3660,0.39403775334358215,81.48991005227435,138.16636962501798,3ca538c960031987fa1dd31fcdcfbbfb3608743166aa9589803e7b70a90f65be
916,3664,0.7254570126533508,81.57830671931151,138.25477537501138,8060d4d33d4a44299f624c0558988f14b219b3721533f39c039805a2c6ad58e9
917,3668,0.5728217363357544,81.66972296929453,138.34620258398354,735e3ba249e399dd445a1e4fec1116add4b0a9866da4b6b20fad0f72ef1fc77c
918,3672,0.4388553202152252,81.75649734423496,138.43298662500456,34d49f5d471ef95f7875a0c95564491103935e332588a2fbc5651cc9c6a8d3bc
919,3676,0.4919431805610657,81.84366851113737,138.52016908407677,f6c57945dafe9fb1f266f6b9ec0efd927a5a37cc64bdc58fb2d4e9768b7d2729
920,3680,0.4627566933631897,81.93141542712692,138.6079265420558,137310d1ba3f15acfbf134e4a7474fe4ef99b0b76317a3bfbc28b4cdce50d5bd
921,3684,0.39045047760009766,82.02026159409434,138.69678483402822,7ae9bad7f555a925b0ab0cff0d8b09854cffbcec749351910fbfae5357f27984
922,3688,0.4329897165298462,82.10846226010472,138.78499675006606,7b2fa65187db3b4929a055d0fdf511ecdb9b7f09e35cf058370209a5f330ca2c
923,3692,0.3917476534843445,82.19898046809249,138.87552612507716,c61091f6774fcbfc6fe61a2cec9b455696892861af9405ce6cdf6a1bf54ccff4
924,3696,0.4298405647277832,82.28765930212103,138.96421600005124,b98078cf03341bedec573327c3e66b4ab3a072ecd0bbd3dd27476185f404c55e
925,3700,0.45172548294067383,82.37448005215265,139.05104950000532,2c91f051bce4a4ed6d512c500270dade2cf77333c30c24dfc554e6a235892ccb
926,3704,0.4323101341724396,82.46074330213014,139.13732400001027,49d83bdd7f8b298ffff5437f10df87f533ba95004c36f1838b624aeb59b5d6f7
927,3708,0.2744821608066559,82.54763813619502,139.22422954207286,708a7b4d00c81edc6a3ede2f81765927b3c88c8ce84ce7f7a8d6fbd37398ed04
928,3712,0.44169414043426514,82.64089417818468,139.317496499978,b0ddb2155f09aaba62b196a55713d5d1730b00132541dcde112717008164e1e6
929,3716,0.3098970651626587,82.73040126112755,139.40701512503438,847706c399d947762387fa894b54f6cc8b1a1c30795e2b9017fa37aa7ae11c68
930,3720,0.31217604875564575,82.81669063610025,139.4933144999668,143af20025693fc35f7f3cd38517e4cc0a144a147e7b46a5c9dd27aef35fe4e5
931,3724,0.3820645809173584,82.90262863610405,139.57926062506158,df1d05a04a927a481d4b62042cd8c62c3ad7b6c9d4695b056577f8a8ef4d8781
932,3728,0.32598209381103516,82.98861342819873,139.66525525006,192ea16e3a0d899b0d76b0a9f4c52d5dbffc8e5dcd2170907fdab331e91ff390
933,3732,0.38733625411987305,83.07489313709084,139.75154375005513,e99dda876f2db27ce1a963938f6af9296689e2975d596b4a905ec2bb726f7c2e
934,3736,0.4646357595920563,83.16319367918186,139.8398536250461,72c07f7f11106a39e8f61083e6b0dacd82abfc2415a82ddd06f6d78e7f8fb010
935,3740,0.43413764238357544,83.24915363814216,139.9258245000383,ca48807421d8180f666d34be96669f798429a3d88146309b1b53f7b6117187fb
936,3744,0.4398525059223175,83.33618984615896,140.01286999997683,e831472271548f9273a2fe290b8740430370e2a051f8fa7998c76724c61e97e9
937,3748,0.3501637578010559,83.42228030425031,140.09896883403417,5bca76be14d9d3f009ebfc92f3cfc0fe148a556675650b7ea6ebe521ea2ef365
938,3752,0.2908266484737396,83.50970184523612,140.18639875005465,c2a307f8edc180019023fc3385320d333e4cae249a6917be21687c11a3abe41b
939,3756,0.6274575591087341,83.59732872026507,140.27403466706164,a22794fd3dbd383314d9633c59974ac2d7f012e5efd21a2f00664ea5faa4654d
940,3760,0.3504110872745514,83.69396072032396,140.37067700002808,579aed8de30f7ed56d23fb57e2d99e8ffacddc0dcd934da732faecb95b313590
941,3764,0.35848233103752136,83.78122347034514,140.45795133407228,b366ba60b0c09111e90760e9f97d9266b0430dc23337c062be10ce74f94d984f
942,3768,0.30309543013572693,83.86811676132493,140.54485716705676,ea3a39460e074a12deb03ada1f1c8b5234b158eaa81fde80a1f53f14aa7315ab
943,3772,0.5719102025032043,83.95487747038715,140.6316281670006,d6c9f90154eec4e65efbcf08f5ae9c2cf6bdca8d734a65e6b602a708ab5950ef
944,3776,0.30128931999206543,84.0410213873256,140.71778075001203,091c0bd778ac251b9c026509884c2b418a0b739b631cfe2cae6e651ee7a5788d
945,3780,0.9522472620010376,84.12872309540398,140.8054927920457,2df58f528020a213dd07796fd2398d7eeb4890c7e480cbd5b8cf2885da738fb7
946,3784,0.4208919107913971,84.22198359540198,140.8987654170487,e1a9b497fcc41c13617ee02f55b787939cd437642c018c916f669778dd263d05
947,3788,0.8748897910118103,84.30794080439955,140.98473345907405,23f4ce8c218af9e884af3918c49789e5d65b772abea2d507f2efc5a534f028d6
948,3792,0.5603875517845154,84.39544426242355,141.0722467500018,d8a76a3acc047ea807a98a6f409f38a2b2e152fa265da6014e7d7321000c9a5f
949,3796,0.8176091909408569,84.48213142843451,141.1589431250468,8ef2ec2993781173a0501e8e6595fe3dab6becda9e90c4cd55f4986fbcb7452a
950,3800,0.44634830951690674,84.57079213741235,141.24761550000403,3b3069a057edeeadc7fcfb51af90aa3a2b5660c6b5d2be9aeea490291a121dbf
951,3804,0.5245898962020874,84.66535401239526,141.34218687505927,3b378d79da477bee8b9f4f919f561d9cbe7b9da99189bea66c2824394dde3968
952,3808,0.6154693961143494,84.7531789704226,141.43002279207576,1f90e7d9a946c119480824dd4b4993fff98cde7fc8fe762b033371e640a17cdf
953,3812,0.42017626762390137,84.83930772042368,141.51616129197646,d9fd1ebf80da74246fe20e425e5b59d49ec8bd983e03451cc223230999eee2cc
954,3816,0.35300129652023315,84.92636022041552,141.60322495899163,ea6300f758331e230299ed7164116b262763e8d06358391d17bb8383145cb97a
955,3820,0.6448585391044617,85.01270209543873,141.68957679206505,88af5d99328577ef3500aaf77c9c1d216151e345e31ee62bd5b7f98644dc8019
956,3824,0.5572258830070496,85.1011912204558,141.77807583403774,cf1ed5b49fd31ee0619c5d5ae3f59caca65f80ae37b7ea169c99f2b43634e80f
957,3828,0.3740431070327759,85.19188147038221,141.8687781250337,eed8550e7b2b62df483172bfb5bbe9ade452e2ede10f14d05a97c93d20f3666c
958,3832,0.5695647597312927,85.27668113738764,141.95358820899855,8e61d02bef8a3446184f5b2abbcdec712a1765f0855e97ec0e2486e1b1ba8488
959,3836,0.5409513711929321,85.36176838737447,142.03868504206184,393e1d1ad064d28a77f65e3738fb64a51546684dddf68b273576f2b4c7a9c77a
960,3840,0.41228005290031433,85.44786859641317,142.1247934170533,4ac583e0fc585c0216db14462adc88a2924c01e47a4794fe8362a3c129c44090
961,3844,0.3458348512649536,85.5349875963293,142.2119205420604,114f23d57ffdeebb16ff2ffaac6310a65f0372c41620e12ada9580377d0ac6bf
962,3848,0.4021584093570709,85.62459613836836,142.3015391670633,a930a37950e512d76668e3806bd73176421adb0a45cfbc5def09dca18f109606
963,3852,0.48281264305114746,85.71668118028902,142.39363587507978,f6cbe75fcd9c689e347019514b978b31e502a095976543b9d4f46d37d2d14dba
964,3856,0.5250305533409119,85.80281630530953,142.47978054208215,3af07a6b3ade0e47653aa41f8d6b637a7451191de54cc5e9ea8a2c68a0beb42b
965,3860,0.39423859119415283,85.89000301423948,142.56697879207786,43933be3354eb98312ab56da0c462b8c51be4bb208fd68f1f5739e063b1be3c1
966,3864,0.5035277605056763,85.97717626416124,142.65416270901915,488d8eb1748e1e422b2fe9f7a3cd94b46152c690f52dcea8a549ec2974a045f8
967,3868,0.44495368003845215,86.06387938908301,142.74087420897558,c2fb6da0d6b5b166f25b952b96264b0425bf6ee0ea94a670c13799671182c279
968,3872,0.4729931354522705,86.15214330505114,142.8291472090641,b9edff6c9071c839ca8d2f2f6c6a828d4f782be531ab236aca67331ec7d98493
969,3876,0.4189037084579468,86.24016738904174,142.91718137497082,f89c21c7043919e4bc2789b69e631c84b1e3fb0ecaf1a7fe0b4f9f594510b6af
970,3880,0.3440389335155487,86.32857430609874,143.0055985840736,36fb471fd3f99eee2c5f500652dd57a87340b168d1856f4d86f6989f65857cfc
971,3884,0.42612749338150024,86.4210975561291,143.09813170903362,3dbfbda8b3c166e756ccd2351594b39282441775be4a2800db58bf4eedeb8c75
972,3888,0.3821921646595001,86.5111268061446,143.1881747500738,7eb0df40875cdadeca19c6820c6482881e09fc456bc39b732ab40e6d6b95ebf6
973,3892,0.6392011642456055,86.60204072215129,143.27910279203206,ec635def32a161f09810a280ed1d6d4999419388e18114f368e1411ea2a8943e
974,3896,0.6972118020057678,86.69835701410193,143.37543329200707,08552f85697c05e85860a3e6599cc616cc76785896ca73d3bee66816d0ccdab4
975,3900,0.6112638115882874,86.78543013916351,143.46251750004012,9ff9bcaad0f02e2efe5d8f0e61268253798d84158afd65f6505fce179c8ca581
976,3904,0.46041396260261536,86.87414388917387,143.5512426670175,10d5859db958352afcf3269078904b04f7a36bfec039e4ba8d943b7b9e127564
977,3908,0.4365721046924591,86.96277234714944,143.6398815420689,57a29565643e25a0e88f48b1ec6a235f42651482c55d3ca5274ea4f6c79c5c5c
978,3912,0.4631175696849823,87.05154543113895,143.72866550006438,1bc3ad7895b8e762e98cca14dd0df3a6b4cdb55721be8fc3e7a5360f6213bfab
979,3916,0.4771655201911926,87.14006222318858,143.81719404202886,4dd83cfe784b6868ac8ec2007b04e243a2af6f269c190591df5d87b994e8e3cd
980,3920,0.5890662670135498,87.23191559815314,143.90906112501398,3d0b1221c4048586ac690e262bda98afe3b569b29959808b810f2eb346c1eab0
981,3924,0.628943920135498,87.32064309820998,143.99780029198155,4e615dcec7b3c872ad6eb4a9286a57985a98bf51bb390ffdc94091e4889d3998
982,3928,0.398104190826416,87.40788176527712,144.08504887507297,32e03adcace330c311e4321f4a382be5c05b97464a6c24e09604903a3c91d0d3
983,3932,0.5791988372802734,87.49433876527473,144.17151474999264,04b024b12fc4811814acf241a35e1f4faeaa9752cf76f3f5b96d40602678a55f
984,3936,0.3762704133987427,87.58103089022916,144.25821733404882,27be63b97bdb3226aed8ff23bbb8c11e73420f36ce3a841655e057919fa73869
985,3940,0.5114309787750244,87.6801049731439,144.35730174998753,09bcbac772aaad23e94cbd6633d314faa05e5fad887375b0ed812057d1e7f0a6
986,3944,0.5821440815925598,87.76738897315226,144.44459533400368,4df96742ae754ce4d74baf15cd78f841120fcff813dde8d828f9fc8a2d74dbf8
987,3948,0.7149916291236877,87.85456289013382,144.53177862497978,643eeb7b0681d3002754a464357747765a82df2196ab27050f3127c9f67de4d5
988,3952,0.4275810718536377,87.94058959907852,144.61781620897818,f273dac5abf650328d7fca761a13eb80935fb3237bc119fe7122977178bff283
989,3956,0.689734160900116,88.02725922409445,144.7044957090402,2db070777fceb9e83347a206d6e0da8b64f1f922e7c3de15e17cb6b1c14b88a1
990,3960,0.5043983459472656,88.11467026511673,144.79191512498073,b94a0c227e4dcd52a442d471d541697954d3582f3f63d1ac1b14712a386454af
991,3964,0.4359322488307953,88.20605609822087,144.88331145897973,7c4da1bbc67b876f5716c3e49f574da1c672719b4107280a1409ffb94fd2b816
992,3968,0.3240666389465332,88.29329184815288,144.970557291992,a959eab64c85e3806116160419c3efefb56e6f8f53cf9ebde9a58a0611aec229
993,3972,0.3439651131629944,88.38008993223775,145.0573640000075,b619b60d2ebcc999730d70a2466273a376d4b0996945f4553809159ee56c9d00
994,3976,0.4270067811012268,88.46585751522798,145.14314066700172,e879e5033fc21535332075543db41f2cd08debeff0c8629b30bbfafd2aad47a9
995,3980,0.3622347116470337,88.55149284913205,145.22878608398605,e9b6a577ec703178e6df94fa65d26393c7aa099143cd8de89634b4e02f6a1b30
996,3984,0.40464821457862854,88.64052768214606,145.31783054198604,2bd53a7aa8c997803a0834f176c765af5b5cd59d3a84ecb238e9738c0a38215f
997,3988,0.319673091173172,88.728595682187,145.4059101670282,0e3f14dec77807a19a9c4582a27679dd3bbebf3628aa5af729312c374e4d2765
998,3992,0.5808191299438477,88.8143870991189,145.49171116703656,f937d2a09f85e2acb4e4fe1316d9160df5d928060f6186140fcb0fb3b66fef23
999,3996,0.43248650431632996,88.90108722413424,145.5784202089999,b217d5b446d5735e1972f905fa501147c48f108f3b132fe928d9d661be8b0d23
1000,4000,0.5668512582778931,88.98657205712516,145.66391554207075,698d9bad455877957fa7a1c2d4391c826f34a161732d060df07644cc500cd7ad
1001,4004,0.35631218552589417,89.07256564020645,145.749917041976,8e2e1ff8a560160550710066fa2bf80cc0428ff4cdbbb95b148f5a74cc7b9e91
1002,4008,0.38957592844963074,89.15951168222819,145.83687137498055,efa6b778617acba0700bacc0855cc0f3c9cc7eace85437ed7303ad170945b9d1
1003,4012,0.8143028020858765,89.24821501516271,145.92558295896742,98d7e3c3e7c8c53cfd8eb55ba46b0733a521ea775cdd53b7dc3f42bc2eb52397
1004,4016,0.3113284111022949,89.33605705713853,146.01343395898584,e1884d743e127454fd9cc394216ef2947f264a0cd5aeabde0023e806b3e07c0a
1005,4020,0.34207218885421753,89.42201434914023,146.0993999170605,b12e4cb318a88a0065b5217d0cacce2cc74d2d6df566bd9e763d823a5b5a1f08
1006,4024,0.3694460093975067,89.50787184911314,146.1852695000125,d48483f99b86d46da73ac79ac45f299da862643e2fc4a53255eba526cecf7f50
1007,4028,0.44618260860443115,89.5945412660949,146.2719535420183,3958ab51301385b412417ad346360b4ac9d719f4ad225aab8ca1aafe59d73e28
1008,4032,0.6002476215362549,89.68838547414634,146.36580908403266,8137df98f623306fec846ac39d8ab51f8e0261665656bf359c251f145d00fc3d
1009,4036,0.40646860003471375,89.77434372412972,146.4517757500289,096773cc277494796fbb51cca460c806e8c4bd8451029ef77be625dd2f4d5fac
1010,4040,0.39031141996383667,89.86057889007498,146.53802070906386,eeb12be2f63f1d2657b358fb32f0765700ddc314aefb6ca7c583504f72b0ec6f
1011,4044,0.33558419346809387,89.94607672304846,146.62352983397432,7bfff51bd8d5d323ee1b2fa6f72ded15178ecf813ea632cc51ca523e36fa66d9
1012,4048,0.4472428560256958,90.03349009808153,146.71095212502405,bfe0e9f665b92e1633989662a975299fabfe9b3a02f4035b218a93a3b9003963
1013,4052,0.2729504704475403,90.11937734810635,146.7968485839665,9b217e90698ad73073439cedff2587c92cddef6ce8f237907a5652139f486392
1014,4056,0.34938517212867737,90.20877297315747,146.88625337497797,5441ea70c62f4599a8cf0c893f262ad05c5058198b4a507de36c4fd2d9727055
1015,4060,0.3333847224712372,90.29665751522407,146.9741469169967,39d8774fe306e74dce9eb2494b2712cc92961cfc799bdc31ff8322c2e0263b81
1016,4064,0.5867310166358948,90.38379955617711,147.06130170903634,46c972e7711244529f40cc7472b4f8da36a36658b5e8212c2df02b071bbf4316
1017,4068,0.4162224233150482,90.47010914015118,147.14762216701638,20e8d54db952a82e961dc0d12858d55cb3a4f73953a876207f6faecc9730f268
1018,4072,0.4200449287891388,90.55509089014959,147.23261516704224,6d177e6e440700c1209ed10ba671553cf555b1d8cfbd1397a33942f84e8a6faf
1019,4076,0.599280059337616,90.65039047424216,147.32792366703507,fc0448f5a618a9cded98b5df1e57b98397df6544c8a8efd8276c723710c5d3b0
1020,4080,0.3327348530292511,90.73866855818778,147.4162114589708,560affd95e63b504b8c5f17499516999ac25ae7c66dd993e15a324ffe38e333c
1021,4084,0.27469247579574585,90.82497843320016,147.50253129203338,3f68ba9b68dd94bc3a1d12991cfee9b17715a15844bee45cbebc32d228dc2ab9
1022,4088,0.2749210298061371,90.9113124741707,147.58887541701552,f25c7b621597772d4e172ff2f5963799e9e588569bd89920b100a16a86cd3dac
1023,4092,0.38738566637039185,90.99746130721178,147.67503258399665,a7fb342f3b6941e1292185021b12118d3a30dcff9990c969ac5add093b607f05
1024,4096,0.3525494337081909,91.08481268223841,147.7623922500061,bdd59a950346067b1b0dfa404e57f39f0cab8842829509bf4b2d2e492e78a29a
