step,examples,loss,train_seconds,elapsed_seconds,sample_index_hash
1,4,1.4096845388412476,0.1003628340549767,0.1003687500488013,cd37cab234c590a6f540631e8da02e7a1cc3f4223ca9e779679ae1951bb8b67d
2,8,1.3961609601974487,0.18753733404446393,0.18756333296187222,c383a6fb7a79ff1aab160cab74a66b9ae0dc5266385bd623b5da547c1cf1ab8f
3,12,1.398052453994751,0.2800147089874372,0.28005491697695106,5264aa8f8e84db675e8484ff0ee2e6342f65b1e7c774f1d025b1135da4c1198e
4,16,1.3968218564987183,0.3664787500165403,0.3665344580076635,1c0377407e03774ff5a10f552eaab3d3eb59ab7dc707224d6cd5de519ecd01e3
5,20,1.3924880027770996,0.45353041600901634,0.4535991670563817,3526a14aeb38aac4a10a1de429a76a2683d8bbd9c33586d980a00a14a01e6603
6,24,1.3855210542678833,0.5401083750184625,0.5401879999553785,d8b22977347b3228c7cbdeb8c888ae8bba48734ac5e189600898c548feede215
7,28,1.3866596221923828,0.6264329169644043,0.6265254579484463,1fdff8ca260247847f49a42613b1c1b5dfce6804b47b00389a4a259cde584713
8,32,1.3776551485061646,0.7171493339119479,0.7172586669912562,3a104afde0d8e7d9b0d87aa7ce015dc0111fff153edef4a586fa15a99fb62e88
9,36,1.3691350221633911,0.8050560419214889,0.8051822079578415,db48ceaeef0a74dbb25af4a017dc8e5fe06cbb680d4e4ce957e7ab90f9b63d14
10,40,1.3742964267730713,0.892263833899051,0.8924015000229701,2dc4a18860fde273c2467de47bcd0aefd8435b6a73b062ee9c1876d8fa02f5bb
11,44,1.3780410289764404,0.9793531249742955,0.9795010830275714,76ac4eb7caf108276cacd0e00fe3f8dce3b8bb03960e3d25bd2820088ce84edd
12,48,1.375366449356079,1.0660253330133855,1.0661833749618381,2e45bc2d993b2c113ff59004fec2c44ff33a2f09ff71631f9792e9f6fa8213b5
13,52,1.3507804870605469,1.1528291249414906,1.1529977499740198,77624d4623fe091045726abe71a33f2392455d0e0fa4ae1f4b1411cf7138bb5d
14,56,1.3373568058013916,1.2397652919171378,1.2399418329587206,7753b8dcbba0710020a24d63b3d926438d73b91066762d2e7d1347e36a126110
15,60,1.341475248336792,1.3259079998824745,1.326094957999885,2f061bdaa8177da4dcec78668b046cd84fad45b8470bb98d015f8d9da809d264
16,64,1.3380382061004639,1.4159681668970734,1.4161663750419393,6d5e1423091eff6595a544dc9d3c151eb3e9d23737eb796f2b586108a55f774b
17,68,1.3286701440811157,1.5039170008385554,1.5041245829779655,f4480de9fa6c3ca6921be0437d06d8c32caf8e1de8a98c7cc68d23b08371dd2d
18,72,1.314917802810669,1.592259042779915,1.5924776670290157,01d99c1c06022cbcde86dbf9318345617b72699988305a5aee99f7afb7b24a16
19,76,1.2926175594329834,1.68342183472123,1.6836525000398979,6253018cef551092a49cd734db5c256dc59fb214d73694bd33a18118786562a6
20,80,1.2714093923568726,1.77488150075078,1.7751235830364749,b650de5bdd335081bdc6c82c5c0751f80d4e3171e0b44328402ea2d53a5df88e
21,84,1.2618166208267212,1.8625570847652853,1.8628111670259386,16b0b8c84cf373f9d5e1ed5766126d65454e1f98a535d3d7169c46aec5a8904d
22,88,1.2559213638305664,1.9499779177131131,1.9502433330053464,ffe0c4335ee2fe8246c6352eafc49baa952294ee8be1c9eda6de0cc197301436
23,92,1.1954439878463745,2.038385667721741,2.0386623749509454,05cce1dcab82bd73a93df5e13c6265b172c1ff35f82e8d2b818979da99310f29
24,96,1.2054859399795532,2.127932084724307,2.128222499974072,85f0ce54430243468544088aab0d2bb19ef165adb359a73924c3d33e02311d10
25,100,1.1750574111938477,2.2265672507928684,2.226871208054945,da419e85cc4553444df8526fe810bc67d3f2bb059bf924f69e1f20fcfd25c658
26,104,1.1555445194244385,2.314966208883561,2.3152824169956148,a66c04f7702e4288b147747b924382b54754ea2d37da5db6af1fd89386cf305f
27,108,1.1464409828186035,2.403518124949187,2.4038475420093164,9c9dfa27ddc3682e58128a05c15a986e9d5a140099cc22dadb9b2e11640d361a
28,112,1.1081265211105347,2.490382666932419,2.490723374998197,b2ee39fa48ea966316639cb05576d23524ca2ad633419146f34dd0b66744d3e7
29,116,1.0789668560028076,2.5771838339278474,2.577536292024888,8623ec66830bedb20241dc09089e56b845e0381d73d048c58aa2580b51f3f279
30,120,1.0303289890289307,2.665460499934852,2.6658241669647396,b653f0632b00c0eacd8c591e8b3f9f7f38d7478e658e87090de9d6a25d2fefbe
31,124,1.020221471786499,2.763797292020172,2.7641704169800505,36b918223f2c6dd7aea0838a4e5066b39f789b66a341a4cc7bbd32b763d6c69a
32,128,1.0301058292388916,2.850378958042711,2.8507612500106916,6a3eba9cbec7bcda227458ff82da63f8982030c769041d4df81f807bcc4a205b
33,132,0.9104130864143372,2.9374704580986872,2.937861292040907,eac3855b8a442d51cd8aba7c9b42ab52501ad1b333df3d1a9a40420a5267f2c4
34,136,0.8953149318695068,3.0243983331602067,3.0248006250476465,2d21878176248643dbc814139d3ac6a0423f57391e5c513286ce44c5ba0b338e
35,140,0.8591083288192749,3.1126862082164735,3.113098999951035,ccfe3d118e082b13948468f9fef4129b34b333c86edd2f1b4ffbe2f4bda2881d
36,144,0.9209068417549133,3.2038903331849724,3.204313041991554,58f61e8232f1c9aeb3c9f35b605073663b49f61019ce9022b9cac2235c6327fa
37,148,0.772045373916626,3.291245499276556,3.291676750057377,acc985073948c92a48991168894b57d21d596da1e5caaaf6d7b46dbf81ec4497
38,152,0.8281263709068298,3.3795847912551835,3.3800267500337213,faff7277c0de389cf2082515313d355ba8c3a61d1464ddef1411a2ce9396e44c
39,156,0.7024930119514465,3.4662099992856383,3.4666641249787062,83add550d15269d2a3cde650d535c12208c358ea8c6c001ff9d9361ad39108b1
40,160,0.7141866683959961,3.5551068743225187,3.555570667027496,c6694c7a0791558fcc7b95e6fa3a68f3ac722fb83dca3fbc215fecb4a65e74c9
41,164,0.7264106869697571,3.642914999392815,3.6433867920422927,806ecfdffe0753ead146ecff37ca3610fe730e655ef944a24115c7fc08149f34
42,168,0.7990768551826477,3.741884708404541,3.7423659580526873,451552a729fabc8ce2692858c145605a9e3b915a8b269a8523413835151dcf85
43,172,0.5943787097930908,3.829663625336252,3.830156167037785,8bdaabbf418ebdcb707fa8740ac2c3f4c7daf3c35eb2bfbbdd83a09f013abbf9
44,176,0.6832444667816162,3.9169942503795028,3.91749699995853,0c10184aaa3104afb54ec08584a29d713f41c95a4c2daaf774870b28e48be9fe
45,180,0.6070852875709534,4.004066541441716,4.00458037503995,d78aa05e94af5c9f9d70e755b03d28447b61a644c099f16c61178001041316e3
46,184,0.5287428498268127,4.092166083515622,4.092690082965419,268fb432803bebab0429e6e627d618025da5f93ec5a3153d2db27efe41f97cec
47,188,0.6821094751358032,4.1806616665562615,4.181193666998297,190f3bfa88add31a363779b1933683a9e8cc10a95c5d5288326267834d4bed27
48,192,0.63481605052948,4.273631207528524,4.274177917046472,2a64bf82f8e32550b51abecfbb50bcbccfa59ef7862822f94c420987c97a9b83
49,196,0.6808939576148987,4.360875916550867,4.361433624988422,fac5d5b6ad213b085fdca433dcb29c25733f3e5b541ae84cba69a109b29d7864
50,200,0.7504230737686157,4.449073250521906,4.449644541949965,7d8e469ac01d52cd32df737dcd98d6d9535becb9fc20ca41f8788f463ef42c82
51,204,0.681784451007843,4.5374528334941715,4.538035916979425,c67ecdaa36381c5392578f74624a7430f3dc241ab0ac337d9fe52f6586d90000
52,208,0.836819052696228,4.625050042523071,4.625644125044346,4c2f10e73fbffd11481bc8c2134080dccede52fc4906b793e5e99e07e08b7010
53,212,0.8051840662956238,4.718343458487652,4.718950791982934,f2dbf8cb544e80e93b5d841af33f08b7f1131c78f6db9518e5133b988894c93e
54,216,0.6554108262062073,4.806484291446395,4.807104167062789,3e2c23454ac936d0a73af449458601a37f2ed304a05b550922e428d80f27f282
55,220,0.6124993562698364,4.895095749408938,4.895729374955408,9404f7e2203418af7b62fb3eef7307ab5036009305018d21d658212daeae752a
56,224,0.5641168355941772,4.981901874416508,4.98254958295729,3935fe4260876376de8e4ea815c434a4cf75114586fde795d232293541666ab7
57,228,0.7703715562820435,5.0695954584516585,5.070256042061374,b36c8e2e51043ee181ba09b2fd157725c33832c25d15c93f2f74ed734c380aa5
58,232,0.4961349368095398,5.15681016643066,5.157482499955222,2f33b19f5a7a58b0c80281319fe3b925da0a293f3166acee217229a78409e3c2
59,236,0.839791476726532,5.24641016649548,5.247094125021249,e51fbff7298a9f20ba3e95721b3376b21119d6362df95d678e806fe479be1d10
60,240,0.5151044130325317,5.332753125578165,5.333449166966602,27f066ccbb4fee9e91ccdd22aac5b17d36074d7059a6fb62b43b7be0f254ab22
61,244,0.5179949402809143,5.421940959524363,5.422647917061113,2043071dedccdc5f81df725519d1b2fd4da8e8845306992c62d2401c5c52ef00
62,248,0.7439862489700317,5.509340875549242,5.510057874955237,490c52a207d7e71c7c997a38686bbdf68b44a27942997dd47d6e6f0f743355b0
63,252,0.6125637888908386,5.599226292571984,5.599952458054759,c9ac636c65fbc802288c805fb85bbebd3b68c9e678d7d73c8f2ccca8b9b3f1b8
64,256,0.6746192574501038,5.689870000584051,5.690607000025921,c35c3619d43d22b8258cae2aacb15c2a4c327e9ff030c9fa036aa2f0a92fdf67
65,260,0.6649842262268066,5.7792413756251335,5.7799883330008015,0c24161dd47355f1547052d809867701963fd0d33cc4003045a0372fd17fa4a0
66,264,0.6179125905036926,5.868225291604176,5.868982917047106,6c8fe79856183fa36d274962751bf6e2042d612a6ca48f4e9cb029ac9cf861f7
67,268,0.6629868745803833,5.955212166649289,5.955980792059563,2d8b3211c9beeec85bdc314c8d568554272ad8feb03d1adbab97d6fbe4655bbc
68,272,0.48474159836769104,6.042873499682173,6.043653375003487,729c1eb235de95ca3f21f501d46eadf09f8706ed0837e1694410b2ea0ba7dab3
69,276,0.5932519435882568,6.131140041630715,6.131930458010174,f228bab571400bd7638008e69957bd7d0a197c8367371582bd0cde40135d7d97
70,280,0.6422219276428223,6.2210855826269835,6.221886332961731,40e950ea6c6d1242eae65d4cfd97c55ab3cef74c496bc21c64c3b96b586e268e
71,284,0.6393316388130188,6.310126416618004,6.310938750044443,316cd5c4831530de3edcf8acdfa8bed6d6e9d3221a5eca064c9e5ab1b0f131d6
72,288,0.5420392751693726,6.397507375571877,6.398331708041951,517598301171645f4e10709b9cb20c51a420e1c029200ffa6401ba5e651df97e
73,292,0.7536808252334595,6.483887500478886,6.484722458058968,d99a5f89f0c4ce4765367ecc2ce63cfb79b90fab664ab50622908edd740b700c
74,296,0.5968224406242371,6.570004625478759,6.570850874995813,d752d3c110e9ea78caf2bf1ee21f009d9700917facda4e2c21bc450dac116aad
75,300,0.7411951422691345,6.657580292434432,6.658437625039369,c5acb73e7d5687e973535da5caa31ab0f09a63ff5189f5769efaab470727517e
76,304,0.5548412203788757,6.755790125462227,6.7566603750456125,d0db2f759829ca950c0bd67593edd27d00111176c2d51b726690c2e21da86069
77,308,0.5127930641174316,6.842881625518203,6.843763042008504,f4cdefb2e9be5aa22fee8cf30a4a2d21fa54602d608a756f100dd5bae422ee87
78,312,0.6922037601470947,6.931636250577867,6.932531625032425,9301ef55c1163789b958d5a5ded1919b3140f26bbc533f8ecbc17d710f7d770b
79,316,0.7135503888130188,7.0193798335967585,7.020285542006604,33528acb6f34f517b13117d469b21c94607698c39a6d670428b81df4ca390b89
80,320,0.4844507873058319,7.107506249565631,7.108423999976367,8a695e846bc82ce75e21bdebbbff487283921fcbef4c71e43bcaa3b12af8bcf6
81,324,0.4877065420150757,7.194921790622175,7.195852000033483,6877c919d77ad12fb93472d38cfa7e2feed40d2a2fae6f10f8b0a7e152e9dc89
82,328,0.7281064987182617,7.286423665704206,7.2873639579629526,3e40cbf545e365c6bc1023f5f0c57d94bc5b1d4c2e372b78ff10ca5b4c2fad06
83,332,0.5508438348770142,7.375051123672165,7.3760011669946834,9eee652e0b17cf31d82af4bbd9457623d4bf8e8896e6f56602d462205e93399d
84,336,0.7618659138679504,7.46623783162795,7.467198292026296,94b9fb1cc799c7a93d9c8dd830ad7e47decd6163649b7352c003fd2129eea87a
85,340,0.5896289944648743,7.553903539665043,7.554873166955076,d1ee94940b14a556495a590601fd34064fba398882e6b71549cb5cde5c87fa05
86,344,0.5511184334754944,7.642423206591047,7.643405250040814,957d0bf8d80702fa44a5aeb64b27890b4793605afe6daa4803be0fc4c88edb74
87,348,0.5729600787162781,7.741353748599067,7.742349124979228,1dfaf1cb48dd43275e789a11c9676001d626c534159ae12df1733fe3269209e5
88,352,0.5113711953163147,7.830999914673157,7.832008333061822,c8cb5820e8b6ed300f8a7d413cc69186aef779922c787266f1e91390a2aa39e6
89,356,0.5442827343940735,7.918521872605197,7.91954174998682,740234fd66d40f6abcd53c54a0786d53030d3dff0a7c37b9d7357b4ce7858e50
90,360,0.8555595874786377,8.005970872589387,8.007002832950093,0bd2fe405593764f7785c6feeee0860df8c6bcb000a80ef3900375eadd4bc2e9
91,364,0.5122530460357666,8.09331720659975,8.094361208030023,0b8a1156c4254084ed130105ac0be8fa79aace91952112424db9fb590afbed6c
92,368,0.6093284487724304,8.181170289637521,8.182224791962653,5d151a4f3e56f6c703789fc64ae4774b39f0960a42ff93bef882b57a17563ec4
93,372,0.5403448343276978,8.273967164685018,8.275031166966073,67a0203219c37d6eb25c49fed33f62bb176fa9e7e7fbc12db09f143aaae30bfc
94,376,0.6189060807228088,8.362978914752603,8.364055832964368,6e775eeb4478cb50d23ebaa72d764ca088a13557385099ff44c4c3e8c82d4930
95,380,0.6012646555900574,8.451059080776758,8.452146416995674,abe76cc02aa74dc4bd075216da97914f444a95fb45b00a436b303cd8fe701eb3
96,384,0.6584861278533936,8.538061622763053,8.539159707957879,f6bca19dd21cc2b11f502d89ec03b604de2c11aed1d775c31eb698bcb8c9c981
97,388,0.7191416621208191,8.625377997756004,8.626484625041485,2ddc77ecfb16c08f1c83d2b422e8da04e78388b9a1c924149383b598978d294b
98,392,0.5612237453460693,8.716853788704611,8.717968750046566,704f1714646f65cc2b0e12a6de44e98235c36037db5621cb37a976eef69883ae
99,396,0.5929407477378845,8.803833621786907,8.804958541993983,10d71aa45df27432766ac2f36728f2366de7df9f4a8a88780bd7a9754f8899b9
100,400,0.5050380825996399,8.891282496857457,8.892419207957573,35f7c3762edd4cbb2383a5a75e85a4242a526e459b3311ccff6e60a8dbc2c718
101,404,0.7527165412902832,8.97936366382055,8.980510125053115,4d7802f2debaaeab02328966006dead5cf894771f3b9fca0e489f68438ead4d8
102,408,0.7357540130615234,9.06702508078888,9.068182833027095,30287adc2c82057ea5a0ee45af4ef02592ac177b04353600fdee79756116f726
103,412,0.6882078647613525,9.155167580815032,9.156336667016149,97da9a51eb576c8ac0d90925854f9794399b38e1228f4b3e6a1f34bad46833cd
104,416,0.5750472545623779,9.243338372791186,9.24451633298304,07793aac54508553b5e9417170fa066bb2c11ec64edb97595cbb381ecce1ef04
105,420,0.5407924056053162,9.330505747697316,9.331692207953893,799466f7055aa1d5951d7ff0f9dc88e32d52e02efd9d9e7ad68054452ab7db11
106,424,0.5630225539207458,9.419590872596018,9.420786499977112,ab5d30825a6f5286d96cb6feb65b6bda4ca930ddcac077a9593dc7634c324442
107,428,0.616906464099884,9.506088706548326,9.507293749949895,b71abdaba3c7f404918efa3fd17752206066cb8017077fe239a9118091c5a75f
108,432,0.5759091377258301,9.594413498532958,9.59562845795881,c1053826a59f16c152a4c10233d5ea13ae2c52d21cbf9e4f239032db5a4b4511
109,436,0.6108207106590271,9.692501707468182,9.693725874996744,f96ed108f6ab7979075e54725d71873a5501a0601ccfb34d086221ea2ce0c002
110,440,0.5633966326713562,9.779873207444325,9.781108875060454,70a98a8ed75ae9f4887c807878e35a9108023c7c5aca2611131a7400b27d7c00
111,444,0.5172625184059143,9.866964415414259,9.868210833054036,2ce70ae58d3cd2725a6abf70f44bebedb4bb0387d9ac5c45f2843544587093a6
112,448,0.5608261823654175,9.954184040427208,9.95544150006026,a72ce6e6a5fea5da1221ec7e0159d542c206c15b6ba8a475264b6073054d3b5f
113,452,0.5825852751731873,10.041436332394369,10.042703500017524,f85b8d2bfd4ca9ad68cf30e664bdbe7c2535c81e939b47e3264038911ef22f29
114,456,0.5378414392471313,10.129972915397957,10.131250042002648,cfc0defaf49d772c9cbf55a099fe318a7eefe83c683556f4ca4599bb76f668a2
115,460,0.4539257287979126,10.223036707378924,10.22432291705627,c01e4a3442b65cc8b36c88329b7bd7703db7f50c8097c3588d1446d3b6299ff0
116,464,0.6602723002433777,10.310388540383428,10.311683999956585,de33bf1966917dfd8025f8dd8268f68702e02a8c9c00d643032d0d34205a6ef0
117,468,0.5063138008117676,10.398992248461582,10.4002977500204,50b2bd3c110f4ffbe1242e94044162385439e145429880589aaf17739e7775c8
118,472,0.5124391317367554,10.487457332550548,10.488773958059028,fc77ccaa6b2066976dbdac00f8bc3fab7fb5c3cf74f3595f5557ce8dac085bc0
119,476,0.5481662154197693,10.574614874552935,10.575944832991809,0ae6f61db2f1665005a13dd4a0430448a4cac737faddf13b8abc9a1c00e3905d
120,480,0.5551316142082214,10.661808374570683,10.663150124950334,701bb3241ecaf4873aee502d2165283893a753c8853db609ce4c430ec4aae2c2
121,484,0.6139012575149536,10.75409108249005,10.755443791975267,fce3ecc61dcb217be161cd9bc44ae5bdbb06a42008fed427e02703d4c672a1d1
122,488,0.4580991864204407,10.841792415478267,10.843156874994747,9aa65d34a04514bc9f9b0f1f18db6429cc5c9e970699d73b0fff21f26b768ffe
123,492,0.48905956745147705,10.929866957478225,10.931245082989335,61be3d411dfe2e313fe318846781f83602a326eefe7971b213e7b25497fb6a82
124,496,0.6651301383972168,11.018570332438685,11.019958583055995,a4211e075f60da55869a9585de28706d19078fdae6d41edbc09b46e6be52580d
125,500,0.4214995801448822,11.108305916422978,11.109703707974404,35ec6720d9af148db2f1122cc01a2cc1aa9f0a3a9991c69520da9c1efd43ae8a
126,504,0.8392832279205322,11.197366041480564,11.198775750002824,03512de08efa2f060d01fab99ef07087613ded0d3e3fb5a3b63bf19435850a28
127,508,0.6185194849967957,11.285027499543503,11.28644729196094,d49381e07e082a9fc5fc0aafa6543c00343af878efc7570b4f35eb3951abf08b
128,512,0.5474221706390381,11.372730916598812,11.37416241702158,519a2db86141721f260251254863cde14ad786e74d231c0c7bd5168c27d04f60
129,516,0.554193913936615,11.46276349958498,23.95244320796337,cd0aa51d598c610adc6e141774b453e1d6e13767cf0def442e7d6cb36c383101
130,520,0.5731959342956543,11.551188832498156,24.040883083012886,1bcca494e40ec5e6648d8603d8d548e7fabfb1ffecaca6c521308b173958b3db
131,524,0.46982279419898987,11.637930541532114,24.12763400003314,102f1f8306ef0df2db72ab177ef53feb9ae9035f8718555e98e3edff4e0ed341
132,528,0.5696161985397339,11.730450666625984,24.22016429202631,44ba81b1e7fe46748eebeb58bcde254adea8e916e3cebd20499ee23c48b9c3ee
133,532,0.5322381854057312,11.818345750682056,24.30807187501341,d71b21cd7fbad68824a509d7550d87a575597f33482f84219fc2e5031b591542
134,536,0.42325785756111145,11.906637666746974,24.396377542056143,1140e6051d9c65b309943d2ec41f89b8fd9af1f41e7915730734a8c15933ea56
135,540,0.4859190881252289,11.993736750795506,24.48348962503951,b49af2179c7884333d7dda085e77333ae481b5b13b334356c91d7e761c191cb0
136,544,0.5932387113571167,12.080461916862987,24.570226624957286,2e667cc17027237b302b8fd799cd3181d0edb7aa8e2b7d851c50042f7869feb4
137,548,0.6214926242828369,12.16890608286485,24.658680791966617,60cab191759f745aaa0eee639d42016a14372d43e6c063e3a6d3f98544baa66a
138,552,0.49436524510383606,12.265942541882396,24.755729250027798,ea96005ac5f2cc0432902d208124c65397b0894ec309c70182f734729fdb6fb9
139,556,0.4454500675201416,12.353435374912806,24.843233791994862,75589644b6cde4b00284c30c169dab9bca9944cbe796f80ecad4e7b7ede73323
140,560,0.9050420522689819,12.443125833990052,24.93293450004421,c8369a3d09d8c66669ed6a9108273f0f7ce512bde21e5ce878270fd17ea55295
141,564,0.8075417280197144,12.52954941696953,25.019368250039406,578da5fea878827e7242c05d08b06bec835c443f7b1c01ed5dab295791268369
142,568,0.4510114789009094,12.616626249975525,25.10645358299371,c7b85876c6103d92088ca38997e74995ead9869acffd4cd0e960baf1b035c376
143,572,0.6054887771606445,12.704462292022072,25.194299292052165,c03fe9b49e4597e45a127d43c3c3b85207f481a61258d567969441e46dbd572d
144,576,0.4669872224330902,12.791521209059283,25.28137120802421,8515a05013c676daead0dd879846d3228935618ebf46243b9c21fa5197f42f94
145,580,0.6309624910354614,12.87854850012809,25.36841029196512,df348c7b826f9c3e71eef5413f0a2f6f1c264edfa00451f6471c44ea64f3ae4b
146,584,0.5812100172042847,12.96612500003539,25.455997957964428,30b3f52acb34cdf778339c0fd1e6cb9b7b055c27af15a0a3c944f23af40a7e17
147,588,0.7824578285217285,13.05185491614975,25.541736874962226,4888887844e4a520fe3a0abd8f17a14187d5fdd54bd9a0c9b8b5c5336176fc8d
148,592,0.5365895628929138,13.14060445711948,25.630496417055838,5c2f09d422bfc677da8206b07424e334027cea24f1959083b5944748fb721a96
149,596,0.4854150414466858,13.233387290150858,25.723288125009276,d9a854c0292ed5994e5d4366c9c6d5aa260ba6a1fa5e0181e4ea5226afb5e760
150,600,0.5427084565162659,13.321177123114467,25.811087458045222,b77953e33e88e645651efbe2fe620ee08299e999b724ac080533aa9e74806259
151,604,0.5589149594306946,13.407187456148677,25.89710695797112,95d0235e8c19eb5ea022d42da2e4d927aa5f910a1b4a5c090662caf89812461e
152,608,0.5480503439903259,13.49550933111459,25.98543983302079,3b5c6a289db3357a5d21763ea8f6fb51dc25829550864b102e1e6fb84f648396
153,612,0.49983641505241394,13.58267249702476,26.072611666982993,8de1275e3ad6626e07c9f755e595613f6733c85827e38975313e097015bba68d
154,616,0.5779541730880737,13.670412246952765,26.16036041697953,c7805a4468a952b1045fc3266a544d2103ce59be721786c3cbdb2e0b7c01117a
155,620,0.45152488350868225,13.765940871904604,26.25589645805303,db275fb29c6cb47da37964803a322f1035915b4d5fd3cf7cd674e910651ac817
156,624,0.5442642569541931,13.853984496905468,26.343949708039872,82274e3dcf3eb7d4b2c7df0c3b5a130b0f7558429bbbee10d7735886ebdf6ddd
157,628,0.5135176777839661,13.941088329884224,26.431061916984618,ff43183020a89b1f9ac42c007af7bea0cc46bf6255511b671690d2cae5466ed1
158,632,0.5777881145477295,14.029481329838745,26.51946520805359,96ecee16a9a6423eec5afa43bd1ff81459efdb5d283e1c4453b162ace024e340
159,636,0.39895275235176086,14.116968787857331,26.606961583020166,24599790d9269c56990cac7d7db2f87abedbe3055710ccae74f6705303a2e795
160,640,0.5054535269737244,14.214642495848238,26.70464491704479,1bd803a4e8753f8c926f80f6ecd0134f995e631602fff42bc74621d28427476d
161,644,0.6329867243766785,14.301719870883971,26.79173258296214,d5add063541eb7c30258fe5781e8b8e7777351629250efb013a2877b88d5844a
162,648,0.714447557926178,14.390119120827876,26.880144458031282,de18e8bd7b9bcef9c2436f001481bef49b25205aefc3a45f8584725135e5f654
163,652,0.6489096283912659,14.477505870861933,26.967540750047192,783dbb3390b6732e2d2d08334391c1d2790312329b01e3e86447217b9ca0bd44
164,656,0.4610673189163208,14.568868620786816,27.058912666980177,a04ba8d47df6db242534645238b72627dbb396f144a146bfec475c84edd49897
165,660,0.5645475387573242,14.658428370719776,27.148483957978897,b3f4cc257fa4ae46a0a39f84b94e5c170e32bb6d71fa4b9575a93e3a3a1c0573
166,664,0.6115434169769287,14.748793370672502,27.23886204196606,b92d19ef2445d45540bb4d5743e61615aea56bca0b0218bd6121401e92b787bd
167,668,0.5347734093666077,14.83674837066792,27.32682679197751,c599e0c4c3564128311740da99d66b0b1956c24a020f4343533491ef1f571033
168,672,0.5154414176940918,14.92491962062195,27.41500779206399,06bc5be8d1d824d661135952bd36d3a8c51e4f90b1dcf0431fa2748dba1f77dd
169,676,0.5058785080909729,15.014318245579489,27.504418542026542,31c068e0b09b85c4e9d26ba8527162c31dfb61bc81fc71fd7d2f1217077ebbb7
170,680,0.6266346573829651,15.102529495488852,27.59264087502379,f299c5b1f03c9509d4dfffaeba2d854f3ed6c3874076cdae732ceb2bfcf7d7a8
171,684,0.8811822533607483,15.19632341247052,27.686445125029422,bbae21adf6ad52b6258b78acc9e93d073b150ff8cf12c6c2efd093460fee1ad0
172,688,0.6297906041145325,15.286614912445657,27.77674754196778,873e957c540ad593aa58b4e14e606680800b2eb1ee42e929343a3c0d39aa24ab
173,692,0.44244298338890076,15.375078204437159,27.86522233299911,a838736d0e01c15ea69ece49c222d6354ae6f51c759b1a99041b9457844c790c
174,696,0.4981555938720703,15.462996287387796,27.953152667032555,7acf7ed46084546b1a35c7187f624e518a2faf2536c75fe2adfd2dabb9e51aab
175,700,0.7101348042488098,15.551213328377344,28.041379707981832,6c72f12025436d67f5ec7ef4278ad8ee02d47c802d9e60967148aa375658ac7a
176,704,0.5992817878723145,15.639897495391779,28.130072250030935,cd761c97cd18e7ee919b61c85341e46636d8c1a3add2323364a9796bc1ecd427
177,708,0.47750502824783325,15.733283161302097,28.223466792027466,768290a29cad67d391f4e75214a5dedd3354c35c25818b837e30a98ec580e396
178,712,0.5616220235824585,15.820609702263027,28.310802457970567,2104d9e8d9b8eff6c0c1de51ce346fc9b2a671fc84a1d810cce91b5d106bbbf7
179,716,0.4780927300453186,15.908177993260324,28.398381417035125,13c0900c68ab951d7c4d7a9678f8c78f537d9b99ca327eb4e094419b5d5cd159
180,720,0.5260401368141174,15.995300035341643,28.48551391705405,1e2b8f528e9710bcd4cff97fd397800cad5f540e63498c867897dd0019f0f183
181,724,0.6223924160003662,16.085728119360283,28.575954291969538,5149a9b6a508de12e9de7c2b324d30d56c32b48a0f81a6ab1fd096c93af93aa2
182,728,0.6333239674568176,16.174539244384505,28.664775041979738,36d7771175f30a69471e4c13ba9a4f056dbd4765b8e93fa0e022defa9e857133
183,732,0.5038313269615173,16.271457202383317,28.761702417046763,9bb48378d4f3501d83117da7d0ce5a26e04dee3b057d97e2c3f543424800d3d9
184,736,0.5463688969612122,16.35847057728097,28.848727167001925,ad7735330d3baa29a1e4f17ba41a81be79059cc12e8e212ae01b1ef511be96b5
185,740,0.48773282766342163,16.446128952200525,28.936396957957186,d5cb318b727c74a59105a252ecaef67a638d19d637424239f08a36ee2f3071bd
186,744,0.5489650964736938,16.533224661136046,29.023502749972977,4281395779340bb53911b45b8a39e099609fee77dc22e901224eb4f3f4e7c878
187,748,0.5576381087303162,16.621417786111124,29.11170624999795,2e33ff0ab97d1c0d8df655dc6b56e7109ccfe5cb0e3e68e8c05e9c458265c721
188,752,0.4507587254047394,16.7093697860837,29.199667042004876,fcec31239e902e8490a58a75db1b3f7f14d83f36669a0b8b2aa631682eeac543
189,756,0.4118194878101349,16.799293744028546,29.289602375007235,47ea1d989f4d5af0d7ca476038b31c44db8358704e700deb6dfe3f68d1785bb0
190,760,0.7014096975326538,16.886279201949947,29.37659837503452,c35ed95d2b5d69658369b06b79bef0d7817f3467b9857f5ce38fd63fa860d83e
191,764,0.4216923117637634,16.973803159897216,29.464131374959834,d40fd3c7ac3d11190b8c5af3044b3e7153651290129129b5c7759b9adb270018
192,768,0.5209397673606873,17.060311367968097,29.5506479999749,6c5dbea44a23c04b14e980815a8660f3869dd77436bf94616be1635ce0ddfc80
193,772,0.5621076822280884,17.149149243021384,29.639495374984108,65e1f7f35186e95c6a04c57cec0e1565fc818851b6e40b252d7ab9e302eb8390
194,776,0.4547334909439087,17.247074950952083,29.737431874964386,0b64d067710e8f676983ba5f26008156405f1b53838be7a315d0d4451815a8d5
195,780,0.49717241525650024,17.33361982589122,29.823986749979667,1b7c7d95ee3ac843f269d0d83e5d5d77e123e29ced642f434931d56ce573eda5
196,784,0.7496289610862732,17.42063424293883,29.9110104580177,22727832e99593541e022037b6820ef4781ca96479ef90dbd1f1a2a397c15779
197,788,0.689253032207489,17.5073204098735,29.997706291964278,94bf77d2b784721c1ad4d164d27b57c0dadb111b0ba274ea27c5190ce71eb5ea
198,792,0.6083257794380188,17.595526951830834,30.085926500032656,66b61a2781e165ad87dd6d79e7313dadd281c21ee260ea097e121b6c949f26d9
199,796,0.4512074589729309,17.68342278583441,30.17383524996694,b3d421da6eb66c7c9ed88724b415fdfe17ef9fda4f316d0a46d386da609484f5
200,800,0.5627560019493103,17.774585119797848,30.265009792055935,dc79b1740f454d0db689057c1dcf444f6328b9bcae75bdd3159c72c8dbdc34ef
201,804,0.7500303387641907,17.861562452861108,30.351999624981545,604e67be1c53714120e719684a8eaae8c40f1820d5b75d25171557d8217002fe
202,808,0.5994859337806702,17.949761452851817,30.440210500033572,d8878a834706d4fd13c2becf5bc528143436bda645c0a0a2c703d1ef67e2e38d
203,812,0.44790220260620117,18.03746270283591,30.527922000037506,18e0b3d4ca01d7d345879e2ab5f62b6e30b531d8858775eca9b7b53e65959bdf
204,816,0.7955762147903442,18.12607357779052,30.61654425004963,2cf33122468e5fa49e27504ea5304398f187a6518b55ed93f4efc2f133f009e5
205,820,0.745094358921051,18.217862661811523,30.708342125057243,d44a4778be570594e6a9bcb72eab8e24cafe7deaa2b3462e030adf898b48913a
206,824,0.475511759519577,18.30592257785611,30.796412875060923,d4699b66417809e26f3656d4f520bcfc102d343c6f9d5e30f902ed1d7e5f41eb
207,828,0.43335795402526855,18.393844161881134,30.884347249986604,fb1a72b8b7e31651d0d9cb3a8d9b018a4d5980e0e08275a196d4b9265bc7e660
208,832,0.5537957549095154,18.482398911961354,30.972913624951616,08cae008e42c417c02f48bad14f1f420c06421542a7eee4b9d8bcc2a0e683086
209,836,0.6840690970420837,18.570783536997624,31.061308167059906,9b484c03ea60cc76194c8fe272b3db247748954a7986680f014a6fece42acb91
210,840,0.43290406465530396,18.659433495020494,31.14996800001245,deffe3c6b3eb9611eb60b1fb9876d38f57143551e95b7f424353e000bdda1809
211,844,0.6162547469139099,18.74909853702411,31.239642999949865,396ef8658d7970b7e02654638c6794454621a21a0f68b310e492fccb16586b6a
212,848,0.47549158334732056,18.83714553702157,31.3277041669935,601ee59d1dd47579c7937e39395f3bc68ec6181033cda4101f501ecba057274b
213,852,0.4556434154510498,18.925864578108303,31.416435625054874,86a86d07530416bcf121d007fa8a78cc6526cad93f2dca5a200ec7288c736c37
214,856,0.6043965816497803,19.01290749409236,31.503491792012937,2e12458d5ecda909fa9b663fe65dc2da7f97e31c751bf5350a46f56dfcab7696
215,860,0.42868494987487793,19.100739453104325,31.591333082993515,88edd368fc6e56f9e435377fad9ba1cf52f5558fa31ef5bbbdfc5e6249dc6369
216,864,0.8803086280822754,19.19216341210995,31.682769750012085,e2e9865c74da04fcd6e25f57c0f79bcc074a8915cb7b4821be1121ce18d96261
217,868,0.6653429865837097,19.285007995087653,31.775627208058722,5ad9fdd647701bde628d8505991a992c5e87ff102976c785848a58202258ad86
218,872,0.4310111403465271,19.373981870128773,31.86461062496528,8b7fb63cb502842b5952e104d94021d2385f9771a55484b5200cc5f7314cfcd8
219,876,0.46315956115722656,19.4611830371432,31.95182091696188,323094d922b218a2851ffd062ec6bd4aee0c6681920f58966606f12f89471e1a
220,880,0.5073524713516235,19.551196953165345,32.041844916995615,9a08a9e4d90f60f36474702a569e9633c1b9dffb3135e79bd45ec444200d45a1
221,884,0.3858308792114258,19.640128036146052,32.13078737503383,39324dfee4c325c7f24c15a620fb944d9973c0f36e5c5bf23c31651d217161e0
222,888,0.5348345637321472,19.733358036144637,32.2240257919766,231ab8afa050d7ecf09fe40e68c833ab2dcbdd9745694d050fe2d202659aca73
223,892,0.4972587823867798,19.821991911157966,32.31267041701358,ef0ece20caf464d93b613e89386e4fe2c4af744854657edadced10ecbc62bbca
224,896,0.7308095097541809,19.911445370176807,32.40213537495583,a67918357da8ff997fd036f521aab044dd801da7c1002cfbf1d3e599456779bb
225,900,0.5271320939064026,20.00027441221755,32.490977542009205,840f9d58fcddd80c190c6e9efc39dd4c1cd281e421fb7e7a8c59260399dabb99
226,904,0.7787688374519348,20.087742245174013,32.57845479203388,0ce4a152332e6eea7fb82c48b5a404889543df6d6b7159d463c947c8c355fe50
227,908,0.5872966051101685,20.178676953190006,32.66939912503585,d5c2bc59d6b12544539d8e88ba6a9aba15e1fdc01035bd2614e1d583d14e8bbf
228,912,0.7859326601028442,20.274387953220867,32.765121749951504,b4bb533d67e8294d4128f4728117f80d14d8f9bbccc853506dd06fc4b37a4897
229,916,0.7680633664131165,20.36299216223415,32.85373670805711,3d5db57d355839e5841c78791fd6e2e112714188510f8d93b58e9e2759cc5cb9
230,920,0.49980977177619934,20.451571954297833,32.94232925004326,41baad0635c9a0fbd124125d3f707d75f4440240c3d2ef02e1f77b36bb2769d4
231,924,0.7044564485549927,20.539838163298555,33.03060775005724,22f725dc1fbad2a1c91db21e1af82930ca5268207fc7735f4c48281de6cdd61b
232,928,0.6773547530174255,20.630116621265188,33.12089662498329,b5489ff3d2d9d7bc3f49d18451193db815578f1d9e2e8839e43a20aca5ecfe46
233,932,0.566679060459137,20.719363955315202,33.21015291695949,cf86f3b67fb2da2a4f2fcc2af2a4e09a7bf7f0f67585af34784bd6140ea2278f
234,936,0.7518320679664612,20.807479122304358,33.29827995796222,4258c4f96aaee058ec092018327057fc04a4dab6e2ee4329764af3c1cbac9b43
235,940,0.46098676323890686,20.89706862240564,33.38788212498184,1f4c36435cfd909711307c3928e83f83d37b3e7cf09534c10612134db9a49e1b
236,944,0.6610393524169922,20.98544849746395,33.47627308301162,a2126c049095b68a41ae8e76c363e54e513f4b2a32ff6d65ee80c6310697d5e9
237,948,0.64724200963974,21.0735857054824,33.5644197500078,49320444af3a3cde76e24f667a6e72678f2dbbd1c38175d532bff1d37c5302d0
238,952,0.5520351529121399,21.161364955478348,33.65220795804635,f148218c0ece2caa14240a57ce3bd0ead1408b9c3077406cf2c6037e8872bccb
239,956,0.6603072881698608,21.255703413509764,33.74655675003305,93ce4c766919bc9606ebd9ca7215e0285758df3fa969d08ddd728e6a4264cb8c
240,960,0.6159048676490784,21.344951580511406,33.83581566705834,c58794198b177aedbf826ef3644e4fdaa447f9efcfefec812643d13bf4df57d6
241,964,0.5536621809005737,21.43256016355008,33.923433708027005,cc03788b73d4c0c6ddd6648b018cc5a0d6c9e5c435b712409f55924507984ed7
242,968,0.6393026113510132,21.519287663511932,34.010173583053984,59d0956af1c24e8728e78a7d0603340c80b41d06fade0ddf607b21eecdb0a418
243,972,0.47885945439338684,21.60686287144199,34.09775879199151,a7e35b97c1e358ed29d419ca11085780fd3116b50e191cda167ad789e0d27cd2
244,976,0.7499102354049683,21.695050663431175,34.18595724995248,21f7c4060bd7501467ff03e49f9369fbdee295eb9e012b3a3163c72dddce90c9
245,980,0.44914576411247253,21.788917413447052,34.27983899996616,0bfd419726471b7b250621ccbd82da4185bbac936faef9233b11749a58f158bb
246,984,0.440227210521698,21.87586499750614,34.366796583053656,d1e7bbd5bd7254f551295177959955fe952aca4e4084594ff6cd01b29e1d2a69
247,988,0.4875521659851074,21.963757955585606,34.45469883305486,90549730d1ea08e74aeb645fe6b23f35efc842360bff0c3885472812eb997810
248,992,0.4682256281375885,22.05325291468762,34.54420345800463,fd74b6deb42ddcf6d9151d0ac7ef89b104638aa1ed77feed9060d1101e7499af
249,996,0.5255719423294067,22.144226748729125,34.635185791994445,4cae28cc05c6454440a37eeeef11929779902a0b4bf327254758118a973f79cf
250,1000,0.4162452220916748,22.239031956763938,34.73000012501143,b13cd3f70ee3b85e1aa9428246c1f2b9d310e4b4a11b8bc19f8f39b9094988ca
251,1004,0.5161829590797424,22.32883920671884,34.819816792034544,4fc6e8ffb17b541ae937edc498bb9cd73e32f3d4e77c84dc79de98bdfd05cfc6
252,1008,0.4487384557723999,22.41801345674321,34.9090011670487,e2e7eb998dd22b98fc8d4c9b092619ceb766f8314b7d7d9117df71f1088aed27
253,1012,0.683474600315094,22.50570370675996,34.99670162505936,c47d51fa8e8b7b4f61d74b4a62d90a7e65fa01b426de802a63e4e1226dbe6496
254,1016,0.6044642329216003,22.595375498756766,35.08638458303176,79ae15d45fbc253bcce8deac7be4ba6aa3a307e2cae15b358a720b691dde9466
255,1020,0.5863503813743591,22.68260699871462,35.17362687503919,8d430ac034497edd4da9020c30530bd1230ee0dcbbd88c5c7feb71c7cb7eb10e
256,1024,0.4803674817085266,22.77416687377263,35.265196167049,0f62a5e3f6387f8398e69f1bed3564410cd7c43c185d72738fb17028d97ab8db
257,1028,0.5406392216682434,22.864412582712248,48.635892541962676,0a7403a031b970fa8aaf619fda663c453f1c63e5c9c251b3ccaf2c6490ab11ea
258,1032,0.46098747849464417,22.96398187475279,48.735474250046536,889905dda1bc61f8df803073065f26490b21542e4922e022f338e17d2ba4dfd5
259,1036,0.43959543108940125,23.052407207665965,48.82391154195648,0437d7b7770586a4d3b7aa86f17938e2320bcfd5166d9f441228aa6e3ed550ee
260,1040,0.6972581148147583,23.139034332707524,48.910552124958485,9bc45b62a18e5930b9136576154d62bf13d9e30c0823632e18071a6ca4a41420
261,1044,0.6501190066337585,23.226447957684286,48.99797754199244,b41a7109752283cc4d8155d01d0188798f29f8dcb716df5523731c85a1b987aa
262,1048,0.6468338370323181,23.315183665719815,49.08672329201363,283f980525f1d1ca7579f4432784b7897a358562ddb187a566ad1649d3170f9e
263,1052,0.5931217074394226,23.40193416562397,49.17348458303604,759a585aebfd5b4ea670f9b9000245bbfbb533ab8558b8032aad458302e09062
264,1056,0.4410306513309479,23.496087790699676,49.26764879201073,996cf31ab11a081326ed239f04507ff1e0e049a6c2964ba8bae74672c56ed1bb
265,1060,0.5147112607955933,23.583562540705316,49.355134499957785,96e835e5795f5cfe64b70ffa0e5d836f5609c86855007c102eeab4e311918b51
266,1064,0.4278389513492584,23.673780207755044,49.44536524999421,7b7111e9445a495ebf6edd2f2d30be06e9654fd07f08f6852cf11516ee0dfbc0
267,1068,0.4550226032733917,23.762212582747452,49.53380874998402,246a23ed3f497669ec8d5eb7261947de39efc726ca9ca95dda27e10d565f16c5
268,1072,0.8069795370101929,23.851014665677212,49.622621958027594,1892253a292f6d0412b96bf0cc4b526193c763febcf63eb409eac67fc155fdf4
269,1076,0.43279990553855896,23.94320566568058,49.714823957998306,3252d6778f6eac9bcba533cebc5c0dcfb7282b856c6f55603d7be440d4e515be
270,1080,0.5393837094306946,24.032162290648557,49.803795792046,6e663140ae9c08233bd3fcdf426477aa70df4dcc2bfe5e327ea4d6386173d74a
271,1084,0.6838903427124023,24.121404081583023,49.89304841705598,797cd03f75da4fa810786c6649ff20b007600cb3ecd04e6b5803c735bb61bad2
272,1088,0.6436411738395691,24.209464623592794,49.98112008301541,5c848676ee023b0394f0b0ffa8f7c3b51b5b7edfa0c1d43792b58d16db55c6eb
273,1092,0.5459827184677124,24.29687287355773,50.068537042010576,cae48e8d8dbf11eb59734e5520654f260d06650944f4884e030f0ac82f03de6e
274,1096,0.524214506149292,24.385117123485543,50.156796667026356,f61debb97b3414d21045dc9ca7c6843517a704cc4947174ec18b366467eebfca
275,1100,0.5608376860618591,24.479098915471695,50.25079037505202,1291450f4a4e3615d9c0aa6374065b8e559ea34957c96c6ef535f72c6561d6f9
276,1104,0.5684252977371216,24.56650179042481,50.33820541703608,19f61342027b7d2b33459138cc405f95285ce784ccc867a1d85b450cfc03883a
277,1108,0.6744445562362671,24.65355187340174,50.4252661250066,a59fdaf256baa03ec0266ddc6a7696c076b64e571eafd6216e1c4cfbc3dc7ead
278,1112,0.7160043716430664,24.74115108139813,50.51287624996621,4ccb53fae97c3d06d8fb8d5b5fed5e22c98e00e78539b0e9fb573bab72169da1
279,1116,0.4501677453517914,24.829998540342785,50.601734291994944,a2c68dd94368711e80f14602e649e6e7337df84cdbec7203e1f16bd0452c9d70
280,1120,0.44497743248939514,24.923345956369303,50.69509658298921,50f692b3dc24f36bdd76824864226d6bdfb5e80194cc82fbd0994699448d08c5
281,1124,0.5104902386665344,25.012968248454854,50.78473120799754,23e26b9198a73835abfca37190bedeb4d18adfa81b51a9715ec30bcd2a3a7d91
282,1128,0.44190603494644165,25.099474540445954,50.87124633300118,2714a0abc9afbc4becbca569350c1a8e7393e1ffaba6ad1d6c04a23c17affa90
283,1132,0.44507497549057007,25.186874248436652,50.95865658298135,0c1cb41779369e7706a0f3d458521d47606ce8215d8e1339cff352c852fd6694
284,1136,0.41510868072509766,25.27399495744612,51.04578766704071,0b64260042500a52d3237e9d8a6dd9d63dbf749bb976efd89f17c5cbae2b37d5
285,1140,0.559495747089386,25.360819790512323,51.13262033299543,184316654ab8e3eaf3b850e83f17aadd8ac41b8fe2058e36f1cd3bacca2cc5b6
286,1144,0.6848780512809753,25.448700373526663,51.22050799999852,c03a26d98873fc9c3edf1766e66ac6a3d89bb21307fba236825779031647b35d
287,1148,0.7130200862884521,25.536657915567048,51.30847954202909,ccc411de050781f77b3013b7b64c37027d212a86d3b0c1381724182057203587
288,1152,0.5762078166007996,25.623997456626967,51.39583125000354,363fc58a0d4b5958ed7c2138a580e4a1579c0a20b02050b0942d36305b225340
289,1156,0.5772272348403931,25.710607581655495,51.48245266696904,ca468877447289cffb526704e2fc3f191b1bdcdd2a1c964572667dcdab516e35
290,1160,0.44474220275878906,25.797349664615467,51.56920287501998,cf0d79c93bab230ef1c685523ece4f90e586866af2e68eaf5ffd4b95c43801bf
291,1164,0.6173236966133118,25.884243372711353,51.656106082955375,609c3c6853d1f2fb1a174c6ae54780392bfde9d0a49ab5927068ea429d7ca729
292,1168,0.5336794853210449,25.979664914659224,51.75153833301738,37ddae3b9ba379b773e9dcd12a79b166bee515867ce0e8a2ff02d6199d28a3cd
293,1172,0.5437613129615784,26.067249581683427,51.83913458301686,18530f4e476d31a0e5728d26a2f80627c7dff53dbabd6539416739b66e2ff8bd
294,1176,0.3899708390235901,26.154551998712122,51.92644724994898,bccf7e6e5e24ffa15468af67c0426f81258976bb6669af0145ab55b7fe5a260f
295,1180,0.4470493495464325,26.24167729075998,52.01358174998313,58fbaf3ecdab387c837ca5e67c049113e3b696d5bed1cb3463a037d64d2a6c7e
296,1184,0.5038732290267944,26.327996415784582,52.09990983305033,2a86c65c293b85f8863fc51f444c533ca7cf045c2314330f318417d589b5acf9
297,1188,0.7010706067085266,26.41480320773553,52.18672770797275,4dbda7cf6ce077b34fae4ca781812aabf3e4c3c71b9bccc02755c31aea0044a1
298,1192,0.4124941825866699,26.507311666733585,52.27924599999096,3f407d83f19bee7c6e560b4a4280a67a4e3a7d3ad5f8f57af846c826cb7db094
299,1196,0.8382501006126404,26.593999082688242,52.36594462499488,c4f0d70a9dd271fb4ad50642fee5dae13354d5be58aa236a19808ff0292924ec
300,1200,0.5668084025382996,26.681395041756332,52.45335058297496,376fbe06f407ed0cb1f188c7bde7ea843f3cd7ac4623157942bfdabefd5f4a7e
301,1204,0.4592892527580261,26.769807666772977,52.541773417033255,bd8cd31e553bd1583eaf2ff07bbb0f354209fa02993181f44a28f6d55e9a1864
302,1208,0.5862762331962585,26.85828633280471,52.63026295800228,5431749fc04367b3cda01cbf14dd92158584cb435b775ed5173b137e54eaeb0b
303,1212,0.6646776795387268,26.951917249825783,52.72390474996064,c0491e4883343493764096bd99120889614583be6ca0c6f6c11a15f147d583ed
304,1216,0.4716724753379822,27.038844374823384,52.81084283301607,9a3ea03df9920d9b5510bca68eb771d7b45cdff141d863ee0926d9f745f8724e
305,1220,0.5856605172157288,27.126698541920632,52.89870666700881,6ebaf3efe37b89672ef7314af1cd8c011d4a359c34b0c79cb22dda77674c6c87
306,1224,0.42081305384635925,27.2138328748988,52.98585387505591,ae4292948441055a291ba97869898c4f73e44dada163ed046b4b6c8a81912588
307,1228,0.634476900100708,27.301454832893796,53.073486499954015,53349e13a3e2851e5ab53badfa5f2e070f9fbd20b93c9b569a0805f08db8c833
308,1232,0.4451952874660492,27.38920845789835,53.16125191701576,2a43802db087a4140262b8c75229c706c0a3619b14482e402c69d6372cadae4e
309,1236,0.43446746468544006,27.47849074995611,53.2505482500419,1d97620d0d1b28fa812f6541f31df5414b903da1f6487f20a645e58947069761
310,1240,0.40126457810401917,27.56505458301399,53.337123958044685,f111e92d792694854186d1301b9cedf424106e686a254581aa370fd63addf27f
311,1244,0.5234982371330261,27.65361599996686,53.42569820804056,4d8b9b62e15bdf2387eb136ba42f596f0f62f77ac9aca6ef5461d40559c6b3ee
312,1248,0.46077364683151245,27.741621874971315,53.513715417007916,77d03a8f4e315a6f8e3586341d90250b6bb6e690ac03b49c811d27580f5e7f72
313,1252,0.6353155970573425,27.828172832960263,53.600277750054374,f52ddbe7197311c512fd08269f0482bfc83308ba03e5bc5c5601543c594e5b1a
314,1256,0.6743542551994324,27.922315582982264,53.694432875025086,7518cc925a32431157d3bd265006baa9553c44278f37f1eaf737233d3feab9ad
315,1260,0.3806683123111725,28.01000887400005,53.78213850001339,c2c733b42e92643dabf181b564c8ec0e1cc65408f7e2ab01dd4576912f85c4cc
316,1264,0.4730290174484253,28.097902873996645,53.87004595797043,e82ea10285e9603cf30cb041542927fc14c45c11a73d0e8b815a40121b5da9b2
317,1268,0.4194064438343048,28.1860577899497,53.95821195805911,f1c5cc4dbf7ee2350548bcfd7a9c4f1c19bb0d9330b743f61e4d3e63623ad761
318,1272,0.4654386341571808,28.27318970602937,54.04535366699565,6743c9042d931f90811facf590f31ce8b2d6152448161312a3d196526fbb8b14
319,1276,0.5276855826377869,28.35966112301685,54.13183637498878,3ec221bb226bc906c4cf54d42994fc61433e1ec7624e25a9b9b8cd2d7f517046
320,1280,0.45050397515296936,28.450115623068996,54.22230362496339,1db5faef092344612993631e88f4a062ba13f88400523e1b43c92f4221ee5e8c
321,1284,0.6394123435020447,28.536874623037875,54.30907345796004,8b4146cd322cc4f40656cca0510a229bcc6bbc9464b061ad519fdb7d7f269e43
322,1288,0.6897782683372498,28.623581873020157,54.39579112501815,c190035be6327f759a25fbf8c4fa573d00b0b1776ba16acc8fa444d6f0a7cca6
323,1292,0.7891148924827576,28.710660789045505,54.48287970805541,a68f885b937acb05b7fb7d8df3e26285a2cdfe07db08d1ba4dee0e1a08e7d595
324,1296,0.45062586665153503,28.797500455984846,54.56972995796241,8e15a033d6293be9a6d7547ef0acaff5e7262981a425efa1406a40ad685d43a9
325,1300,0.4530458450317383,28.88479937298689,54.65703841706272,81622701928202ac2652189ba20b4846c4e7cb38c9322588274d30ff1e67f54b
326,1304,0.5116028189659119,28.980577080976218,54.75282612501178,14cf81541a417b3bdbaa7b3a2a10bbc841e33bcca2808a1172d838038f2f9d67
327,1308,0.5815800428390503,29.0702348719351,54.84249475004617,ce183e3ec2d9701aad66cb232dca74b9a79f3e52bfd38703848060441c8f14c4
328,1312,0.40225717425346375,29.15911020594649,54.931379458052106,76719491d398b23ea6099a93354c64b6aae24dcae57b2168d6edad3553d2d287
329,1316,0.5362415909767151,29.24766049697064,55.019942500046454,d52000b6c4def77147e2b7a109cd61795ec743f36f7f4302ed1eb8eaa27eae3e
330,1320,0.5398815870285034,29.33504307991825,55.107336916960776,c8a9afb62cd4b19cf77ece22cfe89d9385e14caefc5629730d7f20de240af843
331,1324,0.5763232707977295,29.427414620877244,55.19971800001804,6386c1872b2b802a22dff2aec229f95969ecbe0d0f717b99cf0f015a61ffe576
332,1328,0.432653546333313,29.516688661882654,55.289000542019494,41d77d53bd13d5da49fe543092bb56ddf8c83c4167804645c36751da0c337d37
333,1332,0.49554407596588135,29.60576520394534,55.37808637495618,a2cd4142f35acee9a7eaf0965bb37a26898e9c5ba814695cf0a4885e2ecada55
334,1336,0.46107786893844604,29.694649536977522,55.466980166966096,8f668c4c50897a106ce6268d2de31d6fed72073795a0b988a024a45b1af71337
335,1340,0.38907918334007263,29.782440454000607,55.55478033295367,c5b5ba10154e5667e05a31dbcb9d3c190ea9e47686f5e507ee2d341121cef54d
336,1344,0.47732996940612793,29.869050869951025,55.641400833032094,bc70e2d954473880fa74c65d07ea9cce174bf683842e91f84aaa5ba95911188e
337,1348,0.4959847927093506,29.96711078705266,55.73947000002954,9bc26eb143e18f877111acc66a7dd5224f12cb757adf7e7b3251872d3082739f
338,1352,0.46977272629737854,30.054683787049726,55.827053542016074,06accba4b67d8f8f7e877fe7a922b9c18c5a1a5d1df762ea924f610eadfa33a1
339,1356,0.41903257369995117,30.141953120124526,55.914332667016424,d2cdf02f501906903a9a75f482f8949902bba7657f9ef48f96f00ad2b5951aa1
340,1360,0.5405516028404236,30.227309036185034,55.99969779199455,5a4f6e66e229680d29c2d390bedc2c9aab1b164bf47274a2feee0437d9da2b3c
341,1364,0.5562377572059631,30.314831453142688,56.08723220799584,438c35885decc839c6542ae7f6452951e1918ed1a76fa6ca7a0ed7ee0c764657
342,1368,0.3809226155281067,30.40212703717407,56.17453945800662,2d9113d395d4dcc3b5b16379f5706ceb358beb31861d56c3d76cd0ba7bbb59ed
343,1372,0.3786477744579315,30.493434204137884,56.26585824997164,614ec1e875574dcc0c6a89d5edb89bbf14aae0b010c6f13cdee2b07ec581a63c
344,1376,0.3522769510746002,30.581033204100095,56.353468082961626,6d16c7dd2a6da4b20b326c161b516041a07be4fac612b38bbc316e4964a5c341
345,1380,0.467824786901474,30.668866329127923,56.44131445803214,648ecf0b15a0a23f81f310de429272c4815606b1de5d7278d8faf6d9a00f116a
346,1384,0.40248411893844604,30.756209287093952,56.5286680420395,c22b8fca47880e7cf3344c36ca8cde63f76325c0e5fd4950f6056991fbc9cba5
347,1388,0.3733915686607361,30.844094620086253,56.61656704195775,51cc5351b172fc947c9db73699d99ac66233bc4c34cad25e37f92cb27c0d85e1
348,1392,0.7128043174743652,30.93466841103509,56.70715137501247,3cacdcc83f15041ff8e7314b241e491d96a84237530074368b0b6ed06f138bc7
349,1396,0.3858772814273834,31.023810411104932,56.79630533303134,d503250814a8592bf6ac0fd10b5c3af7331af318d1d33b67e79d5f3753fb3d15
350,1400,0.3958371579647064,31.112386536085978,56.884892542031594,3afde6fb062f81cb7990bc6e21170a73a4bfe301c35a2b5606f97fab8db854c4
351,1404,0.5278674364089966,31.19907720212359,56.971592125017196,d0026bc822beb599b42be2e24ba47c08086731ea20d457d3318436e045be79d7
352,1408,0.43712788820266724,31.286616077064537,57.05913829198107,6cc7c4bd2b982c304f30b9d44ed6b0935f33853e307e8e4a4e85df8a6598deb1
353,1412,0.6602409482002258,31.37368995207362,57.14622054202482,6e48b40c29b93a50b6a2efa493f50aa81de43d2f223146b19814a03731312431
354,1416,0.45575034618377686,31.462261202046648,57.23480341699906,e7b31a40523734dcae4777a6d1a6017c01ddea582e2a1f5d8eccfef89c2d7db6
355,1420,0.4423529803752899,31.548985993023962,57.32153808302246,1a42b5a22343705c6782d66915b5b7735325434eef9d043204cbc1c5b1412d9f
356,1424,0.4436332583427429,31.636755576008,57.409320042002946,e16c759ada76eef2cf55963b861a4d47204f0ec815bc7037269d02da7d734de8
357,1428,0.5033251047134399,31.724083243054338,57.49665604205802,cfb3878db45af22dbb92d74981f1e9db9822a7c46b993309daf5c47c1dcff19a
358,1432,0.574600875377655,31.810990159981884,57.58357350004371,6dd6e06feabf9938b1ea3baffd0028b06300e9052447fa98816fb3abeffd84ed
359,1436,0.41996172070503235,31.902149534900673,57.67474416701589,e46cbc57b2102ea461a48d65be90a61eb584ac68c1ca10a6ae876090d61d0420
360,1440,0.5509655475616455,31.99453632591758,57.76714420795906,32f1c8fe3614f3cd4e91ffaa3b8469e9a3d00d9f3823eaf137676ec5758068b7
361,1444,0.6659860014915466,32.08225524285808,57.85487437504344,ab2c405f3900fe62bdc470cf7cc46aa5c96d8aaffcd94327e2cb8bc9ae1806cd
362,1448,0.36383044719696045,32.16989895084407,57.942536624963395,24424083d1fb2ac46a620004b7878042b30bd0962bf0112e85dc0dac09ea77a0
363,1452,0.8906556367874146,32.2573985758936,58.0300470830407,1e2658c949c1b8d59bef0f71399eaf2b250d450983cd8204152abd7d6abec3fd
364,1456,0.4005177617073059,32.34426445083227,58.11693120806012,f333fd7ba9e09d32a5a09a793f3eb3e5b04ac864e7a0decd4223d7d4a6bf7c52
365,1460,0.540420413017273,32.4389087848831,58.211585958022624,213857e7af8bc23550518b874d9b9a8450109ee9cc66d811f8ee4a0040fdb1fe
366,1464,0.7850239872932434,32.52668524393812,58.29937245801557,9f8e018e6283608ea027a55e038ec5dfdc29ceb7afc41ce21f9684b066f5852d
367,1468,0.3634079098701477,32.61600107687991,58.38869858300313,27cf7439ec5a29430f18cae941a32939f2be9741b7a59a992455b85279bba495
368,1472,0.5542880296707153,32.70381957688369,58.47652708296664,c3d841206ef43a74c5e0292546913a5db33185b806a492fdb0d09e34b1a45fa8
369,1476,0.5895273685455322,32.79116199398413,58.56388258305378,150a6c4935a174cf4a23a4c89d8ba58960c0d26b8295aa9b13bfb51d82a2648e
370,1480,0.5119970440864563,32.878833328024484,58.651566833024845,5fe5066dbdf7b061163fe6edee6c5fbc4d026860396149ab45c81b8b8defa25d
371,1484,0.7702388763427734,32.978038868983276,58.75078220805153,dce60bc29bba787e70bbccdf0e43085fdec8415f33933c7e5282f1d2b4360c99
372,1488,0.5770400762557983,33.0671721190447,58.83992662501987,f0cadab6a92a4605a9f6a55e65ee60479d97a8465b2dfac9884188a95e82ce28
373,1492,0.44052812457084656,33.15571803506464,58.92848187498748,7cf2371a244f2fadb4fbd16ad178577fc2279abf744c5b40013eb93ef6257a98
374,1496,0.600605845451355,33.24430474312976,59.01708083297126,2fe34f8694ea10349d7d7bcfb7ae939e56b964af53f6e9afc0383caed3e329c6
375,1500,0.4851866364479065,33.33211478404701,59.104900207952596,b3a0d6a67a806250d0aa3d618334f7cc0f9b4c447a0f88da632b752ecb1564a6
376,1504,0.36443066596984863,33.421865951037034,59.19466062495485,62967ed09cf0046bc2dc26ec3189674f00426ee548cb6ca51aac98c543b4c170
377,1508,0.5642001628875732,33.511036701034755,59.283842582954094,5fe81081aa803cfd681678784a3bce7a40115222a134dd741bbda3c73e2743f1
378,1512,0.42097023129463196,33.598786826012656,59.371603750041686,817e7f91469f5e9424f873fbf0c09163eedd127b5204de5dfa75457760e34c8b
379,1516,0.41283920407295227,33.68601811805274,59.458847125060856,a52b2f2829db298c752e986a4cea2321b7217d4d6ef10199657f9e314706a271
380,1520,0.38219118118286133,33.77363745204639,59.5464761670446,6381a4f3614aa246d0245865cedee13678f369aa308a7190f47d555dad496e9d
381,1524,0.43073713779449463,33.86157507705502,59.63442558306269,58e25d6da7513c166dc812cb1b2cd1df87006742f3a191558acb5810419a32f3
382,1528,0.8679353594779968,33.962532868026756,59.73539558297489,ae05050239b2b222c9374de5e17878e77538eecc474c12aa989e6bf3d36d9d15
383,1532,0.4378992021083832,34.051144076976925,59.82401641702745,c501b3f93677433dfdb744273e6c572f22f6c0bd1c05db3b4413accf875d43e4
384,1536,0.5206989049911499,34.13925274298526,59.912135042017326,62f87a0578bc77c0a8b0c485592777266c261c86da78dada40d00050227f0bdf
385,1540,0.43629518151283264,34.227382950950414,60.00027700001374,6bc9a251afd1782c4da78421cacef041ff51141181264c7af52b07fa4bfbbaf4
386,1544,0.495540052652359,34.31590732594486,60.08881404204294,430031d3b69ef982899928addfee260f357c5a8e73404476ad0aa8e94b011962
387,1548,0.32793325185775757,34.403043242986314,60.17596200003754,2277df146e8a343918d79af971ae1bb65f47ccef16d91becf80ddb5b749b4deb
388,1552,0.6841797232627869,34.49393249291461,60.266862542019226,71e0f173522c147c2ac7b3bd04b46c97e72df7a3bc0df10454d01250017346ef
389,1556,0.5619122385978699,34.58065682684537,60.353597249952145,d11b7bc82e6ed4cc11f6ded538cb6a54bb151e06041a9ee7a8c5d8fb13b22765
390,1560,0.3487967252731323,34.6675489108311,60.44050191703718,b2fda56cd10ab3bc45cbbd51c10dea436702a697585e58a5a231a3e00851ac86
391,1564,0.44720786809921265,34.75380353583023,60.52676854201127,e90530a4ae1b1d41cde2d40855d86054975a26b72c8eea1f29d1b8207baeb24a
392,1568,0.4963144361972809,34.840663993847556,60.613637792062946,bb98b9d4b017e8eed79a4175b762bdfcd015f82b1292e4faab7183f57c1b6066
393,1572,0.38057956099510193,34.936415159842,60.709402707987465,21deb31c4c3b4980e8111fa8f948b01ab59366cd183a0a2ae52f9f45ffb555a4
394,1576,0.6559360027313232,35.0237471597502,60.79674783302471,61b7870802fc800110ba448362e2a0f61aed9639a2e0b458be56c7b272cf6773
395,1580,0.5158979892730713,35.110901368781924,60.88391404203139,aa6aeb1a7ae972268a84ca0b6acdbb6df003d04aab73c4b92458fd9c5066ec13
396,1584,0.7225735783576965,35.19723203580361,60.970255417050794,4c07f65f85d9198cea286056665428e616db65beaa33f2d490eb2ab6fd39d179
397,1588,0.34830987453460693,35.28358745283913,61.05662087502424,6481cadc4b5e1974ef3962425bd7baee5911c35779fc650a4d173413e96ad719
398,1592,0.5202112197875977,35.369932119851,61.142974792048335,03d6406f707ab84373badb97f47d49a683baf3cbfa22b10f301b0a9a49ef12dc
399,1596,0.5801178216934204,35.45796666177921,61.23101925000083,7f8765a644ed96e350d7eaeed9e5fb5d317018609a4e9fa71c5a2cf75b5df4cc
400,1600,0.39769232273101807,35.54524320270866,61.31830625003204,5f7bb5331d80a43e356a8f251a87fa3d7aa68e17feb97277db22f235a3a695cd
401,1604,0.4390759766101837,35.632951660780236,61.406022874987684,5eb77b08a0b4511615920e01de8d0ae857c59cd282df460e4eaa5573bb11583a
402,1608,0.5210921764373779,35.720233702799305,61.49331395805348,137ac6c482f1d2228b2b983e67a38d2002de879c4ba6070c030408ea7f3cbf8e
403,1612,0.4465973377227783,35.80685699486639,61.57994516706094,f19389204fd33ea6d1d89576e96471c58e7a21246d8232d5bd993b6f34735149
404,1616,0.44202879071235657,35.89458970283158,61.66768933297135,71018222a5873a06fee9153454486ed4fcf2ad1d46c4a78c23ef877a968009d8
405,1620,0.3523115813732147,35.98726286890451,61.76037516701035,5c196ef8d754048d40362ed76c097b3854ab8f1368c3c6b0823c58fbd08d496c
406,1624,0.5705025792121887,36.07389749400318,61.84702125005424,34becd8e03f20f0f2060cba7b80635ea6c457e977a8d544e120c0e3ac6f52537
407,1628,0.38119587302207947,36.160594618995674,61.93373100005556,57eb8269ead061979de9935f79ba01dcf5fa4d38e5f08ad1b67bc4ee0dfdea47
408,1632,0.3864797353744507,36.24656378489453,62.01970995799638,1a67ae926dd002f4b3e0dc1f07cde83957bd02d7d3ad22d75363394c23513e9e
409,1636,0.5000373125076294,36.334794992930256,62.10795033304021,bec616c76e6c6a85ea3a5f960f2511921fe1b6f289baf8c0d0affb823ea445d6
410,1640,0.3838919401168823,36.42650203395169,62.19967079197522,56b74803e6b86ab98a32e6161fd544d1a0f79e49642b25a0cf8b057f107cb1bf
411,1644,0.5899291038513184,36.515711201005615,62.2888958749827,a4f043db6b95985e5d4f3f4b948d6248874e567fbe184faeba07d276a69aca95
412,1648,0.40401691198349,36.60179936699569,62.37499637505971,3f085125ae7c3f443f92db8e66ed5e135e44292f745397358ce89ed80f336155
413,1652,0.4997844696044922,36.68931128398981,62.46252020797692,115b6904b64ddc95e9c998dc470eb790b04725acb1a3d377fcb6b6ee5ab28601
414,1656,0.7031916975975037,36.77602403401397,62.549244082998484,bb3d9a1387b602c790924e2e301f5f8b49f42b5a7bfaa7ed5f864f37b1cbe786
415,1660,0.4153478741645813,36.86299590906128,62.636227583047,5d656a72964734464ff756acde650ad6ca7c7039ab8094d8ed16810fb0bd4f8c
416,1664,0.4327431321144104,36.96097786806058,62.73422058299184,05c742c993ea6ab8194bf41a1285e70e0e59864419463285f7df699e9dbcf9bb
417,1668,0.641048014163971,37.04802482610103,62.82127862505149,d59f01f6dc69cc396701f0a1491e100dee61ad8f361c0ad89b1c6ffaf0236e2a
418,1672,0.4230404496192932,37.13458282616921,62.907847417052835,eca1a6d5631539e2ef575f53bd49300ec6bd381a3775ded5cb74c6305f56f349
419,1676,0.32591378688812256,37.221386326127686,62.99466345796827,b401b68961086f990e02413cad8a6b628465abf59d90deffbca64ceb5b7ec848
420,1680,0.35428673028945923,37.307742076111026,63.081030749948695,6e9173279d13e90d4b45efe36c12a679d14d912b76b5262590156acef3846512
421,1684,0.31235477328300476,37.39406999305356,63.167369375005364,493f80a4cfd4d8aec3720796cf8b5675e1915cea98f9f0654cb07ae86364458f
422,1688,0.8000483512878418,37.4821742430795,63.255484082968906,2a4ff9a1a9bf03f5bbd0e0a0bd0ef5421c7aa1dc0ebcc578d3c6461fb7c21117
423,1692,0.3793090879917145,37.57019936805591,63.343520874972455,bf881a585c0162c8ebfd8670bb747d04050559f5a960dbed596fbd91dbecf061
424,1696,0.42023706436157227,37.65665141004138,63.429984875023365,10c193f68f123a6bb3e18b85a688897bc483dbf66ed6849580b789a420a673ff
425,1700,0.44302549958229065,37.74196095112711,63.515303208027035,17949bb66782ab61b75788de892c86c2b37cc0c636f6cadf53cd4df4cd910304
426,1704,0.5272537469863892,37.83165782620199,63.60500954196323,7549bccd1079265a8557f8db6bef5ac41e2e08da1e730b5e61c1ff99ad5af9f5
427,1708,0.5501770377159119,37.922365368227474,63.69572741701268,a996d42c2393d69f90ca946da950fc9581c901651729eff9eb456c5ab3a6eb4a
428,1712,0.5806193351745605,38.010090868221596,63.78346312500071,24243ca1372aeffbc90e6c49225bd5899b2975796b0484604ebe9d6a8cc641e1
429,1716,0.3399130702018738,38.09722095122561,63.87060316698626,cad037569745c32cf9575e9862d5a60303df6c54d0e02a96a437a2c7e9ff295f
430,1720,0.44948524236679077,38.18300861818716,63.95640191703569,1de33d0fa6abc8c3fa13074843ed8e812f1e0363ee10197f8738d793839cafab
431,1724,0.6393451690673828,38.27108736813534,64.04449166695122,e3699866fc2e6c0db94273b9277747a2d64bd9303510820b60fec21dd2313534
432,1728,0.7005914449691772,38.35759220109321,64.13100670801941,519ef8cb827d3001976a3e14bfd12a832f82dabe440fc645b3143947d280cced
433,1732,0.3723007142543793,38.451817868161015,64.22524445794988,8c8d490ef42be38616ba947de1de46c95f06404a66ad30aac473048be457e2f3
434,1736,0.4911351799964905,38.54012082715053,64.31355741701555,b962a3f4b1e8c10587687247f9c9bf67b00b3185634495c6a925f26ce25c0add
435,1740,0.37383025884628296,38.62841553520411,64.4018605829915,64cbb9abe8a99d18cf32a3137aa47c471daa4a95985bdbb4495381bb7bdcaa56
436,1744,0.743715763092041,38.716701660188846,64.49015475006308,730e4d6d635054eedc4ef92e9dce9faa6e91b0bf7922e8d4149628fa79c76e2d
437,1748,0.6210471987724304,38.804371993173845,64.57783466705587,7333585ed92643c9d7ebe33c0abfe4d214bba2ffd684c7dcbebb39cb203c57f3
438,1752,0.4177006483078003,38.89468511810992,64.6681597919669,8842fd76cf2ec3b9bcd22a702e5b9fb34f6a8b0bece1fc669d807520eef92e6e
439,1756,0.432317852973938,38.991867701057345,64.76535787503235,2c4d5d80be5c56ebd99a6717b9dd9f41e14f9b614af380c3d1adb1603d891596
440,1760,0.5076276659965515,39.078720867983066,64.85222545801662,1e20f6a492d48f26c5c8e5495f56f39163a9d8454c09956d0196e1d6155482a6
441,1764,0.5220016241073608,39.165977576049045,64.93949345801957,7b8f091e752fd61a7be29120aa8e111857ecaed7adf8be589b28de698eb96dca
442,1768,0.49064338207244873,39.25249632599298,65.02602287498303,bdb463408459c71e8cee10e240920a0a507873c4817381eba3751a3432e905c7
443,1772,0.6999934315681458,39.339918950921856,65.11345766705927,2d32162660e3c3f1c3d9c552f479a5c88176af8c4527e84a7417efc8d3bf2f57
444,1776,0.31481876969337463,39.42819178395439,65.20174087502528,109fa83f688eefae0b36e3ee8d8e470d6caa703ee510153f55b77a130ef563c4
445,1780,0.5553890466690063,39.516582367010415,65.29014033300336,78a2ab05d1f451146c3ac45cc044c48d915b1d4ef7906739ffa86509c18dbdff
446,1784,0.3622087240219116,39.60260311700404,65.3761690419633,2af44541ef22f66bec662ff25c17f86408d980fc9d49431dacfb312e93796139
447,1788,0.4051147699356079,39.68964749202132,65.46322116698138,ec34b0d0a6e352b1026c6cffcffbde3025bc62c33f2e285dc6a84df3dfa7a1ab
448,1792,0.49920952320098877,39.77710232499521,65.55068450002,7fea6405346f5d7b258e6cbf380ab4ace71b13fbb92dd5677e2238c656880396
449,1796,0.3717817962169647,39.86487278295681,65.63846520800143,3e0e0b5463c6f1b5d74ebbb5e700050e27aa754e48c3d49aa7e970ad85014267
450,1800,0.3660341203212738,39.95975715795066,65.73335895803757,95024b72f64239262cee8479c3db0a3c7119b0517c58f3bba146a919c757ea0b
451,1804,0.6813822984695435,40.04713836591691,65.82074895803817,b2f052caa7b070180427a0fad887b7cbffd12946649881c15725c22bae9b6847
452,1808,0.398803174495697,40.13450607494451,65.90812620799989,773f3b21155aa97fd000abd5839f88e86e90599799f9bf516bad6b5043653b06
453,1812,0.3753548562526703,40.222310367040336,65.99594004196115,57ac4bc1ee11452493d345d957d0821efe285b9667e016096d616566f0d81fec
454,1816,0.4524306356906891,40.308750409050845,66.08239100000355,362f30aa937f564ec51d1fefdbdb328da39b046159fd5bd3d79e978369900c07
455,1820,0.5538775324821472,40.39647782605607,66.17012629203964,63b9f50ca2f0798f364a865fad9577ed0f7bf53a7e12cab2f9fe6d1e475381ee
456,1824,0.3399479389190674,40.49058715905994,66.2642462500371,96938d0b45823bfed88efe899ce0f5c3d2c8e07ae6c9ba1146516d9c5ebcecc5
457,1828,0.39964884519577026,40.578217159141786,66.35188600001857,22d0bdd6ecc82d84434d3d9bda008c4e54faecce271d14d141818a87545505c0
458,1832,0.4022708535194397,40.66532282612752,66.43900162505452,1a43fe64b103d3a102870ac96c0e3da2f18c517f1508f89a535397e9378648b2
459,1836,0.4781356453895569,40.75208124308847,66.52577045804355,9279cfddcc1068d2f1299876b1c8a12bdfa30f080c9323c13cd79ba868f1112e
460,1840,0.8233031630516052,40.841445493046194,66.61514550005086,50db5e765a9a71490b3d092515e2e310f31dc89887978f29df3bc7f3eaed11c2
461,1844,0.44035255908966064,40.93468645098619,66.70839695795439,5bf0b3304d47d21f0e0d6978fb3295a5b280bd0fd62101a963a91c8b037f7066
462,1848,0.5154814124107361,41.022234992007725,66.79595579195302,f1a90732a065ec4645c9fa5d1f2e382a79f2c08151ab9dcef628d1e7c2aeef15
463,1852,0.4603728652000427,41.108511366997845,66.88224262499716,1f854c807a19ce169f074938de6bf49f4b3495a5f845b3fcdfddda9c544b651e
464,1856,0.5193951725959778,41.19598478404805,66.96972575003747,f9b67e51604d18a3f6fd1855f0c4085ef005f2a23828a38fc816a9b445733f8b
465,1860,0.5874813199043274,41.28337890910916,67.0571296249982,4f6a3ad4ec295f37a364b651d0977a927f9284ac29ee3fc04b89b0fe87c0e7f7
466,1864,0.4078487157821655,41.37032095110044,67.14408129197545,45f9adcfa1b0f9865a108c18906caddcbd6064b429ffa598e9f117036823390b
467,1868,0.47060710191726685,41.45748749305494,67.23125716706272,037ccb926dc48877917730f4c6609dee32f741e5b873254aa5012ec56bae5f05
468,1872,0.5416672825813293,41.543894201051444,67.31767416698858,81be9de9b37086f55ccf86aff4dd4267a59269c17426f19682836c8000538912
469,1876,0.40239080786705017,41.63139970100019,67.40518754196819,b1bbd1457c3866628994d9872f85f885e90383cdc767407ca0276b6a9d98a3a6
470,1880,0.5110495090484619,41.719067035010085,67.4928644580068,ac727e5d561da5eb28300f848b8b8ffafeb936e8e8844209a20b08c118e49134
471,1884,0.3946444094181061,41.80658424296416,67.58039087499492,ee4e7826c0df0e45646338ac58354ac1ee392dc1a0ee60819a83234f79b360bc
472,1888,0.44959262013435364,41.89592020097189,67.66973904205952,c8eb2efc1fa134a513072de74016bc3b72d025ce1934c7420788399d0d969f03
473,1892,0.32502782344818115,41.98809128405992,67.76192133303266,507af41ceb6b235385eb910233bd7868ddb7dbce43368e90c78b3c7c3e9c8a74
474,1896,0.377718061208725,42.07493753405288,67.8487793749664,750751b2c768666713a933e06b100b7fc9600834c16cbe982901853ffd79ccd8
475,1900,0.4740051329135895,42.161886117071845,67.93573816702701,83e44168877f01184f238ad9a1aa8ceaee52091a85eb9ea3e742c1e072a94fd1
476,1904,0.5093162655830383,42.24831653304864,68.02217837504577,1418b8a4578f0fd87a88485cd570a4a76f1094b4bc414b1d5946a54ee43d7566
477,1908,0.40235233306884766,42.33490795013495,68.10878070804756,b9fbc397ddfc981b62ac767cfebe244a679c7e001c068faca4801f99ae78d913
478,1912,0.5010275840759277,42.423481742152944,68.19736524997279,26aeef9af26a2ef853c368c8a8cb08727aa785831e5e0e8d38e11f057ab4d7d4
479,1916,0.5830022692680359,42.511369492160156,68.28526625002269,85f2698c40b50b271aea8d4e83720c83be9f677346dd77d938a70723bae6f4bb
480,1920,0.5026732683181763,42.5984609501902,68.37236870802008,410d4ac7208056c286a5d48a32b261c0c22ab8c308bc8874f7922221aca3e166
481,1924,0.38971203565597534,42.685211825184524,68.45913249999285,46ee3810394d44c1402d282adef084f695e0bc02af4f51c283552740df3f1267
482,1928,0.4538716971874237,42.77116095018573,68.54509108304046,9fe296c66d796f8524c7a73ff25faab0e20f7c38917e0347e3ad1b35bc73398e
483,1932,0.49668464064598083,42.857839783187956,68.63178058306221,42ff7aee030b4dc5f9f1ee7526d73e5b5fd33e8aa0a2c0572383229401d4a86c
484,1936,0.42098838090896606,42.94987457524985,68.72382475004997,eb041204e4734ecfe666d2d1a7eb74cd97dd70d664c8409019f11c42ae46a2df
485,1940,0.6153814792633057,43.038680991274305,68.81264120806009,35f024e8ce84312a8f1d963ab2c95305af1bd6bef6789937e67d665c92f3cb66
486,1944,0.34338492155075073,43.12729428324383,68.90126695798244,f7715fe883f8b791dbb04607dbeab31b20dbb3881ef8b277f41dbf03a9fe0b77
487,1948,0.527033805847168,43.215146200265735,68.98913004202768,311505a112dc1d5661507ce546cd65679af4d0eff1920b26b3389981679c24c8
488,1952,0.3731652796268463,43.303869617171586,69.07786154199857,d6478122ba575ec3ceb075660abc47c7ea4397b723d3f1a5116e7ec4fc09dc43
489,1956,0.8077252507209778,43.39037940907292,69.16437949996907,1a3988c07f1bee3191e8bfe920c18befc426da5af54c253ddca6bb63b2668f6f
490,1960,0.3750733435153961,43.48081561701838,69.25482475000899,da4620ba4e8a4ac55401c803b8725a1e869b3819b330c41d8cdfd3586f2c2226
491,1964,0.32650452852249146,43.568809616961516,69.34282970800996,bd66382b6bcf5bc778ea1c841b3b01545cb62233c57ae9c367be6e31da45c20a
492,1968,0.5360747575759888,43.65702694992069,69.43105712498073,ea1f15d792eadd1a0bf611fe158007f2bc5f1d735f1ae047d6f3afe2e879a889
493,1972,0.4326587915420532,43.743908616830595,69.51794787496328,faded7e68bca75dba15a234b1cbb8fd7a010913bd174362275b00a57528df02a
494,1976,0.8759748935699463,43.83079165883828,69.6048404580215,5daba20310b000a480020bd6150936c6cebd8f0b9d90489204e863bfb765cff3
495,1980,0.6871408224105835,43.92575907590799,69.69981779204682,94498cc135bde48f089db063a12e3f1e1d38de0d85803b605277d2a113e9f61d
496,1984,0.49456334114074707,44.01419549190905,69.78826487495098,704ae8001f6586a29a3263db9d075d3e328c756177b1ea90145829d555418279
497,1988,0.6035690307617188,44.101300408830866,69.8753799579572,78fb686d1fe951a3a02f9d4b9a5633c4b32bd9acbb7ac92650d0216b33e4b641
498,1992,0.48826634883880615,44.18852711690124,69.96261425002012,be770eece980b2f3c5741d1a28c154b7f7c469c51cc40ef06b795d534ec38996
499,1996,0.5150737166404724,44.2747878668597,70.04888400004711,331739cc5fc9e03f163a8df2fee8e45262c2d24c7162b5907026d4926bfa649f
500,2000,0.44060060381889343,44.36255886685103,70.13666637497954,28e58c88c2fcee3b3a1b98aa3926070aaf76a9e3f71c522e65953edb57085f84
501,2004,0.4092077314853668,44.45508253376465,70.22919779201038,a2719121c556c3123d0bc2194480a5bbbc01ea50944b1501786c3db1e7a84a57
502,2008,0.41515105962753296,44.54282340873033,70.31694979197346,a5f7d2c0f1d6a78292281f0ca4d517a478c5acc7b93e10682971efa76c863727
503,2012,0.5027032494544983,44.629771825741045,70.40390849998221,7cbdd5d0aeba095c61e011e302e8a75f5a26526cbfb059f13340d944f02cc02a
504,2016,0.4458746910095215,44.71677345072385,70.49092408304568,a9dbde5b78e01f6be3201a3c3ecc2637d80a1230b31ab66da8c3d3a137506558
505,2020,0.41293758153915405,44.804339908761904,70.57850304199383,5c89f1bc460f19eecb3cb89ac49cfc7c6b6cb046d6856ac7fc5a021351b39fe4
506,2024,0.362851083278656,44.89158278377727,70.665759250056,4e0ca3bc693b03ecd2d07ec97ac6f6bb5e6859ee9c2b019ccc4995954027e333
507,2028,0.6151052117347717,44.98419257486239,70.75838137499522,74c0766fc8b27450ddce28feb54aa2e921d479258f4d15331c210e53fdba2c6a
508,2032,0.4048774838447571,45.07035724178422,70.8445579999825,6500caffed5992a05ddbc109416a266962f039e9f140cc47f48e49611e13dbf7
509,2036,0.6896132230758667,45.15873353276402,70.93294475006405,1c4c7f7fcbe9359125249ca968d3d13527943582ecba11910c100a642fc41c84
510,2040,0.4917096793651581,45.245238823699765,71.019461125019,a224ffae362171e487b05e1a03ca6d3e6e8d7bb3a3b6ccef3a7660f907220cad
511,2044,0.46159377694129944,45.33209286571946,71.10632545803674,ddb205ecd7ed8ab6aac81bfb6b1b8e9a729f98f3cdb0b81ca540840be418c51a
512,2048,0.3591035306453705,45.419639240717515,71.19388429203536,95362307d5203153d752608a91e458c6e94b9defc7aea8c931ce2cffeec9a602
513,2052,0.44407913088798523,45.50786411575973,85.9529411670519,2793d46bc1a9cb37f3c7dcb0cdeef996d55ae5569d0e668a43281175c92d87c9
514,2056,0.6059949994087219,45.594399865716696,86.03949037496932,db5a62e69e790de899f36e19e7968c5f3801b34633d752d89ef63e8899dc6071
515,2060,0.3988656997680664,45.68100378266536,86.12610408302862,4ecda822de9920594fb6ca1de2af257cf5d5c0e799a8d5eb6240c095ba944896
516,2064,0.6387596726417542,45.77192640770227,86.2170360420132,0821ec97e7f01ba528c838e1fa6b84ec14210a3b29a83832cd525d13aa1a1e62
517,2068,0.3846927285194397,45.8598918246571,86.30501270806417,7ded2a8d2b7a9e4e631f399344f12a0212fb60fb8c03294ba3596242bd6af62e
518,2072,0.3247203230857849,45.9465074907057,86.39163837500382,476f6b68e86dfa32fc3e29fed2fcaa611124cdf607c65941b777bf274ba18cf5
519,2076,0.6344782114028931,46.033099656691775,86.47823908296414,04e7de20de312e533057c38edac2918c0caaaa47b7576b72c4faf0e2a525ea37
520,2080,0.5002984404563904,46.119720947695896,86.56487454206217,c28eaf77cd04fd2975a59f750248ce7ce4b99692b01350ecc5ad5510d2eda275
521,2084,0.5660790205001831,46.20871407270897,86.65388075006194,d42962d508b3e0238198a3c041c0a2c396fd9964fb8c6854cca3082774c3fe22
522,2088,0.5458122491836548,46.303242864785716,86.74842441699002,e463d08316811bbfdc03e3df5aa5f27822f23a29ef885a1e266d92f934f53f15
523,2092,0.6064538955688477,46.3923351977719,86.83752837497741,36242ccb4841dc0d30c63472145ae41bdbcbb265b4f0b21673de18533a30d1d7
524,2096,0.5931757092475891,46.48264344781637,86.9278487500269,5d2347cb6ab52d5fe19c0be0a6e99d406f66cf6adb0ffa64620cda26ec221ed9
525,2100,0.40849989652633667,46.571031947853044,87.01625016704202,d76af6f37b2a40f12b57ecff8a3a4ed513e38e2cd5336553d05c71cb974ce879
526,2104,0.6159642338752747,46.65882523881737,87.10405908303801,33b38c3ca815d3a60bceae8db7a8ac36b6c408035fe7f39bf35cd35226d9bf94
527,2108,0.4253045618534088,46.74939907283988,87.1946477079764,9a5ff423ba50b0df6cd6c6156abd05997e4521a86c6250266926cee544030b5d
528,2112,0.40185582637786865,46.838397864834405,87.2836585000623,a905b7f25b6dd8ddac52fd693b6bc2be1cf314ec661409d64ac2b537a5310672
529,2116,0.6740022897720337,46.92560353083536,87.37087420804892,253b9ff85642692e1588480f1ffddc3bb9825c497d646f70a2c40bd23b4870da
530,2120,0.6465311050415039,47.01267678081058,87.45795670803636,5c00ac468c7957d1e11eda9abcb33c37154f85836e5317934dcf18d405c08d01
531,2124,0.6843769550323486,47.10062744782772,87.54592312499881,0963cda7df5d63b0e754e2954a8894c7a98635d987ca5904a557a465a1621f96
532,2128,0.8323593735694885,47.18850515584927,87.63381412497256,17aa770c7b7b5e8a0a37883199b2bf91f972339dee15d54a85eacca726a492e2
533,2132,0.34173595905303955,47.28185219783336,87.7271729579661,fae8d4e270ac5ddf993acbed37ab47aebaa4fbada7c4490625fc4270ffda9ee4
534,2136,0.43583574891090393,47.37070119776763,87.8160316250287,1788f19abcb347f6ae312f5e4ded0e48daa8b9ab0e9f8401be30cfe425264572
535,2140,0.3748851418495178,47.45791111479048,87.9032516250154,6581f048a10d390b975075c49ae83f99eebe576d86b31c3a312295b206b9b844
536,2144,0.4668286144733429,47.54636973980814,87.99172495806124,7aca4ada1f20fd4dae4e0a53fa4fe4e676f34f10d1080e44444f505d175d814b
537,2148,0.4339800775051117,47.63339003082365,88.07875637500547,7bf3d334c755e87a26290d45c84a273a10b9cfc3347372e65d8ed64489e51c54
538,2152,0.3958094120025635,47.72152628086042,88.16690120799467,2dc4b929bb6430c3e2118b24dbdfc9c90b38feaddf4fb50356da2932a0ce0be0
539,2156,0.5224484205245972,47.814200488850474,88.25958437495865,fd68e684c2e8ade5b41a208bb04f55926d00dba3618e61c9f729263302f2e70c
540,2160,0.5606949329376221,47.90211457188707,88.34750949998852,fb6f500c67f74f7fb6fa7b864ee2c58c123f3a8e08534a09617d63fe79601923
541,2164,0.5938485860824585,47.989672071882524,88.43507737503387,5c803e3b01586a81072e7bab6c2516e4be6f9aafb90aadd63eb622333f15cf50
542,2168,0.3886515498161316,48.07806936383713,88.52348345797509,ca3550769345c9919308d54a8423e92d40d5e936960a6691bbd21ad4c4a01b08
543,2172,0.39166259765625,48.1670916978037,88.61251545802224,e099826c7034937da5e359a2f498745379725ecbf0ad209853581099ec1cae6e
544,2176,0.5333622694015503,48.259519322775304,88.70495616702829,dc0c704044d7b2a7252867f372de1ffef98887d42c8f2c389aea3ecd863441a6
545,2180,0.4723793864250183,48.34737240569666,88.79281945805997,6bb7f519db846904fa284dc94e96850959a44537611fde18770d40a5fd5ebe0d
546,2184,0.5089113712310791,48.43644265574403,88.88189895800315,ea17f8dae7283b6bdcbe2ca3bd70f28b9a86413225832df446dcdd3952cba0ae
547,2188,0.4244929552078247,48.525138696772046,88.97060616698582,cf30ada51bc50e812c42474cf62d25ebb8537a6a24660169c6f5ee0880c9f82d
548,2192,0.3796696066856384,48.61316448869184,89.05864225002006,fadf89e08a4ac3b724340a835caf62faf0e2b890bb17c8846c1edaa435887aa7
549,2196,0.5634176731109619,48.70200152962934,89.1474884999916,4fd7d0b3b2a95cddfce4ed1e3694776825ad5aea094186a625f8971502f86710
550,2200,0.4883473217487335,48.79146169568412,89.23695804201998,94c76448448ad70d8c2cabf2cc9588f4d583eb16d19eb4cd33add563308eb666
551,2204,0.3900838792324066,48.87982694571838,89.32533279201016,e8ebef4133fb999e463943c8ee8f539a1c5fbe62424d8896f07ddf3537851773
552,2208,0.5053167939186096,48.96819227875676,89.4137087080162,d8bea3b547ddb1cddb3c1a9c1082c8366194e35ea2e0c0301021cbf4174dc601
553,2212,0.4627966582775116,49.05572565377224,89.50125308299903,c78ff64e0f7aaa9f15fd713f369f3a0cbba7bb2aecb5ad32c24d957ed7949512
554,2216,0.4712347686290741,49.14432973775547,89.58987116697244,392f9503c2bbbb77771a750100a219744dd832d9238b3f9b0b6ce7a2e50db47e
555,2220,0.5300589203834534,49.23942061280832,89.6849756250158,bfb422fceed0ddad0c2f6ddd355d1dae4943ded5ed896d1ec346ff8bebbdbc74
556,2224,0.5306798219680786,49.33123536279891,89.77680358302314,303a8dbb80ed79ab94fbbff8a3969848cf539e11744aafc93671d66906489a5b
557,2228,0.5056779384613037,49.420207737828605,89.86578804196324,c4babc67ce99b001014d23cf531f1ff34af198e4fa7f94f9ba06cd5504ba2df6
558,2232,0.4299938678741455,49.5094144877512,89.9550082499627,b6f777e158df0fef88f62e15b7fa7d358af25cea1bd95ac5fa36589723daeb4a
559,2236,0.583347737789154,49.59758790466003,90.04319466697052,cf9e35b57b7124f6079b7b2461468ffe0428af9548c33d2750f8e651ba32226c
560,2240,0.48791611194610596,49.6860668216832,90.13168604206294,9cc8f9a08c685745a31b9df5ecb3ecf16079b5bd5cba951792bb901aef4a5cd5
561,2244,0.4775930941104889,49.77634323865641,90.22197299997788,9b520b4e3dd54e5ab7136d30872512cb860c35c3b7ec89dc0e1009f39bfc940a
562,2248,0.5728563070297241,49.86364023864735,90.3092827500077,b1d547652d369e8feda7a519eed0a3a96fea3f807154ceb40ac139435e33baad
563,2252,0.40891674160957336,49.9509376976639,90.39659037499223,3d9519eb7e0860f5894fc621cf37597473f4b50a67159b0d7d2f1a3350d32234
564,2256,0.5490363836288452,50.03799565671943,90.48365908302367,7ee55013bc9c8ce66a512b9b7a3bc10091e52273be86507a12f5f8528c4bddf1
565,2260,0.3878474831581116,50.124582822667435,90.57025600003544,5885c4731602b75cf5c945b7c645fe1c3131727ba03247c7a3b039f048a222d5
566,2264,0.43839308619499207,50.211986405658536,90.65766979195178,42869178bc8265d9c26e6f4e522083045f65c74efd7527dfabfd1e39fda3d139
567,2268,0.3506183922290802,50.30800473957788,90.75370112503879,0009f3c5028606fb858d6e078cd999e02ceaab5757e48e33a79478c2e358978d
568,2272,0.5366374850273132,50.39516119856853,90.84086883300915,77e47e094afae424f905900e1ec4e2ed61e154ee860cec315d6d7794cbfd49f9
569,2276,0.4047407805919647,50.48258248961065,90.92830083298031,61b98d6d0ffd16ad38c4ae97d6f90d14412d4882fd827ee9be320804ddcd0317
570,2280,0.3360716700553894,50.5683826985769,91.01411254203413,0970fb371c605df41efaf8eb2be8e19b2671ce5ab82af258671ceb064ecdb948
571,2284,0.35821691155433655,50.655245115514845,91.10098791704513,0d85e949c17295615d79b2b37d5e0d0e15113b823369f4e2ed4fbd587a899255
572,2288,0.45709890127182007,50.743678115541115,91.18943050003145,9771dc5f029c92a30452fe254c7af8d25bce0aafb737f65464e3fb544380d3d3
573,2292,0.5455426573753357,50.83307044848334,91.2788357080426,764ff558a32b3cc2ad354938e1d72b8055b453dd5afe7aec090a9747666d0c5e
574,2296,0.647476077079773,50.91914319852367,91.36491737503093,24bcf4f0c9bd27c7d3813ee56c1917472c51972566d815ee8af89c66f717bd80
575,2300,0.4346378445625305,51.00555786548648,91.45134091703221,8f990b0a0d19d2f5d0fd0e0c1b112f660a7eb6ba8fa2852546b92901534533cc
576,2304,0.7298323512077332,51.09255019843113,91.53834320802707,0b0305d0d4d626a6ab0a8b3cfc571c48396ee22d7f7177c86231b58445c819a4
577,2308,0.34736642241477966,51.18122719845269,91.62703058298212,92d450db5cfc46c5b8daa9f416181f0cb48fbd27bdb3bdd2a90b15e4750127c5
578,2312,0.3592345714569092,51.27317169844173,91.71898470795713,2d3930044e4d1def2f3e5753f61b25f2b22034daaed31c5927a5ec03bf6689ed
579,2316,0.5053218007087708,51.36139374040067,91.80721850006375,6ac849aed89a038a9737e07a984d631cbaa11d7c18fb90fd89878e127ee8ef2d
580,2320,0.4758688807487488,51.44950111536309,91.89533558301628,e644c86e6755c3f161bcb28bf6aae1b38d956c3f572f81c4fc7f62bbb29e211b
581,2324,0.3107847273349762,51.536594907403924,91.98244033299852,7bbccc30c3ebcfbf1c6fc2f8df08c9bdc9a38a0bb30fc3019306da0086fbf167
582,2328,0.2892279326915741,51.6239521993557,92.06980770803057,8758e81c444db4775a61d67615b57ef68086cd7cb695dafcf915dcbd243ced40
583,2332,0.6116557121276855,51.71205665834714,92.15792079200037,c2e5cd6ac73d4f2f41cc186cfb86185b844e0a0ad2ff1322f9b38a860b4b547d
584,2336,0.4284241199493408,51.80433165829163,92.25020620797295,ddd9c9422a8bd6c8c5efe9ba6ec4dcbebcda448bf2116f3e0ce66ea9d9190880
585,2340,0.6276482343673706,51.89254057430662,92.33842766704038,1ed8c1111fb91f15592f4043223b03abe67500205a13c6b4241fad4757ba7cf6
586,2344,0.35349810123443604,51.98021669930313,92.42611866700463,aae3022a780722ab2b2e7a9c021c0e7293f6b91a9cf086db13e5654ab21d0b5c
587,2348,0.3343662917613983,52.06770882429555,92.51362312503625,0b45a6aca4f9c1bb7cc7f4d1009a9f718d41e612fcaf921ab3e56f934c036ce8
588,2352,0.6550818681716919,52.15459140832536,92.60051791695878,5487e4a074a834f67e0828d4e8aef7b52b56005d32b5d92a5d2e3516a8ab2dab
589,2356,0.6442891359329224,52.243962866370566,92.68990033306181,82ee388e013febf8d0f350ff335f2342ee3b43ce868c8302fbc38c8a99e1bc41
590,2360,0.4802173972129822,52.332756741321646,92.77870695805177,b9f9f42a8808c81b65fd4c916925db49f2a1f0c1f9dc71207723ceb79ead8cca
591,2364,0.5225842595100403,52.42092082533054,92.8668796250131,391a2f0e8dad2382ddf43d03f9ee6d22e40a7358977391bc7ff7c8c396a659d8
592,2368,0.44222909212112427,52.5078157002572,92.95378391700797,4fb8a6cf9d7e0743704d0804fb55d25fc9d89e3abbadea4817698ac0bed4e24b
593,2372,0.36674103140830994,52.59413561725523,93.04011525004171,18bc0693e4bf5f0170140d3e0888215147afcec8335aed2b83cf1e796953abc5
594,2376,0.47437727451324463,52.68103095027618,93.12702312495094,0cc3b7b9da0157083516b6baf244495afaaf27c108f3fe094de0a3e25fe6dc6e
595,2380,0.3914395272731781,52.76951461727731,93.21551691705827,fa5ceb2e2e384457cde73b6c5bdb516a12e2e501bb27eb8f01fb5e9c705eaf05
596,2384,0.7106124758720398,52.8575195762096,93.30353208305314,e094dbcb5aa1e1ed7f2e4fbd8e1a4f7416d6770a4e1918614b89042598773733
597,2388,0.4069475829601288,52.944767951150425,93.39078904199414,97082e3efae2d6bc44e54f1c75f5cf26f8b7563fd5610d192552ab678b76d44b
598,2392,0.36464911699295044,53.03188795119058,93.4779175419826,f155803586c27c78fb2a1248b52acd81ecdb8a93e104857de189ad54e266a6c6
599,2396,0.41287270188331604,53.117659035138786,93.56369683297817,23b220476bb2bef7d7e06505dfcdaa95267276c4951e18665831a3fb5faa755b
600,2400,0.3190249800682068,53.2043811181793,93.65042716695461,4ca5964fdd259a465f19e0bfcfff0b2832b8cfa7dcc495c7f7ac21d5410b2944
601,2404,0.40623775124549866,53.298073576181196,93.74412883305922,ea95699dfebc8ca5bc304d27799ee9a477801b95f20717242f5d0c2ff37a3608
602,2408,0.5825815796852112,53.386266951216385,93.8323332919972,7d9b96446fe98201a11f1ed9270ddddbe9c36f2ecd43bdfbfe3f0765cf82b9cb
603,2412,0.34072092175483704,53.4739121182356,93.91998795804102,7c7b30ae8ecce10b7c216ec16ff1430aeaef8145478bd53e8428976a2fb33cc8
604,2416,0.4222780168056488,53.56164778524544,94.00773362501059,65f6362a417f9f3e5c1e80994ecd3f90db980bb3445404fdd67e852fa6b510d9
605,2420,0.4605526626110077,53.649309494299814,94.09540520806331,84a1a49c1638db966771b21bde3091c55fd16ee52d369f8b42459c2708e5b4ce
606,2424,0.39009618759155273,53.741281452355906,94.18738633301109,31b501277bf7586bb75b82b81112dcd8c62122d228dfd7a098a7016ea9e2d5af
607,2428,0.3177494406700134,53.83469774329569,94.28081283299252,06c9ab030f370ad0f41f4eed0c1fc74f3e4f7e8fb5cdce2bab2ac0aef6f98900
608,2432,0.7934637069702148,53.92234674328938,94.36847129196394,a307095cf044e7a5f19ae8a9268b4d1c718a68766e5291c9f1b5a3ce064bb1a2
609,2436,0.4000551104545593,54.010186826228164,94.45632150000893,58ffb3f59871f5e59d0f8fc48bc01173bc1ff0b767ed108cff140c98b01427c6
610,2440,0.30621764063835144,54.099500826210715,94.54564500006381,c962ccfef48116ad7ac956fb4ce1f92beeeb508ec4fef07c8812a53fd944d358
611,2444,0.4742465913295746,54.18760136712808,94.63375487504527,80f17c785839791a63193d4a4d55f654d4fdfae83b083a071b55a378e2929c7b
612,2448,0.5567427277565002,54.284595034085214,94.73075783299282,7c77b38985b66713786635a14b322c30472dfce3b11f5c21f38fa46aec120131
613,2452,0.7317439317703247,54.37271403404884,94.81888695806265,80295ae50dfef84b3a8f7947607bbf628a9cc4562a48ebfa7d490284d368595f
614,2456,0.6386510729789734,54.46011328406166,94.90629512502346,6d1190d36508e659380d575776eb9c03ce09409bfedab0e2f3ac44ce9bbd74e7
615,2460,0.36867019534111023,54.548042200971395,94.99423437495716,eccbc053d2d0ad0b7059b45270d090507019b0aa4388d727f924cea89cd8d7f1
616,2464,0.5701762437820435,54.63599940901622,95.08220229204744,499b2e0a3b57e06bce115354c5ef2f04895b703fcf8440063d9f726479df4b78
617,2468,0.39677003026008606,54.72253728401847,95.16874766699038,826e3634908ed2be7bb6f646f996b19adebd58597bde7b2dc36b612e57ef34c8
618,2472,0.39940783381462097,54.81108699203469,95.25730829196982,2c8aa370091cdc0c2ef79c8de75510343360cc15bd426904de9d04c38adb78a7
619,2476,0.44243741035461426,54.89844815793913,95.34468287497293,990b336ae4de23751a35fe2a78cc5a5e82dfecd871f364857ac8af1ea5744283
620,2480,0.5320330262184143,54.98612753301859,95.43237399996724,eeb1103a1a2214c9cd799a6e26a26f61378f83fc2b9756a361ba4756572bdc22
621,2484,0.38134321570396423,55.07295465806965,95.51921149995178,74a60ecbbf1dd84d4b54222e08b7e990a23d4c97139f487fb86fce7d6fe982d7
622,2488,0.43990498781204224,55.16001249209512,95.60628241696395,dc4bd35e90f7e8540cf966fb2899b8628491acdfe76d4c5dbb86fd269a17acaf
623,2492,0.3526032865047455,55.25448332517408,95.70076499995776,ca5c623fc851a91c7c45b224f0974a7d2cfab011426d97156461fc8d9e9cc173
624,2496,0.32185986638069153,55.34226632514037,95.78856137499679,076125ae27662fadbcf8ea29da0c05c02ad2bd18eb80dacc4da4d1bcc095e636
625,2500,0.5663635730743408,55.429892783169635,95.87619995803107,12aae98a756565d2c5988d73879fb0f372f05c7df697e80f96e52f647e47a44c
626,2504,0.36066436767578125,55.51582032511942,95.96213804197032,6a44f5c0217ff29093f60026d48248fa225104cbeeed01888cfbe90e85f3ece8
627,2508,0.8011264801025391,55.602938741096295,96.04926800006069,1a44b1fd59bc5c0d2d0f65f927fde22fb23fc37047040886583ad6922a99f6bd
628,2512,0.32837772369384766,55.690402366104536,96.13674083305523,e88a5d67dcf36a62f3cbc1812bcb845d750650477105bd2749803fb408677f7a
629,2516,0.501116156578064,55.783137575141154,96.2294876249507,3ae1f4d694559046b80310ca9b6d4c3515e4c334c85c9980ccc5bcf0478e0b21
630,2520,0.4511761963367462,55.870328575139865,96.31669095798861,0f3a244547cc768c4337841b635f78a1a5c9edf96d8ca00e7a86b4ee812f00fa
631,2524,0.39532098174095154,55.95753115811385,96.40390437503811,bdfea7a13cd5fc0d76b435fc2aed40da8b01bf5f014c04f65ec835a7c110f75c
632,2528,0.4088682234287262,56.045814742101356,96.49219841696322,eb3c369db1c643b1d41190bdfec96939b6d315deb93913984796eaf0026531a9
633,2532,0.3058098554611206,56.13258182501886,96.57897737505846,5892d4a0de21d687f7e71f1b7b20efab8a5c44ba450afc3b4e824cabce7b564a
634,2536,0.3408352732658386,56.2209588669939,96.6673667919822,afb580b79b180229a0e9e317bc8a79453328ca38dacbd458e6f8c1bbf4de5923
635,2540,0.369781494140625,56.31434815796092,96.76076933299191,4e1e919f177c6b46c8837c7c1e4430d4a5ed7faa6a36784882f201f9496ba9c0
636,2544,0.40239274501800537,56.40124324103817,96.84767733304761,00df6acaec06e63af2a7727f72e8cb7e996dd1ffb7847f9d20f7a4102056807e
637,2548,0.7333362102508545,56.48784707405139,96.93429474998266,9a6aea17c50191e2afb3c75195ed88e31522594372da2764444f67bbd4596330
638,2552,0.565784752368927,56.57436236506328,97.02082016703207,c8d57945e8d758b3acfb624e46987192796e4d1c2a5590875b1853d637340993
639,2556,0.331086665391922,56.66156336502172,97.10803204204421,d81c2148b705476657511f9855c27cf2303d60c7a6e8db96db1fbf339d811909
640,2560,0.3717784583568573,56.75010232301429,97.19657899998128,429d68b5a41091de7ef7afcbe714a6a6f6225a2b082d714198554ad075c2f61f
641,2564,0.4652106463909149,56.83776140597183,97.28424820804503,1a68ea71aba532493f2069322557676d96d8d31d3b76a93ba75a83bde7151566
642,2568,0.4885241389274597,56.92416869697627,97.37066633300856,b2d03f88c82e12a8e6b295699f516a8580f58e681f7ebf9e04ed096b50cfd9a9
643,2572,0.36467790603637695,57.0119467379991,97.45845562499017,ccb517a3a1ae41291436a4d2b39cae1dd0e00cd5b04bc272b556628880030e4f
644,2576,0.43934664130210876,57.09867482096888,97.54519341699779,7ee8cff04048ec5305e69ae4b89f9942a59276a3f7966915ef7b839d42ce6cd1
645,2580,0.4765975773334503,57.185561112943105,97.63208829204086,f706e0369a6ca0f2457b39d867c195b165ea480af7eced2b620ceb314c31de42
646,2584,0.37347128987312317,57.282936862902716,97.72947466699407,557899bce5a4727a10ca631edf351e7848e91bdcbb1302ca783a9b81f1a2b9a2
647,2588,0.6844778060913086,57.37256457190961,97.81911383301485,fd955eb820f318f67458ea1e267926bb7928a28f4410634ebc88b6f3b2f5af75
648,2592,0.35182633996009827,57.46165382198524,97.90821358305402,ef61ca407ce30fb1cf5dfbdfb513ad4fe849cb3dc5b3b122d113bb4683f9a21d
649,2596,0.5182433724403381,57.550183280953206,97.99675112497061,c715822649ed8008a2219ee6a942cac2ad9d29175a5bf20d0930d7aa17ac38cd
650,2600,0.540208637714386,57.639055114006624,98.08563220803626,1976c5ab1656a5648ca0196f35e1f43560f12a3e5a7c5b1071370c256a612ffa
651,2604,0.4454447627067566,57.72650665603578,98.17309458297677,accfc6283a1783baa6ac38b27c5b0bd6417fe7edd3fe01c1e3463128104b7804
652,2608,0.3886941075325012,57.81886744813528,98.26546820800286,7daf799f201b6eca0363b5034fb5e6f1f1a53622543941835d06d2cebd67816f
653,2612,0.39480751752853394,57.9066974890884,98.3533083749935,6fffd624fad3f3a66af6c288dd3fa65a493e4000a44e612d52fb437fc904a59f
654,2616,0.5875047445297241,57.99331236409489,98.43993458303157,09cf02a006e6ab061a57bd8070997e6e20ca64acd5504d71b73e1e596413eb76
655,2620,0.34186848998069763,58.079720406094566,98.52635408297647,04853d3eba8942ce001026240ba7ea1b52931639ccfb9f7ae4f31e977d8d8c16
656,2624,0.5159187912940979,58.167510447092354,98.61415441695135,cd4fd51429b3f9c588d7e90586aa633f64370a4fc2f362dbc25677bdf892f9f6
657,2628,0.3510989844799042,58.26307265507057,98.70973074994981,011c4138fa92443ef74b6746391122362ffd9878015aa5d5de588ac804971887
658,2632,0.3604072034358978,58.35230132204015,98.79897087498102,b216c12a17d4b4d2605146cab2166d20546aedf8f96d129806c95177a64e0085
659,2636,0.4342730939388275,58.44110123813152,98.88778125005774,d71526f1970474ce359a03daaa1b50a352d33692f9708c658a5a2a1e99dc98e6
660,2640,0.36310064792633057,58.52814882108942,98.97484129201621,c5cc394ffcdfbd1e85bdc2af928f131b048ee4d4034b06ebb51b4a0447d7dac9
661,2644,0.5191052556037903,58.61583657108713,99.06254275003448,3d051362a0877c2e97b81ec99140da11bc039f65e3f81b6719da416f74a4363e
662,2648,0.7775886058807373,58.70534465403762,99.1520644580014,1e48dad5d41064569ce21898d9b7bf1b768ec16dda33e4f981ec43ad7990db6b
663,2652,0.520596444606781,58.79241548804566,99.23914804204833,6ede59e00b79a32944e8db4c3180d5d5546b7d5ac2d7027aab3b5dc5712ecbc1
664,2656,0.41266363859176636,58.880445072078146,99.32718983304221,e8533bb57ea60dc56e2dd401a56c3d2728b1b6ef1b4bf61aa1726ab8c325da8d
665,2660,0.428884357213974,58.96918998914771,99.41594474995509,668b7faa5a65b247101a50c4b2ace871824d596074ac3e053a22729e5fc3e3cd
666,2664,0.7742385268211365,59.056260447134264,99.50302420801017,3917f3f21d60d5236e948403fc74f1d10b03634b0bd9e2b1f1bd4b5c3ae12b82
667,2668,0.36814650893211365,59.14413282205351,99.59090758301318,77b43df546b32ce0e7b0b424b8a580f2f3962a8a5d539b200c21ed2e2dac3e67
668,2672,0.3548037111759186,59.24325382208917,99.69003929197788,5759cccdced474a42b42c09f22ff8e51046a4fc59321efe54400eadc6210c18f
669,2676,0.34665173292160034,59.335156738059595,99.7819540000055,ac3e17adc80ec7a202bc67e7bdb65af01578b5f8580eb79fdde23fd42082228f
670,2680,0.5629010200500488,59.42249890509993,99.86930629203562,0c2d835db064508f1e0ca2f5a2183b4d75bdfffc5fbc17ee937687bf90d06fe3
671,2684,0.5552128553390503,59.509198363055475,99.95601712504867,e84409a38ccd25c907590a7d77d4185d0479d0ca57cc8009f82bb48ba1cea69f
672,2688,0.6047006845474243,59.596086446079426,100.04291750001721,d46ca74f15e5a505456c78c4e012c9c26a6bab7d4f2a4f999c8dc72fece81466
673,2692,0.6930188536643982,59.68233265413437,100.12917554203887,028df4c88394d58a4ed81873797e7a442e8123576165aa392bbcf4debf211dbe
674,2696,0.45535165071487427,59.77101719612256,100.21787108306307,b88c00b71731768faba2c920358e7671e419a6116bc316e9c59e89c1f4c0fbd1
675,2700,0.778640866279602,59.85802394617349,100.30489204195328,85dfbac0e995a69be66ebaa18feb738e046f0775a7514db4e7c20742448f793e
676,2704,0.5545535087585449,59.9452684042044,100.39214620797429,1e3f4f670762e4406a92b0d57218c382442529e9f6a3fee8f0178cc805f1978b
677,2708,0.7460468411445618,60.03189965430647,100.47878533299081,37d04cd82b20e3d0180aebc941f4bdeb38a7ba8405cce008b0c65ac6ce66fc13
678,2712,0.5695831775665283,60.11768690426834,100.5645812919829,25f9a3d0ca3496d5e52e7c445c169cf3d6ebc22a95a837ae2e499e60ea1cedb2
679,2716,0.479415625333786,60.20354477933142,100.65044895804022,657d7084f1088eaeb5ede4d754dcd77a280b241baf8122cb7731c3c9f5b4bed2
680,2720,0.44683799147605896,60.30163882137276,100.74855366698466,28e4d343a89127072728f67c478be099ecffde0b075bfb5b5f9fdaedc9de3a66
681,2724,0.36280515789985657,60.38811723841354,100.83504208305385,dbfe53959437c95ff34863b7a17d07125529a29eb5093284bdf9aa4ea5b3945c
682,2728,0.555613100528717,60.475677821435966,100.92261320794933,e8e37ae55364432839916e3e63dead5fad7c15d3f81589d8ce87eeb4bd70bda3
683,2732,0.4536625146865845,60.562146321404725,101.0090928330319,25019adc5fed47610d04c007cc0dcbf067a86662639076ddedf6b143d1bdc7e6
684,2736,0.5541236996650696,60.64865319640376,101.09561312501319,626b372a5532c9f716ae8e2ed674c27a115aa2559db62985f8793e93f1fd7114
685,2740,0.3780977427959442,60.73631382139865,101.18328679201659,c590949a460b2100bc27b6195df6d19030679e9a4b8d5605913c3b393b3b9c5b
686,2744,0.39613956212997437,60.82278244639747,101.2697691670619,21b7b2be83d54f2fb1e553e7460e25b2d372864a44c1e67e10d850b193b4ce1e
687,2748,0.3737371861934662,60.91023107140791,101.3572291249875,4aac335dc17b187b8e0c794d23a132fb0e2c5f469ebe411c761533761ed899e6
688,2752,0.4152969419956207,60.99585286248475,101.44286191696301,19d984871a55e1256dd33a2fc3d069fe328a5622ce0502a3103715f9bdda112c
689,2756,0.33273378014564514,61.08205348753836,101.5290732079884,c7f0f6415efca7230248c14104519bba5dc9e4de2da8945f1e4d8e59d91d72f5
690,2760,0.6793195009231567,61.16948877950199,101.61652104195673,52ff8fe5b8fd0c045f3b77b4bf29830781f69c294c8edc6fe25e1c709f014b8d
691,2764,0.4740428328514099,61.26168640446849,101.7087294170633,ac0bea9513bc4f4579b7cae66e53e9b46745056047cd013d50f788f5b9371724
692,2768,0.39808765053749084,61.349537404370494,101.7965910830535,33232459f9a0d1fa41f1ce4dfdb35f73765674e63a861c95e304ea95bf399736
693,2772,0.33507880568504333,61.43687886337284,101.88394225004595,e19b026a0849611e54429b3af92573cbb5218ea2747f0e79d3d25b5b35439cfb
694,2776,0.29643014073371887,61.52367552940268,101.97074733301997,8426ed46c03db50999c423525415f0709af25c5baa1f2e79fbbf3aad2f724a66
695,2780,0.5397658348083496,61.61027690442279,102.05735804198775,25c5b64ad0b7f3804293361ff183ec8708129d4ae30f8352df39bdfc06556cc3
696,2784,0.4577891230583191,61.69792152941227,102.14501045795623,14b4183d8efcbbf5c9d044dd48a5a934292cdef5b8cd8b97ef3b59262f06be21
697,2788,0.5589426755905151,61.78927940444555,102.23637908301316,5dc059fb585005a14458a5937335a37ba658e3a69dafd82a96e6fa233a7c0f7b
698,2792,0.32147783041000366,61.876991821452975,102.32410366705153,fb90b25685c06d9fd0ced09e56c41a1b45e202cecdf66297aa1097d9af972c22
699,2796,0.49428626894950867,61.965446154470555,102.41256733296905,812116d3d1b8264279c8605fad797550c5d38430406f075232b935b576d8e55d
700,2800,0.35864171385765076,62.05393940443173,102.50107033306267,574924a0a41fe3f26e42fb11cc6eae5ab60bd61faa122a70aab6a24954317558
701,2804,0.511781632900238,62.14112286246382,102.58826416695956,1730ab12099f31ee081c81a3bd6c1e751d70b542ab383ea8d179c5e49c2f7f6c
702,2808,0.5033671259880066,62.231785945477895,102.67893725004978,abe2d10cd7c91aec10b28ecd9063480be853dfd117a93f97e28b7cec8127a343
703,2812,0.35597968101501465,62.325186904519796,102.77234783302993,b7d240be49896d1bf641526484374c2401cebf820ddf7a559f7a9c1649ad424d
704,2816,0.45169728994369507,62.41412907047197,102.8613020000048,ae3166b0d65af1b57ffbf633cbaf938a1ac3939e75fd9b0742cf0d33b893a66b
705,2820,0.48372897505760193,62.50095815351233,102.94814416696317,e5b9d9d19b3ff545de11bbce486ce6012d42270cb61d5504102e6156911ebc86
706,2824,0.44512224197387695,62.58823548653163,103.03543170797639,0e688abdaf743d672de57c90c5f6bef4fb6bca700419b9b0f9834659aa8db411
707,2828,0.47544747591018677,62.676287319511175,103.1234945829492,994dbe4ce9004344feedacd20fefdf2b4b353181b80decfa3ec0cdbae9ac4a28
708,2832,0.6125655770301819,62.76400881947484,103.21122462500352,7b02528cfb4977716d3bab3d0105e2f2aac391d08a7014e8717fb760abca60f8
709,2836,0.5118122100830078,62.85069256951101,103.29791712504812,5c7f54f718356048e32d0e084d2f827f0580cad500b6d1c71e6838b66840f933
710,2840,0.3420572578907013,62.936697986442596,103.38393100001849,991ba46ac0c2aed8ee2fed674c2a08376a8870c01c40f4fd235365754d9a7ee4
711,2844,0.33353760838508606,63.02313461143058,103.4703763750149,776c975b399be6fe1860142d46e13ee7bdc4f1d8e70746e10ca3139d3a4520c9
712,2848,0.3001064956188202,63.110092319431715,103.55734299996402,a20aad7381e6923f1e881434ce52562f32786b1d20454c12cfe6d2362a6abe10
713,2852,0.5989370942115784,63.19830981944688,103.64557087502908,be28618273d4ca7774a49046229109aafba526025c38a9a356b494d3a7389d95
714,2856,0.6038587093353271,63.29023394442629,103.73750808299519,0ccdb6a1abb825cea8c8985ee8458db0b9da5c42b4fb50954b58465c850ca53b
715,2860,0.35193106532096863,63.377661486389115,103.82494600000791,e4f9cb983696a6c39bbc09cdb7d2965a53f1f0151cc6f8df777ede4d1bf0452d
716,2864,0.5651676654815674,63.46530536143109,103.91259912506212,b9936286be8d5e43675e4d1349916dc0d8b6627a70ce75538d8add706d568525
717,2868,0.37264925241470337,63.55272456933744,104.00002912501805,26787231b631033f3b6d187058cfc9fb2bae0a118d33efd7a88526449550e3bd
718,2872,0.3245364725589752,63.64144473627675,104.08876049995888,a1ac205598938a673feb6d5bb5e05ca65ddde78bc209abd950ff5cf898897e2b
719,2876,0.42625540494918823,63.73013715224806,104.17746625002474,1f28c113b575e603631b2954e861a6eee3d59b6b4433707d0f34cc8906c10539
720,2880,0.3076235055923462,63.821380402194336,104.26872104196809,ed34f2da45fce4ed8e63813591fbc06f050956434ddd375ca228bee57b53c835
721,2884,0.7619909048080444,63.909551111166365,104.35690570797306,e8fd9b9e7c9917e33dc495341fdbcf61b8672ab8f3d55d3b3f02d91f390abf02
722,2888,0.7107908129692078,63.99826473626308,104.44563162501436,7971b43185b07d226272ff64f79c950484364ea1d5a863f218bd4563dede7ced
723,2892,0.3768138885498047,64.08600640227087,104.53338508296292,0b5dec65724b4212e043c2d9a9d9fb406a547108d899282b3d4b496b074dcc51
724,2896,0.34943291544914246,64.1752966522472,104.6226853330154,77e54fdd7cba44037414e0ef24427bfbd711577fdbc61030eef03b2c48f58e4b
725,2900,0.5958459377288818,64.27096861030441,104.71836787497159,c90879372074431fc55771d0bdf7814fded8109cf90f809470bd4238ab13e07f
726,2904,0.4494764804840088,64.35987473535351,104.80728649999946,902996b3b4e8b42a7fd056a8809d8c2b92351765244a20247ab39b98e2fc618a
727,2908,0.5100677013397217,64.44806131836958,104.89548341697082,34c485337702bf1d0f9c4712eb81d1bb883f638cbfea3b2b61554f5bdbc2274d
728,2912,0.2943322956562042,64.53734015126247,104.98477275006007,c738309b02dc7fb09ec8188e33bb3ff5d401a586043cefc5eb39b2439eced202
729,2916,0.5969157218933105,64.62484815123025,105.07229170796927,67c7b96e1fd2a3ed65762bc893286a3d10e70587d9bc8e73e52d46876b819227
730,2920,0.35349079966545105,64.71315252629574,105.16060499998275,b86ef1e5e3b9983ea40dfdd9100240890d27599351db2e81d686e9dad38f5989
731,2924,0.31273508071899414,64.80627306737006,105.25373495800886,4485fc985afca3e270a457329b3ec8956c2400139c0561a1eb2e00a431c912a0
732,2928,0.439082533121109,64.89364856737666,105.34112179197837,7d8816ae2416f591115f2111c04555dcbf11819c47086a0228e294978dd6e6de
733,2932,0.3550225496292114,64.98058194236364,105.42806820804253,75d0aa2b503785063c599e5c2eaee59631c2402c3ddc1fc3ed8cb7ac79991c0f
734,2936,0.5753596425056458,65.06767340144143,105.51517141703516,f60e65d2166011cc330654827d47fea50c4311e4f4d4c1094c090d543d80d51f
735,2940,0.37134310603141785,65.15489361039363,105.6024031250272,cfca7aed5bf0737658343979d3acfec90fd9c44afbbf4168d21badbbeacdfee2
736,2944,0.30823060870170593,65.24714652635157,105.69466899998952,74e8e45abdde67fc00dd9be94fb748b1c93d82a4d5279216940990b214aa144b
737,2948,0.6175640821456909,65.3351087353658,105.78264229197521,731a77b6e9a92130679f3f9d6bb2bd375c0b8668a756d8e14de7341cd6f0a671
738,2952,0.5509327054023743,65.42380940238945,105.87135470798239,acdb24f0f3fb6958238eea74da8e5d8461bf606c9c3d56a9d26b72f3adbff680
739,2956,0.311563104391098,65.511802861467,105.95935920800548,2ff3a166797e6ae26b6721a2251f099cf82da6d3e9c6ce0e2e83bcc69706f8d3
740,2960,0.5195894241333008,65.59864769538399,106.04621375002898,ef638941d8847e417e6183087fa122870822847a92eba7385cc0dee9c1c5035c
741,2964,0.5962141752243042,65.68528861238156,106.13286408304702,a8f9a8cdc1ce69a8687ee8c8ef0ae8c089d07c857bf83ba1a931323862c74c3a
742,2968,0.49986591935157776,65.77908719528932,106.22667262505274,fe315488e62097ff940ebbfd857ccda4b2569f4c752b22484ead36a980d46d81
743,2972,0.3249008059501648,65.86730936123058,106.31490512494929,a9fc0beba4a70504a5b8309d8c0f0c981f87bcebcbbeeb28768e5e96ce1d88c6
744,2976,0.3425444960594177,65.95382206921931,106.40142691705842,cbbf71421ae53efe1c68b9db6c1bbf1ece2dd831f1d857fd8bdc76221c05cfa8
745,2980,0.5668633580207825,66.04073256929405,106.4883463330334,9e2ddffdbb2651066236984200c4a676d723b54a5fc4293663b4b22e57c8f037
746,2984,0.582532525062561,66.12817698623985,106.5758013749728,4779d8f1459be42af3b7252d87ffa70dda00a958bee1c44b58b62a5549f17e44
747,2988,0.3876945376396179,66.2162390272133,106.66387379204389,87b35057abf0c5471191350573a11ad1b0051c02f3dc4d1d02e97364cb70a513
748,2992,0.33201864361763,66.31637302716263,106.76402270805556,203a70bb188342c8e3f17017a893a3ed52bb696c9d865a5bbf12a2f05d81f48b
749,2996,0.5760880708694458,66.40441152721178,106.85207441705279,c5c3d0bbe990f4fb24a29b0d4e94386501527e18f7c4c663d71c02144976bcbd
750,3000,0.31219667196273804,66.49282319424674,106.94049850001466,0450be36bd58635622f9cda9ab1574a2ef5a21b38ac4322992b23792c028e6ac
751,3004,0.4245550334453583,66.58215444418602,107.02984350000042,6ea240a8eb120495dddfb99d19a95a597cb4a45b6fdf1bca325d352ef901852a
752,3008,0.4432949423789978,66.6713848192012,107.11908612505067,55dcdc825c8b5c09753488baaf834a8a0daf77ef3965b648710bb393712acb08
753,3012,0.5026177763938904,66.76053727825638,107.20824920805171,cb9109f89f02f35d58c4a4c10a9310a92fd29874ce2de93ff744bb7dd52cab11
754,3016,0.37070542573928833,66.84814557025675,107.29586670803837,913a594dca33187cedb354c690c041e51b3d5adef3d468c6063baf1a4647c3fe
755,3020,0.42550331354141235,66.9357033612905,107.38343266700394,cb62699c094baaae2c91a4b521009f0f130fca1580317c14a336b73a70b722f2
756,3024,0.4031260311603546,67.02172457030974,107.46946208295412,92f94049784e1e358d4122a12f0b6c527c9629c98cbdc2a589e0c94bb42e145a
757,3028,0.9050589799880981,67.10874627821613,107.55649541702587,cb082068babd8745444497f3a16615de6f21f7ee4da3b60fcdafbab17653989e
758,3032,0.38355374336242676,67.19587765319739,107.64363558299374,a661bbb6e35e55591fca762e143e16c5c5485bf10ed48c2ffc0222a12c19e1c0
759,3036,0.3676851689815521,67.29195736220572,107.73972633306403,3531192cb3f1aee641c124419004ec2a64a1ebf28e52c08add8417f4ffd413e5
760,3040,0.5816825032234192,67.37994115415495,107.82772225001827,cb6b34425520cdaa10a4ca91138b52d451a294319b57e0590761f72894e9962e
761,3044,0.5484460592269897,67.46664452913683,107.91443804197479,1d694891ca5023bad86b6fab9f13d462930f7abb04dd456aae030f9310125e2c
762,3048,0.4505799114704132,67.55538015416823,108.00318445800804,16c3bc38b77c373472b951c7c77c4d90d3baf8ada63fa38c34911c60be59bbab
763,3052,0.39710280299186707,67.64392332115676,108.0917381249601,9ea61d94013efb285515592683fdff6877c26cbd5c080ae073c3718566026d26
764,3056,0.3281811773777008,67.73032186320052,108.17814558302052,9b125b34082601aeca5d30037694573e853dd75f4307974fe3bcd75388f38f2b
765,3060,0.44441327452659607,67.82285069627687,108.27068600000348,a5f038af597f617136087b78ec879901cdb145a1c13dd4f6b50032cffcc339ca
766,3064,0.32474544644355774,67.90954598726239,108.35739200003445,def0fa60be8fcb53366c89e6d107a12e3347075ee120d426d4ccc49675fc49d6
767,3068,0.7832838296890259,67.9979757372057,108.44583279197104,7ffe25768e2a64410457b6e02926a1dae3d16513a18cb69a166260124c31c696
768,3072,0.5083558559417725,68.0852005701745,108.53306616703048,0115ff61eacb9b51dce42ba33ecb5817b228499ad2c0a3489eaac741d63abbb4
769,3076,0.3262158930301666,68.17810111213475,122.69582983304281,6592d48cdf9c299684a3dbafae38bb4bbd01b98446c84add885ab0311056de59
770,3080,0.3148556649684906,68.26636640308425,122.7841076250188,5a2a0546d35eac668536327e49e261632b5ee34dcba494203b5b95e0646be796
771,3084,0.5516105890274048,68.35361573612317,122.87136704195291,5694c96c5e137207e2ecc60f35782e9186725910c7135d3c7648c9b83ada3f7b
772,3088,0.4497852623462677,68.44132127810735,122.95908266701736,a8c6ba315440f764939d3177156ba5f41f452f8ecec26477c843daef5c2e8368
773,3092,0.3942561149597168,68.52845086110756,123.0462213329738,29356cc4ee5782cb0353fc75b9b326ff6df0ac7b7b1b3b092ed10343d3716692
774,3096,0.3869287073612213,68.61458986112848,123.13236854202114,66895f85557484c6d6d5cd240b263001508139140e9dc3c90b9e50e0e382ee41
775,3100,0.43160703778266907,68.70192219410092,123.21970933303237,5cf713201742e20988e99ffd4784f73029297bee3bd532d88a3dab32b85df5f0
776,3104,0.6143110394477844,68.78919844410848,123.30699383304454,de82b916a7b2c252fe80169d49bef1d8bfb1dec7980cb745257bb0b66b5188c7
777,3108,0.2847874164581299,68.87600427703,123.39380879199598,7495fc79b2cade5abfca30b113ee7cb3c4d709cd9e3fed78b7acb5ec9a765b83
778,3112,0.5141253471374512,68.96248131804168,123.48029383295216,5acb65ec3d9530c7fcf5d73ae94d7026159f01d3478f62dbb3d04b49465cdd69
779,3116,0.5436413288116455,69.05056606803555,123.5683881250443,61c579c881adbced3c6dc20081ad25c6d31da8357303f05cd33bae1e3ece5550
780,3120,0.5079968571662903,69.13803319307044,123.65586325002369,560319a1f690c1ca1a8fd17da883107ba8d07e4d935aa281074daf31b16cc2b1
781,3124,0.7224961519241333,69.233425734099,123.75126683304552,a3262b3cbd62761e2d3982a9268c4d005de94d963109fc09327167b9c367cd45
782,3128,0.5611416697502136,69.32116269308608,123.83901616698131,6f94e8c9b198c9b34dab3ee220cefb059734a42bd7dbeab622489d8b57fb5127
783,3132,0.44833803176879883,69.40909336006735,123.92695624998305,00ac578ffdb29498c086ee0e430d9556076a0597fd2b2c73d7628e8dff358eb3
784,3136,0.3861861526966095,69.49745190213434,124.01532204204705,25673efbc5c2bc3cd84468f2fa274dd63cbf9c098615c4dff6f9c7e8ebc6abf8
785,3140,0.40596845746040344,69.58578894415405,124.10366837505717,c011e61db29ddee418c2d9b98570bb2a67ab3b035ddbd2bfc81437d1a16708e3
786,3144,0.3327862620353699,69.67256831913255,124.1904575000517,aecb8a8fd58cdd6710439431cf218b513246c54a51cc30005d9a62a0c9e690b1
787,3148,0.3303300440311432,69.76694573508576,124.28484474995639,5f32e6788b0ba8146952e8fe8d75203a9f15c4ff55f6d722531a461aaf8d8761
788,3152,0.3174651265144348,69.85216156905517,124.37007095804438,0f47fb1f1b6bf3e19fa17b8a57c722be2d2a58ac2beff4284c6b1aaf30c6fba6
789,3156,0.5587695240974426,69.93963886110578,124.45756150002126,6ba9dbd67afe4036af2c7cf556d3fa2cedfb0b5ba51c05523aa9e162c6197f1f
790,3160,0.35748419165611267,70.02727107005194,124.54520629195031,d58b7b4912e73f45d439cbc44592770d88bc6a77a6f3abbc8336ef6947d75196
791,3164,0.3902290463447571,70.11617702804506,124.63412370800506,8610b943fa23157563704d236b6fa9a1cf7bbd0e90d52791f122f16918ecb840
792,3168,0.3713354766368866,70.21552586101461,124.73348425002769,17c43712b9a8bd549462c3f1ba4dc890c93b255995c2b541d875d3cfe2e3d020
793,3172,0.293691486120224,70.30276652798057,124.82073854201008,0ab4295964403225079568951a5f8438753abdbfef29cf274ca222bcf59b8fb0
794,3176,0.6368739008903503,70.38939398690127,124.90737845795229,3a8a1d23b611c36c7446eaa41247539af8341404b49199884ec047059ff7c81c
795,3180,0.46882328391075134,70.47637240390759,124.9943701250013,2981e7c0f1f414883e82c3bedb492baefa8ea5e9cd9f3cc6edc876a5697b2719
796,3184,0.3513294458389282,70.5648565288866,125.08286491699982,9bbada7d97755d450096ddf453b7ead5b989aa01a774534b72782bc5bc6a1261
797,3188,0.3408956825733185,70.65417061187327,125.17219104198739,d96ec07918e61f1383352b6d2ae6869b12fc87fe7667f139209a7f76813da9d9
798,3192,0.3553188741207123,70.74344794591889,125.26148020802066,8e6dd16e308ed97c65168067aea29a07ca5d7889d16bcf39c394a6a7b417289a
799,3196,0.5459400415420532,70.83154998789541,125.34959204203915,8a3a6038550c4bd4fe7dec5973e3cd57b4cefd593fcb498ca84014b82af5834e
800,3200,0.3260320723056793,70.91900944581721,125.43706229201052,be0e975fc90edac2b853add237f8d3f17167dc2fdf3b0e3ea26abf3a411b4df3
801,3204,0.5843484401702881,71.00667686178349,125.52474187500775,ce7fa6ef8f8ae8489cdb39adc237e4c63e905ec73e98a177f2b4d90e3b3871d1
802,3208,0.32188862562179565,71.0937493618112,125.61182458302937,b527ef16576efca1ebc238279306294d2ebabf1cec0f5ba476671246f483a3c8
803,3212,0.3924529254436493,71.191340028774,125.7094250000082,d3cc689a76ff3f1cf9fb7185bb31b65ae2b8f19fd4691a44d641db035a06e4e3
804,3216,0.4683278799057007,71.27875573781785,125.7968508329941,19e0630ed78253474a9d94049daeca56481a5788339a2919b1e8506182ee872c
805,3220,0.5947415828704834,71.36640277982224,125.8845066250069,2b1da7401451bef4cceba4910220919bda66fc011a6632e9fc5cc2ea218fbf51
806,3224,0.4308597445487976,71.4541620707605,125.9722762920428,15c408e19b52fd6f2954bac77918b18f00c52d13e84d3aa6d7ddc37ec03b1df5
807,3228,0.36256325244903564,71.54016302875243,126.05828979203943,77d59fbe2ff91fec5f07b320331991e18ce8ecd49ccff3d5d66bae8223983296
808,3232,0.4682989716529846,71.62622948770877,126.14436699997168,b7a71cd7bed6b1e1ec6e52bc618af8d1d0d7fb55ddd7fc397bbadeeecb74ddea
809,3236,0.31724444031715393,71.72294211271219,126.24109045800287,217d9cefbe3511a31ee941505d66892f59c1dc5a873cd4bb0bfd61c65b9a1fe7
810,3240,0.34179115295410156,71.80966752965469,126.32782650005538,d27b9ddce042e05ba5591787c18c0f6f437d8933ca67c759be30da1b5687be76
811,3244,0.3608255386352539,71.89701032068115,126.41517987498082,08dfe14f572a6f6ab4c8fe128b2dbccf4208a16ca84a4856d613154101a13930
812,3248,0.43281105160713196,71.9846212787088,126.50280050002038,aca842ca89b7b17c45afeed6fe1a3e77be173f15eb1a41f890b1838bbd82ddd3
813,3252,0.48103055357933044,72.07338157074992,126.59157083299942,a10bfea61e209d803f497316e468598113335cb70946614c738cd3e872b81d3c
814,3256,0.31600421667099,72.16389544575941,126.68209562497213,16c65e083f25d4f106a3ceb2059f64325173d561bf74db9035a4f81de7071bd5
815,3260,0.7005901336669922,72.25362736277748,126.77184104197659,ff75690afbe86a2e7147de977bcdac609bfc6d8d34226c03446aa8c75fd07bc3
816,3264,0.32420727610588074,72.34066640480887,126.85889245802537,bf080a57c8ace22bca8605990107a476a0f85d1d7b338fe23cbb35821af6a371
817,3268,0.3161278963088989,72.4272925297264,126.94552979199216,555d63561657762de7fc5abb85cf39509a62b560342ae43c15c9b0de787a37c9
818,3272,0.5506423711776733,72.51482111273799,127.03307058301289,e2a3890c7641805e070239104aaa9d8263bd990fec3a2707d01e06625396058e
819,3276,0.3221888840198517,72.6021125287516,127.12037612497807,c6b3fd39385391cbea2c720ca4c7386e530b9aa12df262f8fc707d2426fa0706
820,3280,0.9028273224830627,72.68938948772848,127.20766491699032,fc97d6402f13875a0411286cc1603e32b0d81f8c525fbba248245f3f7572d823
821,3284,0.395985871553421,72.77563515375368,127.29392225004267,403019c2e9f670804b3d4ccddd1c84d0edff3cc4bd714ee9917aa850f9ee50d7
822,3288,0.7010093331336975,72.86279890371952,127.38109529204667,6e927e29331026d45a0d96c39f5edafd91b0444f9b176fd19cd208ec076fcf11
823,3292,0.3275851309299469,72.94988019473385,127.46818491700105,edc775b8d10fe7461cdb6f7e89d497f48726b3aa5926252412c07efbeade8a8c
824,3296,0.5697075128555298,73.03606915369164,127.5543830000097,0af21c98bc7189809ef4060714327c8f92629d76bcc11bf8e0640f2836ede8bb
825,3300,0.39255332946777344,73.12223782064393,127.64056441700086,a60e2d44dceea42b229942e770720c23a457e959a49caa515a262860a3ac5045
826,3304,0.8364032506942749,73.22350698756054,127.74184666702058,ebb62be1bd7884b52697d451586a88efbf36df6f483822b46504d46550d7012a
827,3308,0.40415096282958984,73.31185877951793,127.83021179202478,1e628d34a81c891d1c345b475d294f1e6b15dc0d8b25e00670c6c4841192caf5
828,3312,0.35646572709083557,73.3992929875385,127.91765816695988,200610ad1b31883a46a54f3f436aa3b3235316c7c1663a9f492d6d75b6491905
829,3316,0.5725735425949097,73.48662765452173,128.00500500004273,c5d55db7bb440c68865ecc7cec7db087df671313752af4e83088f22ba3931534
830,3320,0.40832847356796265,73.57520407158881,128.09359370800667,eaa72adbaa638f4c39de9d83ce1a1927a84826de3a90154450ea266750a39a05
831,3324,0.4474601745605469,73.66299507161602,128.18139449995942,3645914655fccdad9cd744a735d9aa5f7f9457ea01636e23d3f4f54164ce1cee
832,3328,0.5337160229682922,73.75451161363162,128.2729236249579,8540e1154ddc9819f5faf50a0173524a2d19ae04b79b614250051d219373d374
833,3332,0.2747062146663666,73.84209053067025,128.3605132920202,27b52db4666292ae3906b08972a000bf4d988bc175ecb74cbc3301892071976e
834,3336,0.3464428782463074,73.93071103072725,128.44914537505247,11c601b8f60a6a33a4e4af2cd1e7dc3cc94966dbc44bbe00901f60d42ac36967
835,3340,0.29339444637298584,74.01862223877106,128.5370656249579,187bfca24f86808bed8968c263018d2eb6e4137c96f69c8fb60f2a351c9ae1f4
836,3344,0.49650219082832336,74.10611065581907,128.62456533301156,72789d841c32d478a2963980f83691035f7a387a3216ce24710c8d424029b1b1
837,3348,0.7690374255180359,74.19729744782671,128.71576475002803,50c671b3b6cb13b2f5de1dcce06fbcc424d3b7f733940a9f46e801e3251618ef
838,3352,0.47117626667022705,74.28467428090516,128.80315404199064,79cac18b2744dd41d3263e56b0d55a6e97284cda873dce14539d3933f711ddf1
839,3356,0.5226104259490967,74.37195957300719,128.8904511249857,f67014ae61f352b16262ad375ff51a55b69e68256310867b7c7627c8fcc02717
840,3360,0.8062838912010193,74.45802974002436,128.97653279197402,360987746f279476cd6e2937aa7a9185881e2291c103838bd322ce89893d3341
841,3364,0.5475436449050903,74.54508878104389,129.0636020830134,b9f150a36cca8b7c6e69a490dd0452ac1515b177eb11b38772df62bc8dd07cd5
842,3368,0.5048919916152954,74.63346498901956,129.15198804205284,171d780dec4bfd903ec65783c5629d7c8f73c538c8768edd574d82724e03767e
843,3372,0.3817497789859772,74.7213999889791,129.23993200005498,e5406deb719610379e7647059815b798465308dd1e9f489347a695797e80a639
844,3376,0.3821926712989807,74.80864853097592,129.32718999998178,7cc42f5285a3c1d80776af09fb622e018738ee7817158fcff8620a6c1da25d14
845,3380,0.35010993480682373,74.8954706148943,129.4140216249507,10b5bde8b870c9a89bdd4ebd98551c13205e5efb77724f68d71ecd18b7697858
846,3384,0.34042301774024963,74.98231511481572,129.50087562506087,f946451eddfea75a218b0d537761c1fc1149276026f0b2f7d7fb49b70c59246d
847,3388,0.3965533375740051,75.06858286471106,129.58715295803268,ff51e4828070f910684fad859bf200936412e023550b9a132751e8f40078a326
848,3392,0.32506227493286133,75.16355232370552,129.68213404202834,73f17dda1bdac506f9676037b77d25898dbcaf4d993b97352e982a30a55f774d
849,3396,0.28209561109542847,75.25595211575273,129.7745467920322,d61908a295d39854c9f5751190279bd9b612ffccd6030bf5c523931ac62b63d0
850,3400,0.7204307317733765,75.34382115676999,129.86242550006136,79f939738b527098e60a13e240d6ec391ccfc154f600ad5bc75c047febb55015
851,3404,0.6065545082092285,75.43132073979359,129.9499350830447,4f246e4abd4974caeced2917a3aaf7cdd1fd23e34aacbb0ed2cb88e6af84dd46
852,3408,0.46654197573661804,75.51808523980435,130.03670820803382,21d46b550e6ad3ba77eb58d52d93ab80111ed8145f55314ff46a05f8b8c5eb19
853,3412,0.2614457905292511,75.60530848975759,130.12394054199103,73b1921cd24a2bb6ca27c1fb533ab0ce3edc8d27996a4cf8e28e2ed6f253323e
854,3416,0.30908527970314026,75.6978974067606,130.21653966698796,6ace2a723170a9a988a9a8591a79b50ed5a7205dd46b0f21ddcc77297872883b
855,3420,0.4133458137512207,75.78743982280139,130.30609325005207,173d3828d2fda974749649f0a0142b6e70962a243cf74692bbc0994be51c9a75
856,3424,0.41529580950737,75.87537919776514,130.39404212497175,8731b479fe80caf25d20d4fa45ca9484120242221f23fe719576b540801166e8
857,3428,0.34010520577430725,75.96408378169872,130.4827580000274,224968606838689a8b4af5955beda87a91d1cec0add8f06829ce52260fb244b0
858,3432,0.36052489280700684,76.05081661464646,130.56950404203963,a46fca508c557ffe3596e2c31cab6cc36be310d7bb5b8e4be01d9beaef75e559
859,3436,0.5818688273429871,76.13823036465328,130.65693208295852,46b7fd56414c4e430fdb00767e9f462a0026129ed12e86f8610266ce1d3b0041
860,3440,0.5809675455093384,76.23446465563029,130.75318108301144,d73dc4a4f73fbdca9eeddc9a5af278c336257646e17f0229e5c4ebf71b8c546f
861,3444,0.5555235743522644,76.32227173959836,130.84100083296653,20b99f7b3f2e21ffe01a29c14523fd6df9360ad2472dccb9de0996cf0ee6af82
862,3448,0.8271468281745911,76.4103714475641,130.92911174998153,075f18f504e6f422518e95045dd64d468a9d32c9ce2780e5d0e4e88045a30a90
863,3452,0.47729960083961487,76.4984451555647,131.0171964999754,8ffdab217cce9011244fc8cead8c54fb81a0fe8dfe30742d00143ad5fe804da4
864,3456,0.325412780046463,76.58606894756667,131.1048293330241,a6d1113e00326b2da635166ab843d16f46606307bb7611ce5ec17675216d127e
865,3460,0.48095130920410156,76.67628365557175,131.19505295797717,723f90630da2493e9aa6e56aa7f5554dc064d4adf7773912f4c618f61e9005bc
866,3464,0.345711350440979,76.76517561462242,131.2839567080373,ca4bbe4acdbd5186c4d15d732fd7610a078ee62c3a783d90d6742e24eae842a3
867,3468,0.5145315527915955,76.8537336565787,131.3725266669644,48756fa4866304454a8433f0b09b768d028206f2d5f0b17a83c4a0d92dd8b307
868,3472,0.4898998737335205,76.94179082254414,131.46059158304706,bf9546ee5974b0e760e10e63b582b8b5d05a8623dfea7c0834a0465e45cbda94
869,3476,0.3812553584575653,77.0294636975741,131.54827229201328,8e2ea5ac3f9989e1bb4f76aeb98c327812136c29013e4febd00b79758238d680
870,3480,0.30222392082214355,77.11801857256796,131.6368377499748,2336546c0a443e8ff0a7d31680546884b442dcec0316d70fc6452791619c3d99
871,3484,0.29369065165519714,77.21269469766412,131.73152383300476,cf0023db5bc92f13f952f237473c66991739873db7e787cf77a20d2f0379b45b
872,3488,0.30048373341560364,77.30041623872239,131.8192544169724,aa9c65678f57e70a9aca3672a905aafd9b06c31174c6bfa1f0c34ec60e8a2c6e
873,3492,0.3901877999305725,77.38671611377504,131.90556479198858,feec94f03858308e0ac216901afd6ba5b788ad16a5e1d686924a4879c54f1512
874,3496,0.4179672598838806,77.47254944674205,131.99140845797956,fb63e8995621b59d427f76a60d5e35354cb7cdc675a623bd0684192ac49f6929
875,3500,0.3374202847480774,77.5592736126855,132.07814304204658,e828a3e48898a3acbba1a09dee5eaad3649347661e1f3633d1bb78a061ed6efd
876,3504,0.4554766118526459,77.6476721126819,132.1665515420027,f8ddaff019884e9e82553e327ff1dd7dc4a782f2364a82971d6026776a444096
877,3508,0.4528297781944275,77.74173548771068,132.26062454201747,64f3a816c188d21b4b0345c841071cc67b622435bd4b8b5d60757f2f54f12cb5
878,3512,0.7945507764816284,77.82907390466426,132.3479743329808,45c51baefa3969746d7b3434245d95d7bd39d347b62c3c6570462294b14f3050
879,3516,0.505562961101532,77.91755577968433,132.43646704196,c1d2d998741454292ad92f5e6c559c5d97c76ebbfa11286e6dea5d5cb215cc5f
880,3520,0.34101998805999756,78.00611636275426,132.52503729204182,d8bf9efa1f397f7a6d855a50f8d63294db96e8ca5a834b9030c7dc68f804588e
881,3524,0.39795055985450745,78.0947500297334,132.61368016700726,a0ffc528979451fb4951059878d1362e3f636d6acd95b0cbe9dfec2bd5a947ba
882,3528,0.49649351835250854,78.18794365471695,132.7068849579664,a00b7e1c94723e46deb362b8a3427cc0b6fded1ecdcd04d321ca8361d6488a24
883,3532,0.3646770715713501,78.2777589467587,132.7967113329796,1fa075871c66f5942ddc27c2aacbb8c9679cfefa72123fd32ef5c3c123e8d7c5
884,3536,0.32829225063323975,78.36551336373668,132.8844783330569,d08e58d1b95f61574793f542d9848344b574c07c87e7d0a4bbfd3621b1ec5318
885,3540,0.6820710301399231,78.45156719675288,132.97054345801007,b6435340940ee232b9c00716aca7560108682a838ab95c689b4594d99975dc7c
886,3544,0.5035429000854492,78.53846944670659,133.05745574994944,ccdfb07c91f746b23cb0fa1820c24210827b441edd1393c72efed61624c4e65a
887,3548,0.4650702476501465,78.62554398865905,133.14453929197043,7cfd71304f73a62f5f323fc0bfa935634015ac36ad2ed631ec271e95200ebde8
888,3552,0.4141911268234253,78.7151196966879,133.23412525001913,db3d50ae83a6e45cc7eeea7f1d6bf5ce23ba67bec5c0020e915cc73b24ac4c49
889,3556,0.3757151663303375,78.80269623873755,133.3217120000627,536e7c2cd9823c0a4394f685230f2408f8a7afd72b21642e9035fb08aacfc854
890,3560,0.39678898453712463,78.88965790474322,133.4086878329981,eabee837050ffe62577a37cad71e1d908ffb3e0e8a92fa56055eb2c00be943c7
891,3564,0.49667853116989136,78.9767913207179,133.49583387502935,12b7c6f317f16ba878da48ad9ab85920a1d75c28d1e611b98a6ea19a26cff11e
892,3568,0.7019206285476685,79.06399752874859,133.58305508305784,954465a92dec023c15062bfa228fe523fd690dabce431e87adb4020256c0c6fa
893,3572,0.4818744361400604,79.15262515365612,133.67169374995865,8eda727becacd7a7bb05e5391ce48785d5b2ef5f8ca3a9a0b14874b3923c4202
894,3576,0.4092898368835449,79.24341677862685,133.76249716698658,75b9bf2bae8e77a4aaf47aa4d1a129b28242331a5f0521f36a1398a79d05499a
895,3580,0.5733892917633057,79.33066565357149,133.84975783305708,af4c1555afbba4803367f8b853952220b75f792075daa8f93cbc1e0f66f2b66f
896,3584,0.5395814776420593,79.4185144866351,133.937618499971,a84749ccf926e0b2277c03a65a0a05e6e1d1961790a5afe21de2963b696aed44
897,3588,0.31756308674812317,79.50484615261666,134.02396074996796,6307a33e2c90a22f03e807a2bd2f4b160eb6f1b9a62ad9957a697809aa166157
898,3592,0.4760093092918396,79.59189536061604,134.1110197500093,426cfc6183c72a0a3d0e8a4d337486e5abd7ed107786e2922d16ac433838cbe6
899,3596,0.7477613687515259,79.68026065162849,134.1993957919767,2e8c752660bcf66627215dee0d17dd53f0679a31a59befbe179a7e0c14f29e08
900,3600,0.5397509336471558,79.76844785967842,134.2875927919522,d21bb7327204bb55c49173bb4b3c9bd12bd50c97c1a4a810b6fa88bcb3b4ab5a
901,3604,0.5234457850456238,79.85561669268645,134.37477112503257,2d46389e4380b06f7cc03f315f628a729ac396a904e9a4dc4322c8a80583df7c
902,3608,0.49144595861434937,79.9427122756606,134.46187541703694,2c056500ff5420bcb8bd789663f7b65bde278c93fbc009cb45cb69568948b5d2
903,3612,0.42670536041259766,80.02904998359736,134.54822241701186,95bb59d8ef12f32d54fa90c12c9e9032449b3511ebdafa5efe24687a61925fab
904,3616,0.4443804621696472,80.11678827565629,134.63597266701981,f2acf967f60df6bb7a0b371cb3792eb93e2c6f5e33f782e0364ba8cbfef56e3b
905,3620,0.5663700699806213,80.21461906668264,134.73381595802493,0a6289f9195451cfdd32906bca8f045b3b782e9270b44ac132a094b325b93b98
906,3624,0.4167163372039795,80.30310015077703,134.82230991695542,2e62637b4dd7266178648c86cc01c06081a99ca0d8309cc559f863102b29ef3c
907,3628,0.4095054864883423,80.39234640076756,134.91156804200727,efc947b66edb160ce91a8189bc089d3b4bab614b46c6cb4150de559e78cfcb10
908,3632,0.3752620220184326,80.47844002570491,134.99767454201356,578eb54b028c6702cee8039259e7668e3f1ebfc884d4f2de66c51ccc7fa1eb29
909,3636,0.39634808897972107,80.56551619269885,135.0847606670577,2887c7eaf9ae0527f0f97d7eb70a2b0f6bc27ea9714f1673d4cf891704296aa4
910,3640,0.3034944236278534,80.65294540079776,135.17220079200342,8ba2452bf216537d7f28bb102d1645e59217e19ad5686148cea33122402ef353
911,3644,0.4470398724079132,80.74304840073455,135.2623153750319,ba1c31dd8c6f2dc27d44035ccd5afd3c9203c36d5bcce959770959722e1df11d
912,3648,0.3351529836654663,80.829481775756,135.34875849995296,58ee04eb35c61ddfb44ffa182a3483bf6539d480cf411d8389c12ef08a8cd5f8
913,3652,0.3490193784236908,80.91597606684081,135.43526354199275,21bbb6fdb83ea17310ec5c614792ba73adb95e4562769b0dbad61da22dfdd9d4
914,3656,0.4697672724723816,81.00263577490114,135.52193254197482,aeba6b3a9f7b6eb8ce53428bd52fb90ac5b76d8642982aaea26c19391574594d
915,3660,0.48595237731933594,81.08976135891862,135.60906791698653,e191284f4fd1308d8db244b22d40b4a8ad8661430e8c493f3573e510a4c3fd93
916,3664,0.6194495558738708,81.18468360893894,135.70400029199664,0fd19a7b855ce04126be704ccbba0be240f3a36529fdb3416616b9d5d688bb61
917,3668,0.3202248811721802,81.27345027588308,135.79277829197235,24144c87a52c99d20f4379ae23c3d1f879907edc3d531d9d5b1f5d86d904898a
918,3672,0.29916635155677795,81.36137623386458,135.8807149999775,ec49e0681946bd18368426bf3c939c9edb9ce2bc00154d1191f220a9ebf3c823
919,3676,0.37624675035476685,81.45314110885374,135.9724918330321,a38573a56e469b73e49463d6909bbf617b9f546f5768c3b394938f022980f810
920,3680,0.5286250114440918,81.54139090084936,136.06075441697612,c922f5562b7cd22d8ad4172109342153c39bd070752da9f6a5b29fefd981de1d
921,3684,0.6918988227844238,81.63104344287422,136.15041812497657,ba0a17962f06a2dd6c5a898bc9cb7e579d7fa1cd5c2455a0805b19d582760a44
922,3688,0.4999582767486572,81.72220715181902,136.24159300001338,a9e26c3a125225bbb9a20d6885e73e277df650fa23f702ce731019014eec5b76
923,3692,0.4849931597709656,81.81039248488378,136.32979145797435,b77c70b1faa213e9e7df7583b73dc0f9c7027a743d92ed151d475ca6fc66f91a
924,3696,0.3981980085372925,81.89793965197168,136.41735041700304,1a4e33ae15150f374922418d76e9623df2f842ebcc15f1beff6b64ac53d4d15a
925,3700,0.2764657437801361,81.98693065193947,136.50635216699447,aca79cb2970c0bb5896e7f1384058a90873f0f29c038f694211a3a9c36acaf26
926,3704,0.3438902795314789,82.07516248594038,136.59459658304695,dcfdbbf04e41550edd7b82230ad7383581b6ea43fb236acbdd28ab60fbfa7e2a
927,3708,0.4960474669933319,82.16794286097866,136.68738737504464,572fad079602e80b011bb35ebbc4dfb22288bf151731f16e2eb5d9fd816eedc7
928,3712,0.3228972852230072,82.25859986094292,136.77805800002534,d06b50d46181eeb5f2cc20fa8047778d911b2bcabf65e3bd82e8cfe9416f3aab
929,3716,0.39247676730155945,82.34874748601578,136.86821808305103,fea95ff1bef133e86dac09a10d511565cd0f29cba85741eb95028b409b6aba55
930,3720,0.3816468417644501,82.43669386103284,136.9561762920348,9c70f6ee3253b47c8705580c0e91e3c0c58f31f36b3094c6b88e13d37d4c8578
931,3724,0.609071671962738,82.52614552795421,137.04563770804089,680600d0b8de65420f1caf648ac7e791b4a658103592639e6e5194d43171d4aa
932,3728,0.4291105568408966,82.6144131119363,137.1339160000207,9b24774e7de3f21f8060b73edaa525b6d0b81ee1ed3c1b35f3ed04818c8f50da
933,3732,0.3446652591228485,82.70308823697269,137.2226017919602,99849a1e330bf3962bc29046a3b7cd7719912049d41d21bc6b5a8cd41dede8d6
934,3736,0.44200611114501953,82.79061119491234,137.31013487500604,437831ac20f824186a9586a5b9265628b2c786f88fa9772c1568ec60fcf510c7
935,3740,0.4322212040424347,82.87788136082236,137.39741604204755,1812c8596d005006efd763e688bc6464e4982b9796b07407791d8058589bf830
936,3744,0.2925416827201843,82.96467227779794,137.48421529203188,2546267257bde4cae9cc846a7e77ba92902d812a8175c5163471804903e7a19b
937,3748,0.3040955364704132,83.05149998678826,137.5710525000468,0c94fcca5523317debef52e3a780a883839e95ed2919294b6866e29c40edc30a
938,3752,0.34225717186927795,83.1381481118733,137.65771162498277,4a3baf5429dec5dbd67038ae6d9c5c75b3f5f8f6962a0ac6eb6d4f2d924d8204
939,3756,0.4252639412879944,83.23076961189508,137.75034262496047,9284d3888e166f3fb3525b236bb5142aaf6e7aa5a08604a2579137e3a25ef0ce
940,3760,0.29126811027526855,83.31680506991688,137.8363885000581,a4c02723fbd54068f2b27bb6af2acc04c6c49214c8b9ad5d12d33d4a2f3d29ee
941,3764,0.43803870677948,83.40377540292684,137.92336883302778,b9d3880c4a2c904ee316b1e897285df94eb7ce5a5cc15a0d1debaf96b9b0dc79
942,3768,0.5170342922210693,83.49165198602714,138.01125337497797,8f5a0d58d76b15e0d7eee45a71d93754f2242bb320de00c210adc7fbe3ddf4e8
943,3772,0.38506805896759033,83.57911886100192,138.09873033303302,0f71607fdc68c2f1c8f37b29ca405c3df9da3ece8cdea092a69317b39e8363ec
944,3776,0.37252864241600037,83.66605740308296,138.18567933305167,e30ca117b866f3552cc25e8cf68cd5bef0ccdd06f3a1a32158b80449243f6cd1
945,3780,0.3436166048049927,83.7586616530316,138.2782924999483,9c1274961dbc1e9d845320753d82548f408d32a26b84b365aa8950666bc6518a
946,3784,0.7415703535079956,83.84664457011968,138.36628550000023,c163adcc61069dc91c0155f680ee9a9db24b73b6769ead6380cd597f7c60f8c2
947,3788,0.5184571146965027,83.93371507013217,138.453367042006,edbc5858071b7df421cbe7df4c57ac0e7421738dd7697beda4bf3b6b4f6040b8
948,3792,0.37799200415611267,84.02124527911656,138.54090745805297,623d17c627625c4acb264a6201eb1b802b03eec5584524ccdc10eb9955d71334
949,3796,0.6628188490867615,84.10923661210109,138.62890712497756,a0941c3ddabe6814243a1d3dc778e4038cf121122a1a3cca76c959450e1f4e11
950,3800,0.39869073033332825,84.20328911219258,138.72296879196074,c5171e084c39b57125e72a2222c778db85d1cf8c72706bf6a1654f2a18d2bfbc
951,3804,0.372811883687973,84.29084715410136,138.81053708295804,17cd3345db100500b2fbfb327c5e8485a3d6a9fc0e2b7dfc926bbb5a1d13a839
952,3808,0.5695276856422424,84.37861573812552,138.8983146250248,ce95d99516b1dd04371a8552b885a2db51ebc993fb4c47359d5630ded6edb9e7
953,3812,0.3279843330383301,84.46619886311237,138.98590645799413,0e6e1221f2808870175b2a7febddfddac161fd651391a146debb1ec992d60633
954,3816,0.28737255930900574,84.55492215522099,139.07464016706217,a01fe071ffd5e04e945cf70c757b2490b67100263126d4f258ef24226306d40a
955,3820,0.9419711232185364,84.64200673822779,139.1617379579693,d64f83013491d755867b355307e0f617dd208df149b0a64e32f1d2966af082b0
956,3824,0.5908463001251221,84.73006186331622,139.24980512505863,cf0b585a0181b2493dfc7ddee6b0affe2bdc3f2ca6a4096b126e46176efaeedc
957,3828,0.364974707365036,84.81680311332457,139.33655654196627,919378208e2e2044f573e4b6bbe3bcc79a6ffb0b63ca3232693904110862ebb8
958,3832,0.356653094291687,84.90407632128336,139.4238404580392,3f1640bdc1a763215ed6907df5d1c64fee241b67a105639c24bd40b4ebec936c
959,3836,0.458098828792572,84.9913026553113,139.51107604196295,33c3bfa5c4ea7c602834d6e5a8cfedc91ec20bdbc37de0653aa7801ded15e5b8
960,3840,0.34734001755714417,85.07866657222621,139.59845058305655,4cac023e46abf8fd96226913d52187fa57cbbc0f07676f9885b164b56624c90e
961,3844,0.5131385326385498,85.16916119726375,139.68895695800893,58ae7915ef0be5cc22e98357e8186326210075adbbc7fa3bf1ba0b8c7fe23fca
962,3848,0.40806278586387634,85.26044523832388,139.78025199996773,90f6f4c8b70642cd53b65344255367196ab382bfdac49cdf88e6ecd96427c777
963,3852,0.35935816168785095,85.34861140535213,139.86843087500893,ef056146a6c656ab0607966c2d6c73131173fbf5a8fc954e2cd876ffb1dd1655
964,3856,0.468444287776947,85.4353063213639,139.95513649994973,5eedfb0e5f73be5c8840ca49d3af20868dcf099d701bef61c5ba869e682ec2ca
965,3860,0.34760594367980957,85.5234474883182,140.04328770795837,5a62dfeaf861e8278e1cf4cbc7dfa0bf6a04802dfd487b5b66280b06b4168d51
966,3864,0.3150041997432709,85.61218315537553,140.1320322919637,5d088c297be94f98fa4623de9c702bffcdc3eddcad735bb2877c3141bae73e16
967,3868,0.8340101838111877,85.701754280366,140.22161333297845,750d203fe648ff90b4d3d484d4c73fd11d0588d6859b1fe3b1538774a66a897c
968,3872,0.3625396490097046,85.78940890531521,140.3092786669731,7cecc1dd8c62faed9f1bea662fb3f54ff7bf36941c0061b6ddd5abb07673923d
969,3876,0.7640298008918762,85.87792619725224,140.39780508296099,c23afaeb1a4119cb78370159e11c9444babc7fa194d5f2f6887189804ca50dde
970,3880,0.2974359691143036,85.96590944728814,140.485797332949,7cebeb36187452a57d9874c4c7698e43358cd8f99e8948813e40032d4830cdcf
971,3884,0.33450132608413696,86.05298819730524,140.57288658304606,e6c1371419cf287037ad73c10a070c6eca8160d1af5205ad93aa367009047d83
972,3888,0.5934369564056396,86.14112244732678,140.66103033302352,8c68445a9d0b9c02bc954ff38b6f401c798989991bc12ed2260bb0d8f2810ad8
973,3892,0.3734002411365509,86.2379010313889,140.75782283302397,8b7f47cc954489b724a468464c8e674691ab68817fcf104bd5be32836b4d1930
974,3896,0.3290620744228363,86.32647011545487,140.8464049169561,f944c63d59061751d43403467651a684b5a6e31d572ef31c6f396ab5e4a02166
975,3900,0.4976661503314972,86.41518315742724,140.93512808298692,0bed228ba679a9efc57730b43f8dd4c1c0fb948389efd55da0ac3df924c3e1d2
976,3904,0.3526226580142975,86.50353124039248,141.023486042046,50566a1dac307158cf02f3276aae488e6c457496e2ca430ee2e1895aa5f15fdb
977,3908,0.48129627108573914,86.5943634903524,141.11432854202576,1236f11f40ef9da497efd8e765062fda3f8c2631b2dee6ada638a2a707cce948
978,3912,0.40284112095832825,86.6871494903462,141.20712770801038,594caa5a7dd7dd56b8bcbfd8993ff736f68303b294accacccd2c2f1654bc058e
979,3916,0.3349704146385193,86.77660299034324,141.2965952079976,dff9e9e7375ae34e704e1d0e0b248f45075684b71106b0ea57c6f7f02025cc1b
980,3920,0.30512890219688416,86.8655636573676,141.38556920795236,5c7a94dfbe348779504e514ef3202e4f22f7908927784720abd90dcaded97590
981,3924,0.36957427859306335,86.95409294834826,141.47411112498958,59bb2b9213dfeb8949f268f423af1e81258fa7e6493a5f0926149f7a4da26fc0
982,3928,0.3318430483341217,87.04237311531324,141.56240454199724,35babdf17f7f304bdab9ae4e6985d083e525b7d96eca783e3c9f5d484ccb6ed8
983,3932,0.4453513026237488,87.13060103228781,141.6506432919996,40410c2f7c359c8708fad9ac75652eed7b94a868a0d9bb5ae2bd1208e28f671d
984,3936,0.3405281603336334,87.23044728231616,141.75050091696903,3101a2c8d094cec7ce56bc56bbba3fd13f9a7543d3bd0be0b0b7628b0d2583e2
985,3940,0.300678551197052,87.31867065734696,141.8387356250314,690c585e7bbbf3c51efb7ce1fdfc59e354030aa886bcf670efcbad3db0d3f536
986,3944,0.32850131392478943,87.40725424035918,141.9273322080262,0aec388d117e71a00e7060c141ab9a810a7632c1ccf3ed41afb3f02db98ad0e0
987,3948,0.32685017585754395,87.49696686526295,142.01705558295362,fb7bdde5de46bc004a16c531b5f4833c28c25aa38d025a8920f7a1280a09f9b7
988,3952,0.3577779531478882,87.58487265731674,142.10497424995992,496502560adf23066cfa8a78a9abe424d88969ccaeef124e5bb7160dec0b7f2d
989,3956,0.5865870714187622,87.6807708243141,142.2008869999554,6252329b99954596578f8d136e34605f7c76798bf36cad8e55cc560f4338dda3
990,3960,0.5404397249221802,87.77149507426657,142.2916258330224,d086308776501515e3979711415e0d7838c62e4684cea4278cba3d9433212862
991,3964,0.35567936301231384,87.86059590720106,142.38073858304415,fde0b6ad26910bd0a79737b3984556efbaf46eab569d1512acfc0fac66d9b7ba
992,3968,0.7520729899406433,87.94955194927752,142.46971066703554,74bb073fbefc214e43438b80f961927bc9d31f2b327d5e049513f2aee862226d
993,3972,0.6850581765174866,88.03659065836109,142.5567588750273,21969698926ac6d590bc0bff25cb5c897533a66d1069e58df0f6f08880b52192
994,3976,0.5847128629684448,88.12708574230783,142.6472652920056,76098c36aa3f62a97e7ceea2dbd1a080c16275ca12ec3ae4ad27fe83e48c2564
995,3980,0.6226364374160767,88.22211365925614,142.7423048330238,01c3da07f30f78f1b6a9678c00a8861b7f3c4f4b539ce27d73e1b5e755dfa996
996,3984,0.7207480669021606,88.30964732519351,142.8298507919535,2b0746dda911fa7fb87d80a29c33fa6c61b00fbbff18fbe0be625c4316b4c9d6
997,3988,0.3890020251274109,88.39546040922869,142.91567391704302,bd69360c3a68430260be9233b20f17d86e7b5a169e591632894e714121535531
998,3992,0.6898403763771057,88.48355599225033,143.003780500032,5342184e551d776e66edc30280e910903a2125a9bb45b232e3b51e45e9480a44
999,3996,0.3315099775791168,88.57098265830427,143.0912215829594,4d8f354381def245244343c2b6e20242b2e5a575ffd18a49525411bc78bd5d75
1000,4000,0.5524134635925293,88.66034453327302,143.1805952079594,d66853c4b68eaf67706542d3f0808f9cf2110b8e224b611ab61b74b676905039
1001,4004,0.3621073365211487,88.74972569930833,143.269988541957,acebf68d8d297685f9a264788b6e995e8cf5ce726226f98febb63d811211fa4c
1002,4008,0.7444796562194824,88.83887982426677,143.3591532499995,e52130573cbfb090e8ad0e50413df0dcaabdaeeefb32ad34ae61289edfe4666a
1003,4012,0.3712233901023865,88.92699065734632,143.4472755830502,497974f9c8c7f0449f75884477b14a256e648205e5b7afb90b14817dd20237cf
1004,4016,0.37967532873153687,89.01556249032728,143.5358568750089,9a2184acd4e27ef8f661c90198c09a5848b9cc10711f1b742716b3627d5d11c1
1005,4020,0.3238745331764221,89.10482044832315,143.6251245420426,ee61bc6556721ce6726566c6771787a064bf6ca156663b47ad8e9909d8a79792
1006,4024,0.3575500547885895,89.19762774033006,143.71794300002512,a969024c44417146365125fa7fedab5f75cb25995d2cd737e00fe552bf61b903
1007,4028,0.45929235219955444,89.28737974038813,143.80770508304704,558d67ff70efc562b95ed23ff934a96ce3c5621bb88177db46b316190459e3df
1008,4032,0.36268824338912964,89.37865974043962,143.898995458032,5ab166649ef75e803291c71b91f5b3b4e66a71ed35ffc2451d855a21ca37cb3d
1009,4036,0.31462904810905457,89.467715323437,143.98806037497707,03b883c76a1bf34dcab610ec5c0bf91174754ae889968c0b7088ae246ef7d886
1010,4040,0.8887116312980652,89.55982844834216,144.08018275001086,d1517e18fdc320889a2089c0b5d7a20944ddf403cd85ce26f0e2fd2544c81392
1011,4044,0.3218799829483032,89.65045882342383,144.17082266695797,83fbf84150a437932d8e30154d3351f73a4913eafb82787e084339cb3b85bf34
1012,4048,0.5963699817657471,89.74630232341588,144.26667679206003,141ea0c154d8975ad275f3f9d5097cf72f37f052961ebfba554218bb71c22dde
1013,4052,0.34498167037963867,89.83649832347874,144.35688249999657,42409ce37cc7997925f3dab0bf3ad2963d00ddb453e3685ff3ca489491efcf3a
1014,4056,0.41337719559669495,89.92677648947574,144.44717312499415,43c4261cece95a23178995e44e30e16edf22f02d20f86b4c3c8d4869e9dee206
1015,4060,0.5435308218002319,90.01616365648806,144.53657025005668,6ed623fda57d97326bbe836a74d67b6440e2db24ccad2648d7a34240ad3486b6
1016,4064,0.4333266615867615,90.10694907349534,144.62736362498254,2ae8b0ee817bc78aac9d02cb67b3640e223522916751d0c54b1ce0ccc3e7456a
1017,4068,0.43756505846977234,90.20575657347217,144.72617991699371,baec7c8f1887c1965ffe6897943fdcb9cba3bbbad189d42b0f287a040176861f
1018,4072,0.3536108136177063,90.29710628243629,144.81754108297173,228757e81ad5dae8168bae0fbce5acf8718988c6e660e22ef9061fb33b50d97b
1019,4076,0.35147351026535034,90.38870686641894,144.909154791967,11eafa41aaf6c60aa2c4f59459ee06f0dfaad660c7a0d7da27076a95fa9eb6d9
1020,4080,0.35319656133651733,90.47936965839472,144.9998309579678,a4e16289e4886e5b264d3e5006dea84efc7dc137224abba04d336f01b5ec08cd
1021,4084,0.42755767703056335,90.56758807436563,145.08806199999526,065509b29b0fe84684c56fea81bf0d83fb29a64e80db886aa84127f88392858d
1022,4088,0.29370740056037903,90.6576587833697,145.1781445830129,5084b8bcc170e6ae8e23fc86f978546ac9450e645c001d219a1b423f9262c61d
1023,4092,0.5192546844482422,90.75012915837578,145.27062812505756,c16f1fc4fcb805e403bd156f6c16b106dd78c84145ea19ee34cfabff90ac2919
1024,4096,0.6213740706443787,90.84065865841694,145.36116954195313,3a27f193487ab37eca51279bcbb340660ea8e1fabef0683dbae57d554b39a9e4
