step,examples,loss,train_seconds,elapsed_seconds,sample_index_hash
1,4,0.0647592768073082,0.11527245806064457,0.11527891701553017,8686bf71b8bebcdc470efc4b0e7c13533a83395739c09a5dfb85f7ea405e9c10
2,8,0.07756216078996658,0.21201383310835809,0.21204212494194508,37a9cda764880054a247f23eb442a204fcd43aefdafddbc9982bdcde123d3e8f
3,12,0.06468673050403595,0.31004670809488744,0.31008812494110316,3eee591a25c4366dd5b5d895cfda242c221b645d08e5f51edcb371ebd795e1fd
4,16,0.06490899622440338,0.40819149918388575,0.40824529191013426,6ca243f628481ed14c83ccc09ac6d661ed429960f35b6e9ef090023522b133ce
5,20,0.06482678651809692,0.5080217912327498,0.5080903329653665,5fd3a2fd52bb28455c2ae84bd5ba8da0497d80cfbc77737b62b4291767fd2fb4
6,24,0.06108254939317703,0.6165229572216049,0.6166071669431403,faafb296bbbe61c7791a5f4060e36c1a962c0e4536ed2c9507526dbc474d14ca
7,28,0.06351194530725479,0.7150646653026342,0.7151625829283148,beda1fc8d56fc71ec829e934ba2c8fab5f12a90607244a719cfa3b72a7ff02c7
8,32,0.06143905222415924,0.8136170823127031,0.8137339579407126,2d406a003b5b6c9fa857d91900f5c5d51d68c510d17b1bf2f16867eda6d0455a
9,36,0.05696937441825867,0.9114479152485728,0.9115768329938874,2d848e0a6bab78070e83fca86dcd46f40b1edab58e8e14f3abced4e2a3911186
10,40,0.06432215869426727,1.0097791652660817,1.0099196250084788,c1afac285988d214c72517e6532129a91c60e2bea1cd15b434fcbf9720278508
11,44,0.06266339868307114,1.1147443312220275,1.114897041930817,e8d245ea552588c2ee797d0f24c087903730f25171fcd726e713664cd48fea94
12,48,0.06318496912717819,1.2131630392977968,1.2133269580081105,9d401560a395f8223e0d79e638e754780ec224ab638832029ac841771c386e5b
13,52,0.0774046927690506,1.3136656222632155,1.3138405829668045,99e5baf59c95d7e7034dc59f1e8d0ac7c2335c48124dc200efe9ac3495288c49
14,56,0.06592763215303421,1.4144288311945274,1.4146138329524547,d244fe0fa61137340ae903cfec228c32d92f458a22ca43da42d49e70483842a5
15,60,0.06457502394914627,1.5148690391797572,1.5150657499907538,e55ef865ec02c568fb76ae7e7ea7d90890ef8700062bdcddfc8f6e61cd9c167a
16,64,0.06321514397859573,1.6205029971897602,1.620708707952872,5ad8916430f8c9441694c2d76ca818757a3712741a4f4303a659058c95542435
17,68,0.07533779740333557,1.7199292061850429,1.7201460829237476,0e168be76018ecec6c083d27771177938ccb0156a833c2962d63ac02741191f9
18,72,0.06364673376083374,1.8123519141227007,1.8125811249483377,15bc9221ab002ac4281e3ac2041fc0b24319ba470dd98ca868291a78a4c42f0b
19,76,0.06254792958498001,1.9114798312075436,1.9117223749635741,9d5fb7729072b8158db9009e1a5d7b9e65450c2244243edb9f1b959aa6966204
20,80,0.06775659322738647,2.01037978916429,2.0106339579215273,22c753cd2445ca89eb3b914498e9bc0d422d533fb2ab56386a5a4afff9933d72
21,84,0.07051555067300797,2.1078334561316296,2.1080999579280615,e50982e8db6802c704d7569a3b8f9eb4e3c6c5e72cc496dfb2942c17caf08257
22,88,0.06190875172615051,2.2078423311468214,2.2081209999741986,3b573629e27ba62eca6033dd6500c5b6307c68ff662b9275100a10f1edf602b9
23,92,0.06188717484474182,2.305615622201003,2.305904374923557,2acdfdd29d8b11abdbd11bcb191820483bb8b88d61be1dd308429ed7c31a3a7d
24,96,0.06815993785858154,2.4038525802316144,2.4041512080002576,3a95d15082499e8de3623a0950107bf1c1dc33ddd2411efffb4217ca3e80ebec
25,100,0.07379090040922165,2.501361622242257,2.5016712920041755,c09e256a40333f377b2ae30cd820d4a3a8a4c81ba6e83c37cbe72e9c78f08efd
26,104,0.05247897654771805,2.6019440392265096,2.6022654169937596,75a4e6eae87cdf4e445266e1931edfcb7870cdc160dbbdfbe6df9e269b169d9e
27,108,0.07223735749721527,2.7012803301913664,2.701611500000581,477d1ca138b2af113b1389f49c1644bc74264473164a8967207ff9da92e4e1b8
28,112,0.06928180903196335,2.799970455118455,2.8003185829147696,7ec299005f9abb0ae1620190261461b09a9983bb95675b6a0237c9a8f9ab6906
29,116,0.052546389400959015,2.8985010380856693,2.898860416957177,b0bb66856d021230f03a5da6c807b20a8c6bfd3b85f0a9e129dc9567f037deba
30,120,0.06584451347589493,2.995169121073559,2.995538791990839,db21ad4bdd1554aaa85df22e03135aff6ccf8816dfb7b3b7c9e5c088e05dc3d8
31,124,0.05542668327689171,3.0934623290086165,3.0938411669339985,5295379f80ec022c222ee0d76a1416b771ba7ae513b271ebe4c56b8b5604053b
32,128,0.05056881159543991,3.1965325790224597,3.196923582931049,f605655e1be3e902c90f7276c05ca83f5f5780d55d0dd13cc28a4fb449064259
33,132,0.05974861979484558,3.2940836619818583,3.294486374943517,e6d98ec00503454e837fc68966b1b4944bea00b3d686d05142ac869c202b4c11
34,136,0.06140188127756119,3.3909694949397817,3.3913848749361932,7e306f1027332327499a07a3fc0c802d100bef3d2d671286b9aa5c732a65ab1e
35,140,0.05498333275318146,3.4892299119383097,3.489656874909997,1170f58909bb57a4bfd4105820e1740514cea78e570b1bd71d101fa9f6a6038f
36,144,0.05996011942625046,3.59098457894288,3.591420874930918,8fd1e60f5997218c67461414d8c98427bd5f961cd7724b8332467dc22317f4da
37,148,0.05792141333222389,3.6924671209417284,3.692914832965471,1b2aae47d0464426b5c45657588c2127e6877ba9b0b7f6d3c637518f6f3c8a8d
38,152,0.05144616588950157,3.7902049119584262,3.7906636669067666,e7dcd29018f569e6a3abf4e816ca648dbc114723942bc6398555f8154b32189e
39,156,0.05866294354200363,3.8882622028468177,3.8887303749797866,fc1c7dd97e7ce7414b462681a0faef43de0a58b7b29e7b9cedd5529c727524ac
40,160,0.052295126020908356,3.985910535790026,3.9863877079915255,121527f308f94ad8b2cd3068b0da077e00f665448bd9e44793e0050c0d2bfb88
41,164,0.05915592610836029,4.083134493790567,4.083622541977093,3f881afb30451eba7dde696504fc96c60994481928b195dcbe22e2283444962c
42,168,0.05483550578355789,4.182804243755527,4.183301707962528,a39e10d61cb6a11a932ac5f76b49e6a45dca3a08d7acac29166f2e28285b7641
43,172,0.04978500306606293,4.279621451743878,4.280128916958347,95683f75598593570c289e0336e6143224ac7edc59e5fa9a4a2a7c1e39e60b26
44,176,0.05506100878119469,4.377476243651472,4.377993542002514,1647ce157c61f33a47625573d2396806a481a5c56ee1e62ad1b45ca0ecc4b8fd
45,180,0.05067896097898483,4.4747276596026495,4.4752545829396695,77bb54c4d1740ea8028271c9c5d2dea2237c0ff62c7156adeb24c4d801fa40d1
46,184,0.06281992048025131,4.572030284558423,4.5725664999336,63c0e3000ef537acc4db918769efdaef0e94e921f139e7edf4cc301cd7e1795e
47,188,0.05026684328913689,4.678186868550256,4.6787319999421015,1687921dd1d128b7fa9824dc6b5c8e6419aac00b2a30ebd02d9f663805082f50
48,192,0.04421796277165413,4.775017952546477,4.77557287493255,54db190a8619924c61e1c27f1628cf1b55a3c6ae957c07affb8c60297e054443
49,196,0.04429589584469795,4.872939202585258,4.873505958006717,f4dff69d38493ec4759e1b306592247211651098af042571f03333c441c6679c
50,200,0.035766102373600006,4.9716372025432065,4.972213791916147,e728d853db486b538d1cdb3dc99220c8805fcc42b8174c1f754e10d3961ac3b2
51,204,0.05609842762351036,5.071131202508695,5.071721083018929,ea6b68a50b4f3e9889cb5fbc856aeb07c5380a662f736444e26ad1c984ec202b
52,208,0.0476660430431366,5.174217285471968,5.1748181249713525,a3bdb8e9050b26fd3c1451261aaf942cdcfb29bed790020883232b5324e5b2b7
53,212,0.04967857897281647,5.271901868400164,5.2725164169678465,201c9b20d55ac39300c7f2c53e6ecfb48dcc05191261737a121a261404a965ab
54,216,0.06192006915807724,5.3709517433308065,5.37157787499018,a1de3ed85555235260332413d39c2b0bbdc51c40a85411a81d9bb71cd0199596
55,220,0.0514221116900444,5.470903535257094,5.471542457933538,3b6443ca909dc55e07d07b19396125a3ac534448b630b9dcad1cbbaf810734b8
56,224,0.06205707788467407,5.568681368255056,5.569329916965216,0c697da869ef5b651ec10c7d8c16316a437c9b88627fec0d414ae1227cdbe710
57,228,0.05209798365831375,5.6737686592387035,5.674429666949436,7f1b1527eb50b03b7418cdd7e7bed3b157d5d033f549675a4149ce4c8a212358
58,232,0.04622052609920502,5.77206374227535,5.77273854194209,eb30bc801950bbed5226bd42891468ece6ad3e8c444b0e4048ef1b763d7d00bb
59,236,0.05037467181682587,5.87067149230279,5.871358832926489,0e43db33311cd765512bfdf02f6a4c36bb64233decf0bf572bcb5a74fbc7969c
60,240,0.05350140482187271,5.970049576368183,5.970746999955736,3c2bc53d82eaa76a94917910f92430fc8f1c207723e281f46b08d65bfabcdcd4
61,244,0.06132037565112114,6.068040493293665,6.068750082980841,84b88d5af8447fbd6003dbcdbe70981b53b767a1b49402fc30094b85ee178e8c
62,248,0.04841098561882973,6.176270576193929,6.176992124994285,55f9b38e7ec51f331945ef10db16ae061bdbb32217d986dbecd33dfe609ec062
63,252,0.05189064145088196,6.275012409198098,6.27574366691988,8b3000c110de5dc4db4f01b56271e034b0b9d816ded906e93dd0f3b417ff4a1d
64,256,0.052475959062576294,6.372366325231269,6.373109082924202,e1ee87adca71f125fa88bdf9b3b1e578097bd2650275b7e9fd457e68f2b1a475
65,260,0.05807720497250557,6.470797325135209,6.471550666959956,4c3d10e03088e9bd9ecbab7d8ca730887ec961dfd92cf5c3d06492d3d42654c1
66,264,0.04845449700951576,6.569839617121033,6.570602707914077,8d552308d975f682e2cf5c8f2dcf87a6e4323e4df5ffb63a2e1f4818be06e707
67,268,0.05506308004260063,6.683829284156673,6.684602916939184,99a92004e51993089bbac12f28d402175dccded013f5784fc0234cef4e77ca94
68,272,0.0520620122551918,6.781904117204249,6.78268887498416,064ad4535176018c4ccfa803d146ca9ff642502a28929ef7d89bb346d53c6415
69,276,0.06469066441059113,6.88012095016893,6.880915291956626,09da8bcfe519bf018e541cb5b6e264a1f8adac73be5cd965b4b3452da1519b39
70,280,0.051188357174396515,6.977609075140208,6.978411791962571,9e3c373bf71c8c3a7a0999e3be740a9a84cd9f415cb2dbc1902afd6630fb3a2a
71,284,0.05471443384885788,7.077251325245015,7.078065457986668,bec1c9438281959b1098c1821b8a9e38773ee072912ff6e7857ed4f9d5cd81ef
72,288,0.054858628660440445,7.182924991240725,7.183751625008881,500a2cb5278728d61f3f6e29d052a12bc8ba54d657ee4694dcba87faaa9ae76f
73,292,0.05751115456223488,7.281915449304506,7.282752582919784,7a1d3c765729f6855b8e1f5c67af651d84486cc7b2118a78e930b41e387ed9ce
74,296,0.05849562585353851,7.379938449244946,7.380786249996163,b76819eaf9456c3fd5731576c3a6c5de3d18b7b36a2d2554d7002f18a31061f9
75,300,0.054045338183641434,7.476746908272617,7.477604207932018,a50f6f4433c24b39d85f6c20676db94b124e6c229dddab1b0abf1d1f1d4b1bb1
76,304,0.04530549421906471,7.5754361163126305,7.576304542017169,9eef364465c0dc9a471cf6999493a30dbe52c709d5e7d81f3fc37e889c68191b
77,308,0.045631758868694305,7.676474491367117,7.677356250002049,4c86a7981b1fdbf3ec04a0414ac2090f1faa5cfa07b2c6e0af2efa4bc16a3980
78,312,0.041699934750795364,7.773753991350532,7.774645416997373,ea6c1909024b84d694f7b1939646be739bcb81143d3f4e43ecb1c3150a5e4c46
79,316,0.06072555109858513,7.871870574308559,7.872771707945503,4d75367f26bc91960c8fc12c2c954242a3db505be43bf91a183256b7281fe570
80,320,0.04405080899596214,7.969930866267532,7.970842374954373,0906a630da53ecbcdc103bad6e37246b9416fff70e737ae21a6054ad8da45a5b
81,324,0.04947174713015556,8.068111366359517,8.069033916923217,7ed33d8c91bd6b2e5910724a018d8e689a865555df0e6ebf15460ec20e7e7150
82,328,0.04755575954914093,8.16887432441581,8.169806291931309,1ad429ce55895ee56ae2a60128920d394d1809edd819457ba99a813b98192e3f
83,332,0.05302641540765762,8.266174116404727,8.267117791925557,8467dadf9609bafc16800dc34d072ece1519a11fe08103c402dcf5637186785b
84,336,0.06365534663200378,8.364079866325483,8.365036624949425,d40011ac2c6ce1c8cfc7066e08e3b16a1cd844f09ff03b87841c0a86d8730aa5
85,340,0.05666253715753555,8.461176032316871,8.462144542019814,1430c581d9408f0c65fb086927b6d59e1693dbf24e6cb5fb5358ccb32e3a5b94
86,344,0.05032481625676155,8.558382824296132,8.559360791929066,0fa0b6fa85a482c413d8e98f8928d92f5a2ce99c5066e8777c9ba050458bbd82
87,348,0.05507214739918709,8.66825799131766,8.669247791985981,539953b5a70290744557fcdf171c4ee4353e8e25a8026cc14ef49561e072eabc
88,352,0.059934236109256744,8.766219033277594,8.767223624978215,0b2f9c13701ebf774d0e7c065bce079233b64d0c36912a52b541031ee72097a8
89,356,0.054990317672491074,8.863788658287376,8.864805207937025,4a8f81368d41acceb87f4f797df5af7fcccecad5df9b2cafdcc71357fa149c2b
90,360,0.05754922330379486,8.961195450276136,8.962221749941818,64be2d0ccf33daa67d126c429f201cd60f32ce39fba595c93b2f082534674b79
91,364,0.05051153898239136,9.058654575259425,9.059690875001252,e45c1493025bf87985c3e6b312b3d310a47e2b397b71b4c07c74da2c625377a8
92,368,0.04423932358622551,9.161395908216946,9.162441249936819,053853049247d53fee5494089499a3a90e4a04119e2d3ee6329b0b8c28988687
93,372,0.045855119824409485,9.259823283180594,9.26088037493173,e43f8bf1ed83dfe0daf7923cc63941e6627aadfa42a344af2d6b3146a1f8967a
94,376,0.05317861959338188,9.35864499118179,9.359713957994245,113807df1b9963b1778e37dce6243f12c7383360d9027b103d8f7f8fd9dd84b3
95,380,0.04950660094618797,9.457263407181017,9.458343041944318,20da8a770788d07f38109e3cd57cc296422aad8eb7377e9838acea1fd34e3764
96,384,0.04959320276975632,9.554575199261308,9.555663832928985,91aecf632987942ad3613f78b278528e266b4024a7bd4185f6ff25d76250bf1f
97,388,0.054558396339416504,9.658540449221618,9.659638457931578,4408f9d56cc0510c46d0a19e5cbe0111b5d7b96186f5de382ce66206ce8c115b
98,392,0.048331353813409805,9.754653365234844,9.755762832937762,a598cbd0bb796491b8dfdf0bdaeefe448a1ca2082b7cbd25391213528ee8b7f9
99,396,0.05857353284955025,9.852366532199085,9.853485749918036,8725cf9cca9a7ed406d93f737cb6cc76efa16534c7d7c0202f9716037ef90345
100,400,0.0567285381257534,9.948990157223307,9.950119332992472,3b5ebb8330060d0e29e4300e8d8b691277d265bb7f624b72d564732a98ccbd8f
101,404,0.05635862052440643,10.047664157114923,10.048804082907736,9d656f6473629a3081c9a73ba7516f88804a8a52ad64dfb269906873920e3332
102,408,0.050168268382549286,10.148263865150511,10.149414707906544,005f76ffc5117910ef533c39d62ff9ad0386c9d4b717326835837c1a276eb568
103,412,0.04827190563082695,10.245931365177967,10.24709120800253,3f671443c3ac37a3e241095e74a95fad1a8e8b840a6e69e40dfe08e88cb11e93
104,416,0.05028124526143074,10.343882282148115,10.345051207928918,b7251da993c191e9bdc1b35062c51cb88d54115741ec976b0d014c732f3b83fe
105,420,0.06437578797340393,10.441464032162912,10.442643124959432,88743f8aee55fedbab900d54a9bc38bb1288cde1b623d367eeef2ad6f91fa79d
106,424,0.05627341940999031,10.537924490170553,10.539113666978665,0676170cf0920e716355454f8e3855ebbaac5f587ef344e93c3eacebe511851f
107,428,0.05133144184947014,10.643243282102048,10.64444179192651,4ad1c2224fde8e12d674615c0715c84b870147d71ae682fc0f32b9f827f5d654
108,432,0.05252803489565849,10.742129574064165,10.743339166976511,a7489bd031e20421738bfe111f36bfa25d8ad0029ae089dee0c5621ba22d5ee6
109,436,0.050335586071014404,10.842429324053228,10.843652416951954,54b5593baf4555da99b36a2f8c4591924ed64ea2935efc9e5608c9a4f6236c8a
110,440,0.05453243851661682,10.941368823987432,10.942606957978569,7440ef7aa7341c796196891db0a9bdc3808a63f3b7c08ea5e78d5f0f5045b1f2
111,444,0.0494500957429409,11.041605031932704,11.042856041924097,b4f72e232dbb12b506489e8eae9c0049c8d6de2625e7d096cae13c6f5e1a24e1
112,448,0.05330595001578331,11.14483128185384,11.1460943329148,1fb356ee0df1a8584d4847675587d14168013a0017574d4f3769ee5cf522269f
113,452,0.06283760815858841,11.244336656760424,11.245610749931075,50d8c80ab461559d0db3b75017f341a07f917ec2c9e32ade25661b6821449e59
114,456,0.051521185785532,11.342538406839594,11.343822374939919,92e363f7de2c07db7cacd7a1e80cd53e6afa91b05c4ce047be5a12a627543f2f
115,460,0.05262644961476326,11.441371240885928,11.442664499976672,39be2b0097d129c7fbe36bd4bf371ab4ba23fbeb4c1f23abb9465a86a08cd7af
116,464,0.04968894273042679,11.542921157903038,11.54422458296176,08eefae79ea5e315029ff4ccd53d88d0282c00091004502645f253c637a51d26
117,468,0.05210814252495766,11.660600199946202,11.66191387490835,29e39b14c1bc35c1c4328fb03c193b723e750eb36c2ec19827761660c1a564c1
118,472,0.05981054902076721,11.761259449995123,11.76258516695816,ffccfea259215e022b8a4e3c94ad589e457c7580c3828e98a9656ad1f071b795
119,476,0.051073312759399414,11.8621804920258,11.863517542020418,0e32caf6f0a16a42557b341fd92185e409c7de9b4fe1346f06dfb7e024237ed9
120,480,0.05363546311855316,11.962928700027987,11.964281207998283,efb7e42355ce0b4f8117ebaac248617bde4fbbd374fe188f419598deeaac30f2
121,484,0.05130770429968834,12.064822657965124,12.066184207913466,83b8e74ef70ce2e6411fa984e3a7fd80ed8ad18987a0be27a8a54527dd5c663a
122,488,0.04759650304913521,12.166789200040512,12.168161332956515,6921a61a608e5a78411ee0516a69a83edab3adc044ec5b825f717b6806e03cb6
123,492,0.0536189042031765,12.267110949964263,12.268493082956411,94dddbb8c89ea90eb2d4f730783e723c340f712220b45a4e1788b00a03a02f45
124,496,0.05386233329772949,12.36622028297279,12.367611916968599,cf071828d43f580737a7248ba3c78c484e638629a15f486d1e8678116eb3d758
125,500,0.06482961028814316,12.464785074000247,12.466186332982033,988160e7608dd9f88666d748a9dcff5f2d90ab43f8cacad200e5b0d7e4362e22
126,504,0.04177604243159294,12.564580573933199,12.565992666990496,44b8a16123e5a7631058acc0366d95c2e2b6e5923034290d4ab6914e9918a4c3
127,508,0.05370522662997246,12.674695823923685,12.676119707990438,b10eb4685b03ebdc314c8207f532dc5b9385200f6dc9075afab8a5103d78d5d9
128,512,0.053627628833055496,12.773994823917747,12.775432582944632,54fd79ff40c3b23be73e93cd04310d37f9399b4a480a275e2b581f6e0adb25e7
129,516,0.05143183469772339,12.869814156903885,20.550470083020627,9fe1fec3df23c755a8932256b905915ea1c597135b90bc8a31b060a5752e9410
130,520,0.06769109517335892,12.978029990918003,20.65869983297307,3c99a36c298610ceebadba42e6d1ba2aa515322563b0d0b14ab67cf64cfd5eef
131,524,0.04859805479645729,13.07640886597801,20.757089749909937,dbf5cfe0c6da7dea025af871c6b1d2bdb8c4234e00ede71be78c1c9be586b11e
132,528,0.042092934250831604,13.176233032951131,20.856924499967135,36afd9c62497102cb278e532cc0e6f776c72c825761d45f9a64d3194a3332f2b
133,532,0.05461210012435913,13.275106907938607,20.955809041974135,e59a11c609922d8b28538dda6f5bc58a5c07a5c9b59b9cb90c5b59cf6a212bbe
134,536,0.05239119380712509,13.37305482395459,21.0537673329236,0ec4e207ac91f1c693fbbd9ff6e4b4af135dc381c6364880d98b0cab43f99740
135,540,0.0528455413877964,13.47732161602471,21.158048124983907,cb570454dd4b6ae47a3fe269ff5574705808a04fdb5a6fecf705a05d47757ba8
136,544,0.0481904074549675,13.574092907016166,21.25483120791614,9f7f7bab12a9027277ca7dbc34d7952483e2429205d3cbd6ab1315cea16e39de
137,548,0.05520358309149742,13.675231114961207,21.355980166932568,601d9c310a009331cd90d74ba7f5768288b84e598d6f942da8430995d9b55df8
138,552,0.05099887773394585,13.77533978188876,21.45610199996736,22d629c25054d72066bcef315e49993fe40c993fb5991631abd0465a57a0bf22
139,556,0.058644816279411316,13.881898573949002,21.562672541942447,07aae941f2547c13f05df3eff3fcb0d01c9da8c3040f97d905c85984c0b304c6
140,560,0.05643007159233093,13.991819449001923,21.67260599997826,cf116c17214281e3ce867574e3d90266c5c65f4bffecb538dbd757c2691b4c37
141,564,0.043515145778656006,14.095402949023992,21.77620358299464,eee76829d1fcf2b566962e94522c9ec454894808a51bebbc55f37c1b0f5135ed
142,568,0.04896116256713867,14.195254490943626,21.87606658297591,e88d9465338c7bc8b905a0f040517cc4b0a0ae656ef42c76becc60c7e0c9ee8a
143,572,0.05746368318796158,14.294985031941906,21.97580770798959,39b688365356ebd937a98ddc0d788a8b592760decd39d19b8d017e05d34a2714
144,576,0.04485286772251129,14.394209864898585,22.075042249984108,ccce7d52c33b7a60ffc3d010a0c4012121e6af9f97623672a9de4e9cc6678924
145,580,0.048926468938589096,14.497614281950518,22.17845720797777,ac75d08f2e8921f54dd0146aa3014b06459ee8e26ef48e35e532cf4b6aafa373
146,584,0.05512288957834244,14.598966406891122,22.279823332908563,b2b9f3818179b263bdebbca5804b5ae1888432d0b0b47eb43342feb7057b05a0
147,588,0.04863215982913971,14.698643573909067,22.37951187498402,9bca8d8a0dae4ab9621e3afcea976d0ad0b411408a8f067d5253c87aa6f273d0
148,592,0.054119713604450226,14.797194282873534,22.478074832935818,b134490337378da3a6e6a409229f55914f24ddd6f1438285304fd92ae46cd0fe
149,596,0.05105242878198624,14.89975428278558,22.580649083014578,c0ec28cc2b13bd5c3084c65fd715403354e8bd72443c618105fc5526fe7887af
150,600,0.051559772342443466,15.008115032804199,22.689027542015538,e7320014db0b429c1c7130331dd3a733ef40183a239a7f9f7547d67d038927c2
151,604,0.05624327436089516,15.109758949838579,22.790683749946766,51f67d54fffe9d8c61dd048c209258e83e794c1318365d5b19628dec4c4a78c7
152,608,0.05252400040626526,15.210096949827857,22.89103245793376,fd5c14431f270fac6715b6d7dc219111097a40799146197b379adb772ae6f8fa
153,612,0.04256480559706688,15.31109578278847,22.992043791920878,0b1dace627b93789e06817d32f2e6cbc4833f756b8b4a871557bef208bb85270
154,616,0.04745180159807205,15.411561032757163,23.09252004197333,9ce1858c84c1b85d9c3bc7207fbf1253b6d3a7ce67ec2b09e44866fb0aee22b4
155,620,0.0494229830801487,15.517767449724488,23.198736582999118,6b7b615fa1be3eaae9ba77467de0bccaa2448b1f935a5fc71565e96bc810633f
156,624,0.058929041028022766,15.61718382476829,23.29816662496887,9a5a3f453df6b3b517991dd45b5b0b9253e56974e27275a7c723bf9a69e03159
157,628,0.05451501905918121,15.716836366802454,23.397829124936834,aa17b14fc5052497cbdb4cd68e95d1da04862919cd7494c753e81c84b20cdca2
158,632,0.05271327123045921,15.81603124178946,23.49703279195819,ef5e3dbd3e7a5cfa02abcf6b0da3765806c21356db4ba3dbd03e3e462e5608fd
159,636,0.05714642256498337,15.92170340870507,23.60271524998825,6a531dbc2371355cb85b51db376d0df7565a85b55dabccca11e32afa75bdca2c
160,640,0.05410359054803848,16.02454820065759,23.705573207931593,32babc31a34b74c8f14cf296fb5cbaa2ce972bea04d9cd992c83abbd2eb2c5e1
161,644,0.056091103702783585,16.12869011773728,23.809726499952376,0baa55eec6221ce41b2546ab440a72663e175dbf8d77f92a23e29d2f8ef0d518
162,648,0.0598747618496418,16.227388533763587,23.908433708013035,d322b8035f068cc4c49fc60d95a94f95ff7232ccaad56daf39e879728b966598
163,652,0.05210987478494644,16.326879783766344,24.007936624926515,f92f7e0a77af48f961f8f729ab5908f6e2160674a31d70f6ad983044723cf24d
164,656,0.05169498920440674,16.426327908760868,24.10739495791495,fad540ac99acded8f3679f061b64eb8d80f00a055dd59878944f591e26b744a2
165,660,0.05657835677266121,16.526318408665247,24.207394832978025,b9365aeb17530ad7a142f2a4150c464eb9bd36c70beb02892a136be8b7b38392
166,664,0.049903154373168945,16.626555366674438,24.307643624953926,5a90deaff659e9f4c7358fe94fb4fa549d3b263c412f7e349017801038cba8b2
167,668,0.047946155071258545,16.724964783643372,24.406063374946825,cebafff16b8b6e38b18d6cce05c3200784e02c53d56e8ca33b19f58d62380f4e
168,672,0.055215951055288315,16.82591057557147,24.507020166958682,6da3ab4f803ea7d23a8c3ed060262ac77ce8064793ca9fc05d695a92212e34dc
169,676,0.047285158187150955,16.931714616599493,24.612839457928203,50ccff6bbee59a83bfdc441945ecc2e6deace1ef0e87967ec88516679ab6ce08
170,680,0.047275446355342865,17.031833533546887,24.712972041917965,2354e5666169e82346748715de62ba9ce2483ef8851662022467d898d87f1e1d
171,684,0.05628490447998047,17.12956807552837,24.81071674998384,ab0bae2d2513ecf1c78e4eed5466f5bd4611411270ce610c2661a82168ec65bb
172,688,0.0560697503387928,17.22945957549382,24.910617250017822,4b3c948afd68270fc0f26c2b4b1581b1c7300b9515ecba1de5e81d490ee71272
173,692,0.04655781388282776,17.326512366416864,25.007680124952458,87d0f78aab2b5f28703f2983df5ce2a89884a1b3d234c741a07038f22866ce5b
174,696,0.05222642049193382,17.42742894939147,25.10861037496943,0a815c50754fdacc65cf1c76591d8e5aefe1872b3ab60988f2504dfa86c7ca5f
175,700,0.04639428108930588,17.527602157439105,25.20879808301106,9ac0787de797973dd68d499975415eefb76e7798f4c14f6fc8494d28487ddd37
176,704,0.05352421849966049,17.625716865528375,25.3069245419465,c578fd3652b6aa0dc96f71b63c5c25afc7891f227b3b20ec7eadb066a2334a5e
177,708,0.0506698377430439,17.72316065756604,25.40437866700813,e874f7c07cd3efbcb793f3b0d8be6fa072ada9c8fd2020fa17ac7e2174e14345
178,712,0.04781767725944519,17.821354657644406,25.50258354190737,506ff20da318cc77ac41692b2fb5b1348bd6d1a01a59b19fe186ddd1f921faa6
179,716,0.055840060114860535,17.92509140772745,25.606331249931827,4eead9036fe8b1fb112c1934513634af96ecccf7355862fd3579d6055a61c00c
180,720,0.04774859920144081,18.025573615683243,25.706826124922372,bc4a816b8a44ab004b97c1f1f278c7dc931d664dbf0752647cf82476c23acf6e
181,724,0.04981774091720581,18.12349582463503,25.804759416962042,d6ee8e8e0d01042c75c071278cdfc90498f6d23ef386343f50c37f5d939bf652
182,728,0.05637984350323677,18.222997907665558,25.904271750012413,ab2106fcdd3cdbfcd0ca5437554c23267bbb52fbbb0eb82280ce516579130e36
183,732,0.049107763916254044,18.320312741561793,26.00159704196267,6aaf009a2ddb568bd2115454644d3b456221573e01777a30a1bb7bb9be86c563
184,736,0.05459364503622055,18.416722491499968,26.098018417018466,322e1972e949d7276805843ef2f23bffd1f0ca4f7e1d387404b13e7882cc7714
185,740,0.05502895638346672,18.515955282491632,26.19726212497335,faff3694d8914bbfaa537cd0a79050c9077a1fccc1a2de1c6ebf5687ced62bef
186,744,0.05122800171375275,18.614707407541573,26.296024832990952,e74e05bca577e65391727389f696351530f4b9f1ea9ae48dd84daf1c7c5f098c
187,748,0.05617835000157356,18.713883282616735,26.395212166942656,cabc7d001e5722481d98cd9f10c2cc1d13a33b4d93d086629af90b209d23cd6e
188,752,0.05561034008860588,18.81246174161788,26.493801499949768,d7296ee9d84a683c7e05af1b8a338fe66d583e182bb4e77914963a0d4ddc15c4
189,756,0.04990677535533905,18.916650449624285,26.597999416990206,6471c6243ea890f3b40614aef34ccb8f14bd71a2e2cbe3e39b423b06ddc05280
190,760,0.04838469997048378,19.02087928261608,26.702237624907866,53a169ce25ecea5d77ff958fb2e28b362fabe1a4ff940c0d7e96bb663e447c20
191,764,0.05321236699819565,19.119980865623802,26.801350499968976,c912da367a6ab21b9cfd4a6a6b392f9c0258b4d46009031511aa67b056d82060
192,768,0.0503765344619751,19.218922365573235,26.900303457980044,b4929b67a0e584f54d7587e61a29dd17a13720be73dce2f4edb52506a3df7b51
193,772,0.0711071640253067,19.319075907580554,27.000469082966447,5b80ebb004fe524c26df079e15cc57d6a16cec42904ce504162fbcb2e3f0321b
194,776,0.05104489251971245,19.419194990536198,27.100600707926787,1528bd71bba4c0cc69589be7cb66fba35dc209af3b42710228bfb618b05ec870
195,780,0.04804731905460358,19.526084656477906,27.207502416917123,5ed3450e5e98b1ab4d52d68dabbfe6cef8bd2e2d08f017a9591a56f836d03e0c
196,784,0.055518988519907,19.62479157350026,27.306220249971375,e5b6266c71a2334e6d8125e781dafadc11b49e309927f4fc208597a9a62db7bc
197,788,0.05110461637377739,19.724748948472552,27.406189332948998,bc6f3bf5decea635e57e561123d2098487a4db80866bbbb520587bbee1d23e37
198,792,0.06198558583855629,19.82264636538457,27.50409604201559,45fb88d165617b8ea9ba7a0eeccafd90e04798a4c48ff993bb174247117d8fb7
199,796,0.048559073358774185,19.92777115746867,27.609230874921195,6b2586baec02b70c06119d86f350ae5dc41b5235782053be2d163d80c0e693e2
200,800,0.05392086133360863,20.025990615482442,27.70746183290612,628a770ca4d4f07af2e6da17139c5fe796973c2085565e64335dffec0af6710c
201,804,0.04646074026823044,20.125893657444976,27.807375582982786,0431333795e607fd65261ff61f23db9ddfa4d97c471bc6b0d39b411c41877e73
202,808,0.050188928842544556,20.22498332336545,27.906476499978453,bac89e7e7da21fa7b96b3d299104bd326b3f679f087f8bb2e6dcdc53784653b0
203,812,0.05253320187330246,20.323166157351807,28.00466991693247,4d272023606cd4d62860c642de92e2fc3fb58d231b610a5b0e7067c081b6674e
204,816,0.0507861003279686,20.42268507333938,28.10420304199215,e29c56643ce46d8455609e1be593fdd2bf38a2461a8f6b98beb768d7d3a8ab45
205,820,0.05013932287693024,20.521848573349416,28.203379457932897,eafd89763731231d65df3ea2ac9676086bf3e080168e401d60cc97a583d94403
206,824,0.06345269829034805,20.62076782330405,28.302311457926407,630afa665369923dc7f84c60bcbaaa60d16d28726393eea790d3fefcb306bc23
207,828,0.05211062729358673,20.71972224023193,28.401277374941856,c8af83b464c966c0f57e5078e894ca938b0f88359512a7f55e0cd346a1b75ad5
208,832,0.065924271941185,20.818311782204546,28.499877832946368,95134339d61a91554e5149d9e6890bfa53cdc14b7861bac5409a8f90a9df038c
209,836,0.04589926451444626,20.92030569817871,28.601884291972965,fc9e9e5d6f87bbb2847c7fe23e7ccab1f1b666d05b117f707ecd7a8e4313a6c6
210,840,0.05074435845017433,21.021924823173322,28.70351662498433,d9e5bba953857127c995426115ff2407cbf6d3d22bbc2eeef2080144f71bb2c5
211,844,0.05369695648550987,21.119645031169057,28.801247583003715,1356c099d4a8cc5c9d762fe7dfc6b02c63e6281bdd1cba9ca954f5bf50c6ac4d
212,848,0.04969476908445358,21.21996523917187,28.901579582947306,7789b234ba1f76fc9058e24a01209273945b3bdcdc536d01f6bf66b8f7ccc1f4
213,852,0.05440928786993027,21.319160948158242,29.000786582939327,fef2de12f05ce103428984d75d415b4a00c222db39acb5fab93cef2c5954f26c
214,856,0.05620182678103447,21.418026740080677,29.099661167012528,d0d2b24b1c41c0151a2ea849c3de17c5c4e7075ad0898ddf3d4d0989eec2e319
215,860,0.050029922276735306,21.52100299007725,29.202646582969464,0d33b3cd88191a94e40cd4e25b7354ac97a8ffde3a1a973ff3944f3644094e5a
216,864,0.058115940541028976,21.619344864971936,29.301000082981773,cf42dac31bb34abff52191a05f1849df494f709604158a9431f9bdb5e209a01d
217,868,0.04677131399512291,21.717491989955306,29.399159582913853,64d214178dff0f826cd540c1971c78ca6e6ea76364587c78d4313b13876595e8
218,872,0.045763202011585236,21.81603469804395,29.49771158292424,999b850316edcdfa2bb384c930950d9ca22367ff8219c5dccd5bc9f99ffcf8e3
219,876,0.05066913366317749,21.917267865035683,29.598954666987993,6ca1bee8de3805bb1816a9762a41a74ca9c3c56dff0cd28408563cf170d6d2fc
220,880,0.05766027048230171,22.01998182304669,29.70168058294803,88c8c4bc5d9b30e21efccc750360a763e6688bd6310f56cbc812aa0a7243cc2b
221,884,0.05073012039065361,22.117579990066588,29.799293000018224,05c30d3f19607368707072d3c9755348c226b96137d5c9362b2486bbe33c50ea
222,888,0.043604400008916855,22.214743406046182,29.896468499908224,5dbe02aee21c92321ce754bcfd83566f1cdd7d3124e2eec515ba45329eb35f5a
223,892,0.051407456398010254,22.31320857303217,29.994945458020084,30d8fee364042494332b3b984238c3c7ed90308c06acb4579ce268c0edb11a6f
224,896,0.050796158611774445,22.411790990037844,30.093537124921568,03bda5765755f017b151562b520dca7000353980c7842971786948cbb2969270
225,900,0.056500356644392014,22.51602024002932,30.197775917011313,7b8d9fbe25c83e5ca2a5450a42f6e46cbab627cafd8ee5beebf0f23523300508
226,904,0.05717704817652702,22.615247990121134,30.297014874988236,109e305074d8de2381c4490ec8b42bd468b722234fa1465f64c4f81c85e70b2a
227,908,0.05136442184448242,22.713875823072158,30.39565387496259,d27dddc82f79bcac5f3b2a7b341115b96eef7baf676bda0af9392de8bf63c0f1
228,912,0.055174797773361206,22.81425824004691,30.496045666979626,cb5ded7b550e670c858230d10ce3cc2973c145bb507ba027d748f1582d571d1a
229,916,0.06668557971715927,22.91824169899337,30.600040457909927,eac7165ff665ac3e7c0c71a2ed86bca8f948c205442e6638e6f66cb1c461a836
230,920,0.048904649913311005,23.020324365934357,30.702133832965046,feca5fa40ce387ef9244b450d28b46105a0b9f6317be706f7a759fb4bed0f715
231,924,0.057498157024383545,23.120163406943902,30.801983291981742,c201e91dd424368b06b989675f425bb40de19dedd70cdc8702da3b561668a19d
232,928,0.05335081368684769,23.219632197986357,30.901462332927622,2ee16919a2361d969f2b79373036658cb701ddbcc312fb1d9a8c2649d09f3b9d
233,932,0.05408712476491928,23.31848049000837,31.00032391701825,293729436b84e03ebe47cc6f456df6756bf15e842b4963a7f9ad0ae030d4eb31
234,936,0.04042899236083031,23.416995114996098,31.098850499955006,d01d023bd0a12f7828fd5da492c92fa627f6ffd55cdf1628ca6b5ee42595e2d5
235,940,0.05502583086490631,23.522847906919196,31.204714374965988,f650da4f7bd747893e6e6e0e2640537e5259e69d6df5df0b30e23ec18922d861
236,944,0.06079968810081482,23.620942448847927,31.30282083293423,82758606ff9bd16e8cea0e078f34653f6631d2ae88ff6917b1c2c0177b6d1068
237,948,0.05831377953290939,23.720756032853387,31.402647082926705,2e08b257d53ac4057b190ebaa262d5188b1c9d0e9cd64622b52f04ca0b3aad60
238,952,0.05067993327975273,23.823971323901787,31.505873666959815,c8f10e5604e5d1c05859a3cb2aed015ce32f6451af60c4ae3f34e16fdfd4a619
239,956,0.04916327819228172,23.927372073871084,31.609289957908913,8f82f2f8608bdd0ad9628c8495e555aa5fdae4ea0313de918d4178dda18aa6b2
240,960,0.05889919400215149,24.02697536488995,31.708907874999568,9cb1e362e313ed81815c72539c9837dbe3d3dfa2ebca4ec70b4d6fd0041e5fd9
241,964,0.046771783381700516,24.1265695738839,31.8085147079546,57d7e55ce6e92cf6cd66b6136837c1eb2e039e93ffac5a62e854d8ee407ee737
242,968,0.04478345438838005,24.227070114924572,31.90902429202106,23f553570188f26a32d66ad27ff147f3d2ef10ca6594938f44b7630e191ae5b2
243,972,0.052484482526779175,24.329705447889864,32.011669958010316,8aec8e070144244eb5fd6dfae2ffa229f2a32ff42866cffc703a6737c90f0449
244,976,0.06412801891565323,24.433923072880134,32.11590012500528,aed96cad3d6a7a42521f3f82a521404f4e0fcaf82c52465daf8154aa4971b4b9
245,980,0.046956393867731094,24.533016030909494,32.21500424994156,5448dfa73cc1adfc9b2a510fdbd77ff7af7c08ea7c2083b9024b2bc437cc35fe
246,984,0.052984725683927536,24.63223623984959,32.31423549994361,a497b481f7f7e8e7f873d4a6d6bf8150ea28585695c63a24335d8389bcd2918e
247,988,0.06331678479909897,24.730528322863393,32.41253912495449,f98328ce61ec3df0298198ee75bb5cfcd14e706754634cb5c93d30c3e2a6cd95
248,992,0.044168490916490555,24.827823863946833,32.509846583008766,7a0c00bc011136f2857b7089d0d0f8ad71caef23dcf6520864facbae1b6d6817
249,996,0.050814684480428696,24.934631071984768,32.616663957946,fba1c1d2ad3862d4fbbc9d534b92272ef702def8c53c1f08f00b0265c9b413d0
250,1000,0.053747087717056274,25.03581615490839,32.7178624169901,1f26d84b2ad154d5e4b8191034c0a0a2b039de61224443917abc1af14ba9ddaf
251,1004,0.04431306570768356,25.135103321867064,32.81716237496585,bbfa08139567abf9c803f6fa9de7717473bcf8148f1cdc349965e8c4512894c0
252,1008,0.053257208317518234,25.235251363832504,32.91732404194772,a8b72260c79f9a4c4c6a4bb05f7435ddd19b21b20b0be95f5f73034c666b39ea
253,1012,0.047670554369688034,25.334388113813475,33.01647120795678,632fa02913fcc86f42a1d371a08751a09e583d85345c9525136b2afe992efb24
254,1016,0.0485268272459507,25.436611363780685,33.11870420794003,3dd17a2418381637fe73369ec1a27ebeb8b49df7f535fdc92b8c862b3ae70fca
255,1020,0.06065177544951439,25.536174197797664,33.21827729197685,5416312f208fffc24a441edd94ceee3e78c7a0d0916465596c4fd45a79271b66
256,1024,0.046519000083208084,25.636650780797936,33.31876429193653,1ba33a61e94c72bbbd885f28e5d247d081d90c2f027415a4ea74d1c248126e43
257,1028,0.058072615414857864,25.730622197734192,41.86001991701778,a0e9de287557b455b370450efb58c97b71728c6cd79d897b9c6f01897ca2492b
258,1032,0.05820457264780998,25.82943486480508,41.95884550001938,f34c5eace6d184ca336a7189e67b3ecddb3dd782406c907be849817acdeab64b
259,1036,0.04548260197043419,25.928996364818886,42.058419374981895,49a5b875622ed674ff7eb7bcae347c64ccba40e1d249f4b5a83e6f1e672efe0b
260,1040,0.057043466717004776,26.026618698844686,42.156052457983606,f9023c4f739b77f7d30db4c93a84b06d0f45044d2c4ef4ed842dc7cefe095af5
261,1044,0.056700434535741806,26.125363656901754,42.25480587501079,944c33ec0d15c46c8301bc20b8df9537e955ae2db2303deceb2cde3dfbd57898
262,1048,0.03939523920416832,26.22366703185253,42.3531177919358,910e8555a92d5f5be6626925fd867f7db65fc56551effd4213eb517e690f1147
263,1052,0.05356081202626228,26.32305782288313,42.45251787500456,3edb613a83b6ea7af41cc309e7c44e7daddb7b8484eb900c635b8dbb25a0f4d0
264,1056,0.047649700194597244,26.421929988777265,42.55139854201116,78f279270914dbfea506a652dc4d653cba001aef66a091de6f4ae197cf0bebc4
265,1060,0.04340313374996185,26.53519453073386,42.664672749931924,be2eda2cc59c38f2672b8aba10155ad1ba7e871a2a745f43e712ad976aab2301
266,1064,0.06620235741138458,26.633512030821294,42.7630034169415,2364cad7d46e55f563f61e45f60d0d976025c307a5d7a292d3f729b0a7b31893
267,1068,0.04350966587662697,26.73220403084997,42.861705916933715,70ade6d82e08252a985b4933d25a8f51f30375f6043d252b27882c248ad7a2f6
268,1072,0.04389648139476776,26.830961405765265,42.9604734579334,bcfea5db0378bf07c357a7db45f8ef2974164a4c234bd7cbb85c1682493ece2d
269,1076,0.0528971329331398,26.92958619678393,43.05910979199689,982f8076b575f9cc11764bc1c1ef28eff07340e9521771e51014e5be1c8ca628
270,1080,0.04432305693626404,27.027756780851632,43.1573010829743,0357636e9939972787b550914752d0ab39726b13020634b5bdbb676d2785b29f
271,1084,0.0500909648835659,27.1266338218702,43.25619004201144,f192ccaebe713bd418841b251c0720be2e2ffedbd19e533a5711606f51e71fcb
272,1088,0.04502235725522041,27.226293279789388,43.35585937497672,603eb6339b0ae8411ffdc3daa4397f4df94a5e427b4e6cec9b0590b157dc9e7f
273,1092,0.060662154108285904,27.325587487779558,43.45516579190735,1234913df8330693f22c9c1ddb12ce2a091d16646f11880c84acd0463b7a8213
274,1096,0.05584629997611046,27.425015279790387,43.55460354196839,618e126102f9b76edb89c98eda654a5d467f15d579819677356d6180067891b9
275,1100,0.05013132467865944,27.53898761270102,43.66858637495898,49a7d7e88b767bc76490131e9daf7163fbfe1b2313e1722ed10cda72364208b6
276,1104,0.05071282014250755,27.636781154666096,43.76639154192526,dfff23d243389d38df4fe3aaa7d6b074f50cf43a4d02ec9853b3f49cd1534a0b
277,1108,0.045552533119916916,27.750730237690732,43.88035187497735,cebff650005e90e9eccb6e740d6be62b76361ac4a52f3b3395335841b2800f1b
278,1112,0.05462238937616348,27.86461169575341,43.994246832909994,979c5ae859adfbea4fd9fdc22e893acc8b0b4595e5fac3c02b501ff07c42499f
279,1116,0.04706592485308647,27.966519695706666,44.096168000018224,042f514e60a73e6b62543ce5264ebda8a1419ac5509d8b09ca3b3dc85a9c3982
280,1120,0.0483781062066555,28.06936827872414,44.19902691699099,111ff81517899fcfd800d6e9506b09df83844f247dde9ef12e03e066785022b8
281,1124,0.04341953247785568,28.16793194564525,44.29759962495882,b7b8a8a9a74e4a465b313d1f623f4fc2f3548085fbf080f40470d7a512749ec2
282,1128,0.059581488370895386,28.2674724876415,44.397149374941364,1aaa03cc8886db9699f67a6f814fe5e5c93535d673357a747380998242ec8882
283,1132,0.04688195884227753,28.366999529651366,44.49668791692238,41d38e6182865228c82d7294674257184a8d2c0f3e3c8933cda183555ab2e2c4
284,1136,0.06212254613637924,28.47081752959639,44.60051575000398,d5fb02c04caae231f2c36cad7967da4b790787224fe64ae2eb4c3bb3f192129d
285,1140,0.0515667088329792,28.57148132158909,44.701191333006136,6a836dd731fefbbb967650b5730f8740dea734716a31740b7b371799e9e49631
286,1144,0.04852607101202011,28.671525779529475,44.80124566692393,a094b400ea303b2007679064f52740e8eb7b38cc26ae6b2832e9d2bdcc456073
287,1148,0.04698028042912483,28.770713446545415,44.90044399991166,da152301f9c3bf5b4403cd9d278690156cb3ee58c74a5ee150cb3abd28b1e90a
288,1152,0.06294285506010056,28.870339987566695,45.000081832986325,b14240b1fc427c92d47dd3977bc6461a0aa188a53ad3b33c3354d499f8aef90e
289,1156,0.05140424147248268,28.97247573756613,45.10222945793066,39caac721b6aa44a12e1ef7ddf3d7359387df03a36cf1c4ef563f7d6ff790cac
290,1160,0.03943485766649246,29.07585090456996,45.20561308297329,ca382fd9d970f16f7ff7d19bdb3fedd908f9ae85e520bd3f48f7cc669132b0a3
291,1164,0.05605868250131607,29.17513840459287,45.30491054197773,8c7f95c4e93e35d1e8d43233f335abcd355a92a31b4eea599948768db984e9a2
292,1168,0.0525602288544178,29.272491320502013,45.402272499981336,d317e8d0476c08d5c2bba00faac14f4864ec16b2637672711740c09cc90188ad
293,1172,0.0554562471807003,29.371691820560955,45.501481832936406,69dd935b71c27fa768eb1f84ba21fb24329772a13b7ef330b6f5a3597aa01a79
294,1176,0.0657128170132637,29.475311445537955,45.60511141701136,3e25ad55a24125636bc54f63ee5eae507ade121bc70cf1984ffd2a83cb8cb331
295,1180,0.05828407406806946,29.57486494560726,45.70467604196165,7b2d4882652e77c0f5f57a4df11965b9a741766256b721f5ad2268349f824712
296,1184,0.05193459615111351,29.67381048668176,45.80363283294719,7efbfdb773c1bd427b4f67bb4b70b5f5564679bbf5d9a95473c00adefd647590
297,1188,0.05993438512086868,29.774999320623465,45.90483408293221,ced2ddaadb902755b5d2cdbfbe5b74a2b45eb2bbe84ed1e21611340616fb3e67
298,1192,0.05588958412408829,29.91207727859728,46.04192741692532,454570026725b32d6492f65d2022901b11bac123b33322e893eb22ebe97b2212
299,1196,0.0533781535923481,30.030173069564626,46.16009820799809,04de7946700a5dced75897aec2da171bc8fc53552b9e0d0e0fd487a5f0a2d585
300,1200,0.05406792089343071,30.13597365352325,46.265913749928586,f85a431103e4dd3d92f4cafa6be9fc2eb9d7843d83ebe39efb54fe5a03f06da5
301,1204,0.05920267477631569,30.24595336150378,46.3759067079518,37487499e3f411606518c822e487ea39c5966ed1a288497b76be1671594dcb84
302,1208,0.05674786493182182,30.35161186149344,46.48157750000246,55000598a69ae4f2e8d3613089a1cf1544623afc2d4173f1370ab4fe740a0eb1
303,1212,0.04619821906089783,30.479090070468374,46.60906945797615,0e55f54c4153e7d6d6c157d55319a830e733716d3d638719e2ec2aa31b53a7f7
304,1216,0.04940301179885864,30.576676611439325,46.706669249921106,6fd8122d89de99ff3d08bee73ef36504942f59a39509ea07f80995ec10e9ca2e
305,1220,0.04673706740140915,30.677575820474885,46.80758166697342,7a80ebe0da34c89b32d154bc534f5c829ed4b5baf656628bf376e5564aa4271c
306,1224,0.05854398384690285,30.778625529492274,46.908644416951574,0e34e8896abc042291b685273adb37a09b72ffe2748028370c85e674046335a5
307,1228,0.053024567663669586,30.878101363545284,47.00813324993942,1d7731bd6635f7468ba24898af4482367da37e6add148548a1f9a310557127d0
308,1232,0.042622607201337814,30.98002073855605,47.110065207933076,5846aedabad866c454149751f632445329aff2b3d675cde642f6a1058e03e90c
309,1236,0.05275962874293327,31.08141407254152,47.21147229196504,1bf4da8c18ec0173b7d349c2cd259844c78361fa665d2492f8e1d53747473a22
310,1240,0.051135122776031494,31.18256307253614,47.31263533292804,32a10bef489e17383c08bc22211aaa0cbb128a798dcfbfa4b228dacfc031ca4c
311,1244,0.06159632280468941,31.28383944754023,47.41392583295237,5ab917cdf9c7cc9e4171fbf266dee1463cc6cf24c29ac433d6a53ee7868d6bda
312,1248,0.05352659150958061,31.385239197523333,47.51533883297816,520cb443b89720e5bc6fffb5a3ec20c9a3722b2168ddc02c0dce2f175ca10c8c
313,1252,0.04827065393328667,31.492242489475757,47.62235445796978,5a75a2d1223f9c1dbf6e0751e7e33c60b3753024e5b6b693d9a37334fcc5b660
314,1256,0.06263238936662674,31.59226469846908,47.72238783293869,e5f9e1f1d90aeb6d39850cc21b916cf77cf22789363731092f02a5e8f6e59149
315,1260,0.04757562652230263,31.69336411554832,47.823499666992575,6cb10dfe061aa68602cabb7e90df75673b7cf0090efdaaedce17cd39d8702163
316,1264,0.05371374264359474,31.794041865505278,47.92418683297001,480f9c816f3fca2e484ae2e9c951d7868bcc62525dd29d19eae5be31b772677d
317,1268,0.0665038600564003,31.89555311552249,48.02570758294314,7faf6f7f10a6f31badf0d222cc7b5881f86d4fe4285f77127c23db3d16f145de
318,1272,0.0506877675652504,31.999577698414214,48.12974074995145,60862c6349ebf05c41c0d16e86ccfbbd6c92bc014cba954a6dfd2e725b80c7c5
319,1276,0.06027509644627571,32.10326961544342,48.233442166936584,a4af844419a321de90c210ebe4c480b662e929f02fd209f6f29c00dbfda6221b
320,1280,0.05174718052148819,32.20442053244915,48.33460391697008,9f3d566959cd0257d12d43baf4d28f352aacb7c2997605ed4a110e662f3f58bd
321,1284,0.04564391449093819,32.306426240480505,48.43662329192739,706c5fcb4f28d063c52d8a805946ebda504108de82b4453e60ab15b2957d0093
322,1288,0.057870052754879,32.40645119850524,48.53665954200551,0579a55c6246bc93abe0b3d118833ec64e5880fe41f04f9dcebfff8d5b676d80
323,1292,0.05299436300992966,32.51402278151363,48.64424220798537,6b9398675b3ccc6c10f3afe27383fa709cfd80373cac1f1df5b27e6f8ab9e077
324,1296,0.05741674453020096,32.615007239510305,48.74523908295669,19ddbf344089fca326dd7caf69c28dbdb5a2753e9790556dadd480ebb86a86bf
325,1300,0.04582288861274719,32.713997239479795,48.84423945797607,c92548e33bd615f10eb9c6ba691b202a8fba9da6d9f32aa9152b8d2aedcbc5ea
326,1304,0.0430101715028286,32.81344523944426,48.94369862496387,447b5bce29c111441544f243dbca7af8c2ff9b1eea77028b20225c98e80fd079
327,1308,0.06173986569046974,32.91476453153882,49.04502987500746,27f230a62be9c9be80af32cac164f7b2c663874b4a7a7415b220381bc570a024
328,1312,0.04845218360424042,33.016373448539525,49.14665137499105,e3cee30275bf2826ad10437057bf336333c0189dff4bab608fb4e11d197bb648
329,1316,0.05089276283979416,33.11630765662994,49.24659720796626,fa22bfac4b795bdce565d4c9a96eb5759814f4471ed9c161bd250da7d914f6ee
330,1320,0.05849701166152954,33.21484694862738,49.34514779201709,267cfa03bdca685e866f0a2c2077198c506c3e7af2dfa42e7a1ee011ff154ac4
331,1324,0.04873031750321388,33.31506803166121,49.44537908292841,0c0ca67e49dd80c1c9ef1cc44225359d84a600f82ad0c1ce352596e5968abd96
332,1328,0.062296248972415924,33.41421007364988,49.544530499959365,86322d9f7c63323bd86317e19d6bd397883b39370ddb16228e22facf587504c6
333,1332,0.05791320651769638,33.52323244861327,49.6535622079391,c1ff8a9918af7c9047326100b42d0eb04fa160b0ff62f77f7945f4b4c8fec8ac
334,1336,0.047794003039598465,33.62309494859073,49.7534342079889,1e35db1aca1f517fb37fa24eee498da592757b818544add169b27fa8b588e5c8
335,1340,0.06770959496498108,33.722573031671345,49.85292158299126,cfea6bceb6bee75fd56f8627ccfb46f49a261fd237860aa917008d8f1f1429b4
336,1344,0.05879418924450874,33.82105369877536,49.95141374995001,1f43db19160244e7857f7d874682b8cdda171dbc8b9f545cda199319755e731c
337,1348,0.05554414168000221,33.91859561577439,50.04896512499545,cbd31371f04a82c0e628aedff27f563f3b1dfe4196d3c2f2e1b7d1f111aa3387
338,1352,0.055023469030857086,34.0179053657921,50.14828566694632,bcd8f6500fdd449f80f1b3d851b2db87372e0368d7fa35b447e66128482e5748
339,1356,0.05575497820973396,34.11628090776503,50.24667037499603,1c2842f535fd09a654a7476ff186baad0762e7c6f3fe062157f2bae917dfa742
340,1360,0.051325783133506775,34.216814865823835,50.34721425001044,3459cc286d2cb3d9b3b29dbc882651722c6398e31543e87cca118081ba8923f0
341,1364,0.055626846849918365,34.31651115778368,50.44692145800218,702b2b325cc9629882ad39939cf0b6d9e032481dc12d5bbcd60dd6c3ef137f4c
342,1368,0.06439036130905151,34.414335949812084,50.54475779191125,4877d25df2c4a18fa6a9d62d5188c335457593d82e78a5a848bc45578a0ba29e
343,1372,0.06699980050325394,34.52628503390588,50.656717041973025,57dbbac0dd139169fa1dbb79e23c0969e2914e557f6561315613b2f622c67b56
344,1376,0.04651177302002907,34.62709461688064,50.7575399170164,f07cd8095e8f0431379afb924c5c3bec43afd1eb3f1c5eaa4af0751dbeec7bc1
345,1380,0.05699560046195984,34.72657128388528,50.85702649992891,a03a15a064742a837c1a78bca07743a309f161623c93422e06372e12e24dc019
346,1384,0.046457599848508835,34.82650319987442,50.9569686249597,82274af856c502785e7d791377ceb92fc6832a3c7cdc19c83afd852cf0553e50
347,1388,0.06220449134707451,34.92511940782424,51.05559916701168,a61f370814443352edcffb95ce518a2da17df1df5929cbc13e392db6e943eb22
348,1392,0.044522326439619064,35.03152544982731,51.16201570793055,32469e958e14eae7fc6a0e820e274df5cf9d488652d24e3f863fbb84b5200aaf
349,1396,0.05311892181634903,35.13098949182313,51.261493249912746,111c79b92e5bff4cc18658c07078aa51c21d7b4e5cea09d19adeac45a3d4eb52
350,1400,0.04252273961901665,35.23230182589032,51.36281908291858,31f0f3a9e5cbbae31ae94fd0e5c67f63dcafc4267647381de4c2b96bb707f9f7
351,1404,0.05583270266652107,35.33245132595766,51.46297933300957,3a9811ffd077e8332d8fbac7f54a5b4c34e7230e4a6854cf3a22f3fda858f99c
352,1408,0.06355449557304382,35.43151170096826,51.56205266690813,910f10083c262bf386e76104548486bf40befb11cbaa5483dffa4af4b5a8158e
353,1412,0.05447585508227348,35.53865107591264,51.66920320794452,670c0fa645789ffff8b2199c794c730dd6f92d80b8e3a3777c6d7ab36bd8d483
354,1416,0.0534774586558342,35.638476283987984,51.769040041952394,acce950402644c5a4581a96674767396e2a32a8cdce0021097e0952d40661746
355,1420,0.06354548037052155,35.7371248670388,51.867698332993314,e1bfdd8428806a302efaab8c1ada95641f4a62090e7ae419b3dc8ccf47ccb01d
356,1424,0.06602402776479721,35.83596465806477,51.966550083016045,822f122e64289ee64fb2e0f1c3bced6d1b69625da53a57420c600328f0d05465
357,1428,0.0547001026570797,35.93617665802594,52.0667714580195,dedb7a6d21c3c19ef5cd8753e89b7f00b4ab208c32ee1505feaeb7083d080419
358,1432,0.049659114331007004,36.04198465810623,52.17258866701741,f8513e41b37840903505a02f73ac32d6baa886083bf0c1fa7ac4a5aa6b297764
359,1436,0.05883371829986572,36.14220411714632,52.272820624988526,379ae35c357324e8acd91ba6a3dd25b00db23d30e03b8a5a5dfb26d2959cb3d0
360,1440,0.04997527599334717,36.24145065806806,52.37207837495953,c975dff54a203e3014faa9f0e49cda31becfd36279d0eade771c90f44e6c5887
361,1444,0.052211251109838486,36.340896949055605,52.47153674997389,d9532bfe0ec2a4c25fd12e60f609cd929329c47ad50c3a0e86c0855cb56ee1f4
362,1448,0.05157485976815224,36.44133715797216,52.5719904579455,f7848e7cdf70f01329e7132635265b6a43270ca62ad7c9f224f226e13f112cbf
363,1452,0.047287311404943466,36.54762824100908,52.678295957972296,c5c7e9ca8440132c179f489412910e5f0bd3df72c594bdf8467425c508fa183c
364,1456,0.04412327706813812,36.64839253295213,52.7790714999428,35d62f50951754f4897b9c9d91193b0e2209aa1844b756fb85d4b3aa1ab220e7
365,1460,0.04151313006877899,36.749300782918,52.87999183300417,fac693e70cf43b92639f459e7e8597ab3912fa5951138168412b0c3dc2084ddb
366,1464,0.05286019295454025,36.84860669984482,52.97930883301888,e551d78f6c1801ab83cc2a01e28c5908a864a377438fd226ff10ef3722866176
367,1468,0.05817129835486412,36.949883449822664,53.08059741696343,d135bd82ba84923ef71c18c9419be0c7286045d68be335d5ff01a1b5ce8e84c3
368,1472,0.053050696849823,37.053572116885334,53.184297457919456,dc9e2543ef327ce4148135f525af40182acb5cd2193ef2594a66f3bafeefe5d3
369,1476,0.06142684444785118,37.15339561691508,53.28413099993486,90af0faa9675b57ed702ea4f0a99b0a121dcb02dc17ddad5f3fd2feacf4b19e4
370,1480,0.0592794269323349,37.25461932492908,53.38536458299495,d507c3161a67a03198edf99e3db54f9d5876061cf90b963b297334bbb8041428
371,1484,0.051435861736536026,37.35497836698778,53.48574083298445,e9005074c79cdcbee892a856c9b5508abb7f26953dfb69311a67bf5a1ec8ba0c
372,1488,0.06245400011539459,37.45861886697821,53.589395832968876,aab20a8aad470d6ac50e3fd9a41f2420a2047e317a1b8de6085e5e9bee585dd1
373,1492,0.05727196857333183,37.56343257590197,53.69422424992081,b352fd6b455b49b9f481149f477720c9c428972ddc4bbd5722fd5e047f89798d
374,1496,0.05352301895618439,37.66332778497599,53.79413291695528,08f056893814a28f2e1b7463ee96b5e161421b31a4b5c2c1f3693fe20d824df6
375,1500,0.0449414998292923,37.76324511796702,53.89406008296646,24289256059c64243f93470a5b7b0f368098470ccf245bf6f587c83733076185
376,1504,0.0512775182723999,37.862653867923655,53.99348029191606,21d8a5d4e0cb1bf1f88ad5d4ab62c3daa0aba5dc84f147985792b5617b55373f
377,1508,0.049844153225421906,37.96246265992522,54.09330079192296,3807c26af09753e5d1e8cb322bfb0fbbde6411490167ca6b0bebb588967b8ca7
378,1512,0.05088461935520172,38.07042649295181,54.20127829199191,b9afe2bf608c23f7eb23f92beca54718cfb41b110830af5c2a05efb84730bf58
379,1516,0.05498648062348366,38.17185157700442,54.30271487496793,6ac748a6e887bf540b694eed7107a6d48c5dccd3549128b1890316a2ead1c82d
380,1520,0.04938717186450958,38.27154361899011,54.40241891692858,13fbb057fa6ae1a8221d56d414901a766c140f3bc3df16b1906ef160c5085e4b
381,1524,0.05108388513326645,38.37077149399556,54.501659916946664,df28fdf8528a2f21d5dbee2fe32a97fda88861a6497b02b6e7eec119e057e8a2
382,1528,0.04470451548695564,38.47626270202454,54.60716387501452,c0f667b6b6151079c160003453e4d1bd902660d377340dd2d58d4c211b0d1640
383,1532,0.051859933882951736,38.57767195207998,54.70858433295507,0d268468f16dac40e5c9010d20dc05b756cbd21dd3b477f85be50fa35847517d
384,1536,0.05265377089381218,38.678030535113066,54.80895333294757,0d315436e907cc4ed361dae94c0fac77498cf51894d8b81b90ed7fbe41e0bcbd
385,1540,0.05396905913949013,38.77818503510207,54.90911733300891,61ae9736df22c238d24b16d6729a53014cd7b2bcb00999937ab4a2fd53959c78
386,1544,0.05659063532948494,38.87671561911702,55.007658582995646,00ccfb88595fa3c607f7b2e1a6f146a734d3aad38b93fc0b48c1fcafcae76512
387,1548,0.05421635881066322,38.97962249419652,55.110578666906804,9c45049d806d98037868e1136e6d413d95aa02af9db24984217530ccbd5e0dce
388,1552,0.05415411666035652,39.07265499420464,55.203623833018355,bff92dca94958d197c562308ec0cba0d188e8f666bfbd51552f72a465fc9a4a7
389,1556,0.05031752586364746,39.17120899411384,55.30219295795541,1f853382d0ac288e5213c74f3c37f56e64aafadbd1bd5ac60d0bf545623b39c4
390,1560,0.05742539092898369,39.271726119099185,55.40272133296821,641db756d0f13a21cd663dca1ce6bd29779e270552043d091ff489497cbaef53
391,1564,0.04656459018588066,39.37224528507795,55.50325612490997,4ddb8ce2f4d3574f0a5064937a460de2e27bd4a65bf2550ee6abfe98f99a1f44
392,1568,0.04545758292078972,39.47755320207216,55.60857783292886,d735d2ed7e877122646625eb2db840747ca066b08669134f01f8181415d0041e
393,1572,0.05534275621175766,39.57717711816076,55.70821341697592,6c21237c0835afc0102c3de7d7a70d1c5d9f2ecc7ae5fff19ef8176bee8dbac6
394,1576,0.05650697648525238,39.67719241022132,55.80823987501208,c09f3f525d936a2f84093da9d9417179dbf21769524717d3e22b6bca5dd53be7
395,1580,0.058087386190891266,39.7782015762059,55.90925979195163,67b02a42027fd0d520b5f027c7782842f1563d0e2f9986bc636d3f7f7a80df98
396,1584,0.05352364853024483,39.87865032616537,56.00972066691611,d8b715e2eb460bd4366c9425a4d141d9c730c654cdf28b420811803765430351
397,1588,0.05268003046512604,39.99170132621657,56.12278445798438,e8ac2182f72b9844c67b6f5dfe88c7c16639fd3ed3dcc440b97d2aba205c64b2
398,1592,0.04894781857728958,40.09516674221959,56.22626145801041,9cdcb7668f54726180d593104a707422f438ae687e320096dc8973044b8ba3de
399,1596,0.058510929346084595,40.196507826214656,56.32761545793619,9cb5ffc57079ca02b90094f2b37aed34c138325124a44b28faa0b71b4a73aa2f
400,1600,0.05962852016091347,40.29733182617929,56.42845154192764,5d3b8e4d247c927838b0b4f87043274300d477706f241ccd651bc98d60e51729
401,1604,0.06328130513429642,40.39899432612583,56.53012683300767,d9c880218a36472ca646c7b1e799bc7069b0d542b630e15fe41185234a268248
402,1608,0.047394461929798126,40.503322451142594,56.63446866697632,434cd9123f08ee931bab1252a4313c829c8373d8064cadcb1d82a55bf8147257
403,1612,0.0490109957754612,40.604175660177134,56.735334208002314,07b462dbfbc9a4bbadd7ba2259b63deffb2bd9bbeed9cd2058161325a7b6a93c
404,1616,0.06379538029432297,40.70560491026845,56.83677516691387,1ef7f6194473767d9d4ec5f7dbb709ff3aed65b1cf9df0781ed8e44eb63fc83f
405,1620,0.05382096767425537,40.80642278527375,56.93760583293624,bbc2fbd53bad3c174573d170ca9bd84b3ccf2e4308ad26c0a8aa6ff09751df3c
406,1624,0.05654284358024597,40.90818111831322,57.039377541979775,2598fb9173940224d1fc726ddddc20a0e03bd465b55c32ac68a187c9b9867859
407,1628,0.035307031124830246,41.01095232635271,57.14216766692698,1ebbbb1dd0ebbdfc394234bd5569869b608fec4eef68e6b539feb2de133c1dcb
408,1632,0.046998146921396255,41.11205957632046,57.24328691698611,b4a420a75dd4ae0fa4508094f82e76893697843c9cca2b611acef86eb2a84d3f
409,1636,0.04745104908943176,41.21146103425417,57.34270099992864,ef33758e8c683d0a5acedf47731389f58658e67634f0c97a83c6c6f027f17672
410,1640,0.053908802568912506,41.311788367223926,57.44303795800079,bc029adbd103a17ef59c1580c549c30827739d598ad1f459f821fb18d14d9ba4
411,1644,0.05634040758013725,41.41183070023544,57.54309225000907,6ec7c432cc4b0f7820f5845cb5951ce3a06b2f41e5553252680b320c79647476
412,1648,0.053325261920690536,41.523990450194106,57.65526554198004,627df8e7b18f43633fdb4bade4208d81fe940518cfbbb986dcba1458a22cf69c
413,1652,0.0455176942050457,41.62511640822049,57.75640412501525,89bc25892383932669ba41ddef62a25c4d081d04b168ddd584b02b3ce1f63400
414,1656,0.05115353688597679,41.725167450262234,57.8564675420057,22403ec3777e3da5f865dc20b313a65b04a9a2abe064d537c371b05bd34a8e91
415,1660,0.04637794569134712,41.82567349122837,57.9569887079997,248eeef4664e5d58db2ecc86fb8e68ce25b0082c78627fae296b4fc81798cca2
416,1664,0.052592042833566666,41.92769745027181,58.059024499962106,d63ddd55738e7ebb28116641ebc65cab273ce790f56a6086267c1fb635da2d9f
417,1668,0.04551383852958679,42.02994486736134,58.16128387500066,73428661b6a71498601660ba80acb5b547b4d94863e61bc381a00ecbbcf45d37
418,1672,0.056382302194833755,42.130030117346905,58.261378832976334,ebd9f94be71fd226b8e544f3edf3a87045afcbc602081bdebb2d68d648ce0330
419,1676,0.0713217556476593,42.23106886725873,58.36242725001648,6d9634ccdd426bffb6b89121080dfa8405cd189ed2b6bacd93816d0bf0858a44
420,1680,0.049420248717069626,42.33127745031379,58.462645624997094,0bc8605ed8b59c5f1b540af668a287f5e2f2700306e97d343312599a3e53cca0
421,1684,0.04945727810263634,42.43244040827267,58.563819292001426,6fd291c1423ef08d6a5a246db4af40217792b4ea660a30e9716c02ca9b708258
422,1688,0.05126907676458359,42.53964719932992,58.6710360419238,02a3aaa4ba168bf5a5dae42b80cc82cd0437e9348514af06591fce4e370987c3
423,1692,0.05956544354557991,42.64005190739408,58.77145137498155,4ba23156c20f9cc9e59ab9a8052afd3fa2ccb63949f8dd8e37a46f75776bcdee
424,1696,0.05873212218284607,42.7412011573324,58.872609291924164,c5c71db3391776f1656c9c8bb59ed3a846ed6dbb57bbdda66fc338b3b2739558
425,1700,0.06000164896249771,42.84680924040731,58.97822729195468,dd7aaea136e72aa44637d5ef6330d5e052504860b4e4af86a256a0c95f375897
426,1704,0.0508866012096405,42.951921282336116,59.08335095795337,aedb166019e773a95afffcca7bf885eab4ccab5ceb6e23f7d540d36f29341411
427,1708,0.04601224511861801,43.05198611528613,59.18342874990776,c8e7aef28b774ef86911ee1860474168b37a4913b42cd9b2e935ea0542c8eba1
428,1712,0.046981118619441986,43.15257653139997,59.284030582988635,dc1dcc1cabcb836ec51a274f62f6900ac3c97d94c06735dde46045bb6bd9848c
429,1716,0.05576111376285553,43.25261836440768,59.38408254191745,d531f22d6a2d6162d8eb612ebc9ecafbb0f3f706efc3c56dfa523db3b1045275
430,1720,0.05320191755890846,43.35336919745896,59.484842041973025,69a817962305121355976325a377a08a223028e44cb06dc1669ff231dc26d44b
431,1724,0.052261833101511,43.46088032249827,59.5923664169386,b303ee905a02b5fbc27dea18bb52d4600746b90945dbd2cab805373f9e8c7ae6
432,1728,0.05628922954201698,43.56357498955913,59.69507129199337,b58f129d3c5a7cc0e2f22b1f647e0d12c56b0ac80bb3ead27b4670d488588c82
433,1732,0.05525517836213112,43.66625382262282,59.797762500005774,936d7839c2afbf607c454e9a48adcc2d484aebaa66ab75221a1495931e00dc5a
434,1736,0.04917708784341812,43.76753073860891,59.89905170793645,8b18fd3a7fee97a746353487607fa72b44e38400d012cb1fc8d7776ce177631c
435,1740,0.057149603962898254,43.86856173851993,60.00009637500625,dcb32abc666f0d82e9bff25237331e4e66fec24c599f742c750fb3437d6f4d3e
436,1744,0.05492134764790535,43.968319946550764,60.09986733295955,bf44933c36681277dbed00ede87d0e69952c4f3a722373c7a543fb7bb55ec77a
437,1748,0.061786457896232605,44.074444863479584,60.20600624999497,e3204435277773ac24945c650c533cad987ca361148f83ae7383102a208308a5
438,1752,0.04193839803338051,44.17496819747612,60.30654162494466,f6e19d26315234a5818f71b04c86944e27f185d480df9f8b1a681b9286e04d4d
439,1756,0.05523592606186867,44.275879155495204,60.4074626249494,07ea23958d763652e0323d055a92b8c0e17fb17d8ec547219b1f391af9b37a76
440,1760,0.05880233645439148,44.37641444755718,60.5080074169673,60886f69d0365467f78959d666b2232310b0389513c40e857a0630d864b55e89
441,1764,0.06378692388534546,44.51130473962985,60.64290895801969,83ca1c44a81b243dd8fe053f8a42c53e1f8aa83f4e43e64738e34f7751641f26
442,1768,0.05027303844690323,44.615561947692186,60.74717975000385,e11aa0fe1446db1e536fc2eae0effb8f6917869910d1e9e62bedfd7d289c6d72
443,1772,0.04783133789896965,44.71544898871798,60.84707908297423,c11d7b93fca7a36096d86a7d39492b01b8502893bab619c628a1d3d37c653331
444,1776,0.06183492764830589,44.81571186380461,60.94735262496397,09ffde0e3354729c3e8472dc2e88d06639085ccd30af91fa7f765d10347c22d9
445,1780,0.04980800300836563,44.913461280753836,61.04511195793748,29f0f3aff4a36b479fdd5027b858526a138f152f517d40b11705eee6f6e7ea8e
446,1784,0.05216294154524803,45.01706861378625,61.148730249959044,0c22c968ad9c471ed8a91af000a73329fb55f87f962ac9d635e05f673fed63d3
447,1788,0.06167938932776451,45.11674232268706,61.24841670796741,ce3c13d363fc34c7ad3a93658b4d377ab3180c963394f751343dfbad1d47e2f0
448,1792,0.05041772499680519,45.2169921976747,61.34867629199289,b06da5881ac6a151e1b4a769c87f9aca401113b28667d5c0aedc6150cba2aaf2
449,1796,0.057406313717365265,45.3190163646359,61.450709124910645,c688e3bef53ac47e13cbf912c392750c7907e2ed3e141d5cde319ca66fafff57
450,1800,0.052269771695137024,45.42075698962435,61.55245908291545,decf5fac9682c5436c6a619e31b97f916dfecc6ec64b4bd1479fcf08ff3aea53
451,1804,0.052028413861989975,45.52810053166468,61.659811082994565,562ba56df34d60eddb5ec060a4b681cebbf4e8f34d1e5d0ed7135997e9636670
452,1808,0.04402101784944534,45.62742999067996,61.759149292018265,54d4990a8a89d36fc6566842d63ed3054d1de39e3702ad55307ae279109c8252
453,1812,0.052969854325056076,45.72662957466673,61.858356416923925,5bfdc9a3a90f09b3b4fca23b72a1cd5976e33042c6d933565f32c46ef37212af
454,1816,0.04745829850435257,45.82730169966817,61.959036667016335,d31458afc9939a6991c6463252dd3d610fc10942e9f68751d7eb830f058a74ad
455,1820,0.05276269093155861,45.927692574681714,62.05943545792252,98cf02ae102665e7042f71b646df862393d2544f497b14d19dcf134355e329d4
456,1824,0.05785255506634712,46.02931624162011,62.16107058292255,7d947150dcb2948b8f172ef5a5b8d4703665a959b48093323c45b749e8dbe75b
457,1828,0.06331109255552292,46.135657283710316,62.26742358296178,7f38c50e523b14d791224db66673baf1f22db7d9490c780cb581a3ed5b62fbe7
458,1832,0.048462484031915665,46.236190574709326,62.36796737497207,8b6b420f8ee0848373fd4401cf8a4debadfda285a961e3e1c296bd0a42c80ded
459,1836,0.05688834190368652,46.33944478270132,62.471233082935214,50a1b566ba3b291f1ad07c22cc982888525867ea35467b225ea7bf3aaed93bef
460,1840,0.056445296853780746,46.44626682379749,62.57806287496351,1bb1ad524e07897671087f8a8c07a502b8ad36785e5dc4d4a9203a76c2347b08
461,1844,0.05026731640100479,46.5541191988159,62.685924874967895,3540079334f407641160b88775da152c88c5fd9b8c9a9aa42d25994519276880
462,1848,0.04086733236908913,46.65545899083372,62.78727808292024,17c9d33ebbb4471b9d6d54e46f2644f49fa10ba0027ab70566de4d1d9fb059b8
463,1852,0.05332351103425026,46.75816186587326,62.88999491697177,7c7a825efd932b806d6713ec88cf99bb2f4a2805ea28f9efa4915e7f395ee40a
464,1856,0.05359479412436485,46.85813207377214,62.98997337499168,c672e128abe1dfb02415d0d75f4aaea1d627648a3f90a4cdfa0edfb9b36e25a6
465,1860,0.057087723165750504,46.95907132374123,63.090921541908756,3a7c3b7549ea7ba0777649ee47149f5ff9acec44d8a07dfb7ece38fba1a5bd28
466,1864,0.057552359998226166,47.066795656690374,63.198654374922626,03568a449591c7dee55353f33fdaff3acbfe21df80036a6a79a18c4fd1a0aef9
467,1868,0.04807554930448532,47.168186615686864,63.30005583295133,6aac891f849e0f460b4e4ee7dcf16ce7d08a1354f38c0ea57f3a6c2ff85294fe
468,1872,0.0467991903424263,47.269715948728845,63.401599457953125,452cbd4aa3b4482de2256a08cd0c9866208a281fb67b2cb0b9c2bb088e8301d8
469,1876,0.044584956020116806,47.37101049069315,63.50290804193355,89ccb919d5763824be34258d354191e1716cde498e974b35bce51690af55db82
470,1880,0.0614900141954422,47.47883553162683,63.61074762500357,875d6cf0a4575b583da595d65d1de2d983213b3b3170aee3b0c917d5e9f34ce2
471,1884,0.05663476511836052,47.57968440663535,63.71160874993075,dcaab769ec7924cff0f37af33910fd1759cf7c44918889627bd1c8699aa4957a
472,1888,0.04815599322319031,47.680140073644,63.81207708292641,1aaed48b3f20ffb5d13c105afd4328b9b3470e77f95e97b0cd52b7445e658932
473,1892,0.051051411777734756,47.78134344855789,63.91329374990892,89729560d3f6a4c1c804b48cc2d836be1c55ce5707ef8afdf168c0db8e148adb
474,1896,0.04505424574017525,47.88540778250899,64.01736791699659,45878a728445a4ed7f2d6fd87a6d989ce7774665a3eff5c0369834b117ab7470
475,1900,0.047728173434734344,47.98916057450697,64.1211326669436,095b4454d933c682e83cf39334777d9a10f580753f9b3195af484b6f11b0b19d
476,1904,0.04312842711806297,48.08740715845488,64.21938908298034,dcf3b0445eedd02b7451b35832a76fcd629ab290e1999262595f43bcd28b145b
477,1908,0.06103695183992386,48.18749628344085,64.31948783295229,4b3e4b596d93bde64abb3a030f418230d33838063e6da86e77b470c14cc7e1ba
478,1912,0.043275415897369385,48.28728761745151,64.41929029196035,aa81dc4f154e85b3220ef35ddd2fb6e1df6074d6058c1ee16a30fc1578452375
479,1916,0.05041992664337158,48.39036632550415,64.52237899997272,7744d70d8083e1005f8f55b466a6ed0a774eb0310230bfebdc7f4ec83f8b2c07
480,1920,0.04815543070435524,48.494564950466156,64.62659095798153,af4985509df2639919f06a378255190e9b283a0d25d486b002bd76a294673d39
481,1924,0.03689184784889221,48.59686215943657,64.72890045796521,b7455370c475488717200bd8c092fcbb367bf99db34dac4ca660e773a25f4e30
482,1928,0.0445791594684124,48.69772670138627,64.82977587496862,4b68b58fc3183f07be2d6808aef20225054676f5cd995f522aafc879c411779e
483,1932,0.0551162026822567,48.79743982630316,64.92949912499171,16015d6575f7d7c3cf91bed4a6916682c448c6cd073f5c59c3a685c2cc3bb902
484,1936,0.04802979156374931,48.89891124330461,65.0309827500023,c275c21e07508a6ce86b9d6b639c74dcda062534d4e808a0a4a8ba147a30f28b
485,1940,0.04876439645886421,49.000969452317804,65.13305208296515,49065ddd0212aa4f3f76dd131164c8f7884f2269a43edb85515c0c2a3350e24f
486,1944,0.05152638629078865,49.10266236937605,65.23475608299486,0f2023d35331c5f2583ba784994734037056b430b58406f473295d66f3080dd8
487,1948,0.05665232241153717,49.20317578536924,65.33527974993922,2f36892ac0852981b4ede8a7c812f45159b4db6dee60eb65e04e037e35131bbc
488,1952,0.05292287841439247,49.304302035365254,65.43641766696237,3fc50ad991eef8b55cd09e3032e0b7648da361cbd0f7795e6d447ab6f7111b38
489,1956,0.04194293171167374,49.40713303536177,65.53926145797595,ef1646c8d167ea91ee6bc186d9d1985126f4d8cf10aae4003f62bdb551d186b4
490,1960,0.04868798702955246,49.51279491034802,65.64493424992543,d4bdf7df88947337ee43a37f1a4878d42a4a8142c9bb2157e3dbd839c8ae6c9e
491,1964,0.04740583524107933,49.61360341031104,65.74575674999505,a3fac83020f4aaac2d93b7a601ad0cf9044024072303927a6353bb69b39257d3
492,1968,0.04309677332639694,49.71364461933263,65.84580933291,16b001fe20081c5c848b23dd4e799e6e8a326d2990c342e62de75fb459411220
493,1972,0.05138356611132622,49.81405436922796,65.94622891698964,a67e838521dbad206dd6b0f24f903e9390fd641db359654376d16c8be7cd712c
494,1976,0.05799813196063042,49.914608535240404,66.04679329192732,140aa08ec218b20f441b6944e1e7c0a3e358535743087be9b619491220c16a4f
495,1980,0.054118674248456955,50.01550536917057,66.14770045795012,b0c39ce9b50ebae8895738a9d5f2740b66e68f31754b2e72c48a7500112d39a2
496,1984,0.046870436519384384,50.11566486908123,66.24787154200021,159c20b086c05817a8c0c64c750061507838f28ed310a59e7cd6df3cb0035d1a
497,1988,0.05327820032835007,50.2149866190739,66.34720395796467,50bee058d16d5bdf181049c7eb1a6cc300602e0d3bf1b32109093109b32590e6
498,1992,0.05351085960865021,50.31494966009632,66.44717991701327,4cfecaa05dd234a67a31fc99aea81b310350c44dd2ec73a8469af2ac0335869f
499,1996,0.05063600465655327,50.41724932612851,66.54949037497863,9d5b7c077432321fa57a97834b85f68e9deacadca6fe755848f4084627c4f71b
500,2000,0.04674890637397766,50.52518924209289,66.65744220791385,fca256685eff09b8a5713608804ad945548ac34f3cfa52b9dfeb9ae318949e81
501,2004,0.05326402187347412,50.62418049201369,66.75644579192158,5c6db1535e01aba15fbe1646faaa87968515bd49e72bed1ee5dc9f4328fb48d6
502,2008,0.0500517375767231,50.72521211695857,66.85748849995434,c22bac02e4176cbdbd6bf842a353c1bf1b9633363bce7588573151c5b9935563
503,2012,0.050017859786748886,50.82447674195282,66.95676454191562,a4c0632cca785cc0913ab120019f4f207e52a3a33d945029305bf5da03a96027
504,2016,0.050337810069322586,50.9223389509134,67.05463874991983,75ed5518bb333dada94d9122203f4333ea2c8f4f3272208951b6cacc74164740
505,2020,0.047383178025484085,51.0285864508478,67.16089570801705,012b43f95a883c5b134580a88a15f94d4e0e9ffb28ce68b8b080dbdfda4febc7
506,2024,0.050835736095905304,51.12876920087729,67.2610901669832,f61934848d902cd36f2a52afb0a54b770984067b13c7be69dedeca42b9523290
507,2028,0.050080135464668274,51.228393617784604,67.36072795791551,719d4c853a628f7c1b8a59a60daebae623ff6078f6d26fe68e9935472dc65f60
508,2032,0.048793405294418335,51.32941007579211,67.46175508294255,a7870c7ef9e0158c0a2ee39f0ea422e4f2d25de99831ad8e4cf5a64e0588d757
509,2036,0.056794922798871994,51.4289137837477,67.56126933300402,cb5b06e23b2c832cb3801354a0bb8004fc0ced8320224b452205d6459a7a5e05
510,2040,0.050896137952804565,51.536929991678335,67.6692974580219,9d11283f152ae97cc0c353a426b5f4ed0180886b4a90cab2afa222f8e20d36dd
511,2044,0.05191952362656593,51.637681908672675,67.77005950000603,18d900e92fcac37a497ecf9d407c2f20e61da1e38db2cd8aaeee8967d8becf2c
512,2048,0.04816305264830589,51.73654790862929,67.86893566697836,36535e3d1fa13e0437c0c2cb1adbe0f4a8db68a8a943ac40c9674601fbd778ca
513,2052,0.04882853105664253,51.843662033672445,76.64868179196492,b82a174736fe305f3713130c6b909bb6e74be5ca78ccbb2c5d312c1332d41585
514,2056,0.06150932237505913,51.942310241633095,76.74734358291607,5761d17c69991d99bbf9d2f3b0eb330dd48204b711f9d56e2ea6b68bf7bd3df2
515,2060,0.05215681716799736,52.04082519968506,76.84587020799518,6157c36c7f36c4acf5e27e065e416f5fb16ec85c972de36e47abbe604cafae18
516,2064,0.04854200407862663,52.140349782654084,76.94540700002108,0c2ebd99b9947543055f88291a9267f4b8e0f34c914815def2b9237b81dcbf09
517,2068,0.052599914371967316,52.23942778259516,77.04449441691395,b6241d839d68163fe3eeb3e7b6ae3d70969a6b56349c5cdffcf982066bd3a9ed
518,2072,0.05392786115407944,52.34455186652485,77.14962799998466,f2f961479bcd92a0189518817b1a472f4a4baab6d90df17d98ae82bfa1e1a06c
519,2076,0.042594753205776215,52.446861658478156,77.25195137492847,abcc7322934e26a7513130b1937f439e9a7d0170eb661a19107c7c2989e51e29
520,2080,0.05723603442311287,52.54476178344339,77.34986462490633,4566323f84d6534fc38c3d86db5f34667e8ac0a9a04ff0dead2fca283e6b4b84
521,2084,0.04466124251484871,52.64370953338221,77.4488226249814,0cb210e2f0a7092cee5866c11e169d677dfb7a34c6e504e401defe28eaebd395
522,2088,0.05780622363090515,52.743550575338304,77.5486753329169,014688842ff09e0f2fe4839fe777516d2fbf7fd844e2130877e3d05007ff7b6e
523,2092,0.05914873257279396,52.85086890938692,77.65600670792628,96886ae6664663f57b471bd51edc8cbc3165a2722eb3bdc6571e85747aee0580
524,2096,0.04438897222280502,52.95130349241663,77.75645137496758,9b1c06cd508ad9c8d041609a13e88cc9bd076c66b359f7693d24e3b98e4d58f7
525,2100,0.06372135877609253,53.04946653440129,77.85462370794266,07bf7acdc0b6448b615f4cd48282ccca90c97a0cd87ecfe8726e843af2e8bf17
526,2104,0.05201609060168266,53.14917528431397,77.95434191694949,b5b30c3bcecdbcb3069499f5fc7b884de7b42a0351aa041310b181030450ec7c
527,2108,0.04639948904514313,53.24883436737582,78.0540110829752,c970ae50fba127721442cabf51f017065af45cffc42122a60ec73e3bd7bd68b7
528,2112,0.05055562034249306,53.35027570137754,78.15546191693284,4d229192ed1d1f3b1f214bb92fa67f9958350f72017600099751df0d848e7bf3
529,2116,0.040368907153606415,53.4507551593706,78.25595208292361,5bca76956273ccb644bc37aedbee3b623094bfc1745ceb889286b2d9958fa1ac
530,2120,0.05231058597564697,53.550154034397565,78.35536149994005,2f005924907b71db7ff013ffaf2aa0a10fc26a6f9759a683c953dd242499d5dd
531,2124,0.04800748825073242,53.64924024348147,78.4544566249242,4211968e32fcb9827f0c94a02f3659936b6b5a6d21b3909f30bd813275ca5601
532,2128,0.05516868084669113,53.748965326463804,78.55419154197443,36a94aec1f56d24aa10f360f6dbc11f8904166189cbdf4228b5a2822476f3326
533,2132,0.055470190942287445,53.857428659452125,78.66266354196705,10d6b220fa3d349977272e1a2049a9f08eb7e6ae6d813e120ae53331432597b4
534,2136,0.06083991006016731,53.95642953447532,78.76167437492404,1f4627bb93f52ac1ba0578840c132751859a741ebfad370e97733eec0bda4123
535,2140,0.052460361272096634,54.05794024351053,78.8631942080101,e1e16ea08e2b995af2d3fb83f7b354cc25b109347ee5a70e95ad9e5314635bac
536,2144,0.047924019396305084,54.15743761847261,78.96270399994683,81e76deb9fb98f4395f93ffd0808f8d4f69fa20d968dd609b7af1e1e1a8a61ea
537,2148,0.05218792334198952,54.258461951394565,79.06374291691463,b3955dbce058d204d0ecf4594ed2b40a96b7435c427aabe21c34865a71fcd4e8
538,2152,0.05295075476169586,54.36435407632962,79.16964820795693,561d4cf5955c3d8cf6cfba5d7b048f674997de1158420c23852db5e91816d38a
539,2156,0.048473767936229706,54.465682451264,79.27099012502003,594fe20e5380bfbbe9d6b1e8527dbf1781b4d572ff11216582a75823eb9e9aa4
540,2160,0.0515633299946785,54.56518303428311,79.37050433293916,59ef59de64a227d1951798e718e67a5333ce0f9644f317efcc2477db4a6e2c99
541,2164,0.05638860538601875,54.664787951274775,79.47012170800008,9bf6a78368d04008357a2b9e1bc291b4babf13fd917b318c38d1dce52d59f640
542,2168,0.04683380201458931,54.76498157635797,79.57032508298289,f5e75b5c2dc9dc8677619aa805fbb9e328da60685d7c416913f4ee41edff8b86
543,2172,0.046043477952480316,54.87028253427707,79.67564245790709,8d274b0c9a0ad17d2474edfa7cdd1f2b06de5fbb3564f0997f03746f3b9542d6
544,2176,0.05555491894483566,54.97019624221139,79.77556595799979,9c0cbee996cd9c2ecb32ac99565d755ea25e8360a4a93cb819a691ba550b41da
545,2180,0.05296977236866951,55.069290992221795,79.87467029201798,d07fa299b2929dbe35989b83a3868bed1de30fa042104845052ba7b990204c48
546,2184,0.048725515604019165,55.16977349226363,79.97516416700091,7264fd1bf0ac98dff8a6c040a0133a186749ed667d5ba37d8646ae42bb6f62bb
547,2188,0.04647994786500931,55.269985825172625,80.07538795797154,c72eb74f226b3e08d005c52db192a2ef246a1db5fb834c2d49b073c3d67ac9a1
548,2192,0.0443899966776371,55.373359367251396,80.17877058300655,431dd2b90ded8df8b9ed88467ea7575d62a6ec15e668496a78d756c625669518
549,2196,0.06851594895124435,55.47325482626911,80.27867512498051,72742350477a31baaceaebebf95a653392865d7fff6abd29e3613e7fa5de427c
550,2200,0.05200495198369026,55.572430618223734,80.37785995798185,65a7819d0b862a2a1a1dae89b84db106754a74de6baddf5e6f02b85c354b2f2a
551,2204,0.05074819549918175,55.67106170125771,80.47650124994107,828711e678366554e3ac2c9010bb5e1c2a83cc83220344e7388a865ebdc8c0a8
552,2208,0.0546305775642395,55.772518243291415,80.5779697499238,1283b665983a10e90eaacd6621cd583437e9edf7e9d96981ed087885e6fe8d70
553,2212,0.05072174221277237,55.87624653533567,80.68171099992469,ac621cd1c536df55b874e11507fef88c5bc3ac13c7e67a6de5f30379759ddb0e
554,2216,0.05902320146560669,55.975546577363275,80.78102045797277,d177a3232e3b8b1d4dcbf85a3157608015d8662dd58ee5bd4ac230a152867302
555,2220,0.04644307494163513,56.07484074344393,80.8803244169103,e383c35d07389934dc24385877a3473c0354067145aba34c5aa28ec51cc6faa9
556,2224,0.05148573964834213,56.174778702436015,80.98027254198678,bf6be523b533421dc47afc17ba84db7e80ee67be009e6c09cd2e576389518a0c
557,2228,0.05808412283658981,56.27407695236616,81.07957991701551,7e05b67e997e90ca3b0a1832dc1dedda8e3e38f61d1ce6f4c845298373a3929a
558,2232,0.0690561830997467,56.38235799432732,81.18787012493704,9cd34c975a1324b48f1d2e24f3a2e3aefb5ff4995f94e2b176a375f228da6f71
559,2236,0.06102500855922699,56.483094661380164,81.28861712501384,7372e8f689c8631898d55d8f95eb64c6f3401ee229f0c1b2446db8dd336aba6a
560,2240,0.05256922170519829,56.58309724438004,81.3886290419614,101018c1f67b7d57222278a57c9ef6fce1dd7f8771976b5aef44dadb5b1015bf
561,2244,0.04957413300871849,56.68163595243823,81.4871786669828,55e32f7cc5dff2e69bccf07e1a29e663299d00f16aeb9e7462e0599213c7263e
562,2248,0.051016949117183685,56.784957702388056,81.59050966694485,c6f9548039f199309717261db38f4651a7739b21fe260ffae7554c7c1d8fd6f0
563,2252,0.04088743403553963,56.88761374435853,81.69317479198799,b4250eff83a303c2e881c726b6f39263ce931a0db2eb0125f1b1dba5821ac22a
564,2256,0.04733291640877724,56.98939432844054,81.79496804194059,9c722b9499746107be9bc41297c3e0718d8c241fcd4167772cd0e18c89a0e7ec
565,2260,0.04372973367571831,57.09025866142474,81.89584462495986,156a11986d3348885a6e09ccdd50f11f14beb309bd560c4a1a5f56ed032ae1a5
566,2264,0.045490048825740814,57.19171328644734,81.99731179198716,fab0afb1c09a67d1c6ec70697a81716f18583ee90376ddd82ec0522b0d78f435
567,2268,0.054147958755493164,57.29622557852417,82.10183679196052,04f76fb33d20313f2d74ea37271b094150be05735e17c8a28baa057e1a449d56
568,2272,0.05613510683178902,57.39644078747369,82.20206566702109,b48e366b293509de99362f1f63cd16c5d34c25934ae451e6bb6a4fef3a92c4c8
569,2276,0.052337396889925,57.49650362052489,82.30214045802131,f3c4fe47c60c1e5a23f56e9ca615a23c18d753f1e14a7387f4a4792bc6e1911c
570,2280,0.04669734835624695,57.595638745464385,82.40128758293577,6f6bfcfe0fdcb6e089a0676a6f6af0fb94f18af7f9dcce69c5c733c2fe5c7418
571,2284,0.05192349851131439,57.69431553746108,82.4999765419634,e0794902853456d3aeb7ceb0fd117cdbc5a8cbb0f2ef859fa4f71799ae67b700
572,2288,0.04876605048775673,57.79822753742337,82.60389949998353,9c64d643678cebbff8e18e997fe8cca094cfd6e206f1956bc21de28619bf7bf7
573,2292,0.05248863995075226,57.89765974634793,82.7033429169096,3069ddaac8128eef61f8b3856465ee4ba31bac624028bc6a81d9bb125d03ac33
574,2296,0.06278149038553238,57.99668320536148,82.80237791698892,9310c9c042343d97c6f0f524d99a65e427a5d7235716306a2deec3d11266eebe
575,2300,0.05758846551179886,58.09660516330041,82.90231312497053,fbfb058deeecfddc18ccc2d5ba1f663016695c2b39f31519d03833e7fc3de447
576,2304,0.04777802526950836,58.1960742053343,83.00179362494964,69bde23f860c532cd343cd3a0d0b19604981206e3c2c8e19b9ff411b4ebef9c6
577,2308,0.049755409359931946,58.295581538346596,83.10131258296315,897db92a916fad94c6a16ae9b9d00dbf36fd3f9aecff58426656d4cf4ec1ee72
578,2312,0.044215597212314606,58.40037257934455,83.20611649996135,be7b7cacff9793ebda717c2b8ac1974dc9045ba9d5a49f904361f3a451f4370f
579,2316,0.05676357075572014,58.49971470434684,83.30546950001735,4442d864357d8bf2c71c42e95887fc81928d5bee7c400229ee75aa477958aa72
580,2320,0.054201703518629074,58.601449163397774,83.40721600002144,81c3d9c4aa81e3c212cf4fa1200fb7a5c8402b6f82a29e7838bb317cbf00c0aa
581,2324,0.06739313900470734,58.701627580448985,83.5074054999277,3b9dd9cabad35f2da1dcb677f3188202a4a4e901799151ddf9a3fef7d965934b
582,2328,0.051131363958120346,58.80700837250333,83.61279749998357,91349455c4def90944cccd5a32973b12a2a519b10c8fe6424a3489aaf8cebc98
583,2332,0.05228593945503235,58.909209830570035,83.71501312498003,3daa3efcd3a5007d5b7ca65609e75e7c835ef0a827b0a337246cda5b9edc2138
584,2336,0.051624782383441925,59.010007747565396,83.81582187500317,bd530d3763c3ceded71c8cd8998d0985e10a466e1b140347d8b3bab7748d8e35
585,2340,0.05382983386516571,59.10920766356867,83.91503237502184,da63e57450b0a6d413bf7b8b77fde18e4f86d97d484bdf5ae2cf1f567105f4d7
586,2344,0.05176275223493576,59.208860371494666,84.01469574996736,6afca1ed950e0c95ecbc6a81243a4cd9c90111b0bb47f101a9eaf8b24a254e4e
587,2348,0.06358730792999268,59.31033362157177,84.11617887497414,928754df8f64a73a3e63d917981dbf44f6526f2bf1b5a6f743db47c2aa556a75
588,2352,0.06252220273017883,59.411531913559884,84.2173881669296,39fa9efde69b602b7b25a82cdfa9bbb6a3126fc181c759fe943df1829dee53bb
589,2356,0.058797527104616165,59.510989788454026,84.31685541698243,9ad3b6db341f7ad334e474abd7d00cf0b28072bef7d94de2618bb1c5c241f907
590,2360,0.05922304466366768,59.610400372417644,84.41627633292228,9eb8956e5b9de27b90ec66671524c0b27c64e29139758060ff2f107400df822e
591,2364,0.0607420951128006,59.70852249744348,84.51440862496383,aaed6804913e96ed56ea8503e95823d04234771a960e3735b4f550882c3e3488
592,2368,0.04715894162654877,59.813657206483185,84.61955608299468,1e45036eb5ba5a2ea639908787d01285f7ab38b10485f0106723e79b49b3179c
593,2372,0.050762880593538284,59.914628123515286,84.72054191702046,c1d7faa6306e0817e13a6b179a2fcee4886ca27d57acdd581cdddba109906e3a
594,2376,0.05641709268093109,60.01462079049088,84.82054866699036,5cde272f714676464d169137d3f5fc03e29ea0058de42f620676e4ed5f0d3673
595,2380,0.051698651164770126,60.115930665517226,84.92187004198786,1c5b0e9bc7cd597a7188fb25becba60e1c4534d692cd560221b648e8c5257618
596,2384,0.06984999775886536,60.21526687347796,85.02121937496122,5ed5594ebd2840c1a7aefb39d98b474e76aa2b71aee6bce66dc897e4bfa18dcd
597,2388,0.039297282695770264,60.3162797895493,85.12224462500308,4fa301463f71caf916118b126be7eeda43eb833707c61cde69f67660a4aed8bf
598,2392,0.0547696091234684,60.41515624744352,85.22113370790612,152dbf3c0ed0b08bfc479335230ddaeb3097bb42d12e9409b2299c23cbd28804
599,2396,0.053699739277362823,60.51461941446178,85.32060837501194,f9e49d36446a751e6ac75913df813d1330a6fbb2dcefe75485d185c98a894b34
600,2400,0.05409557372331619,60.61391583143268,85.41991529194638,cec673e96072c7a16e22b5765f23f32b27ce41c6f4fbebdb7e060cb5235d3b8a
601,2404,0.05208945646882057,60.71348324744031,85.5194922919618,1d558bfa5a8e1b6ab01c44652ddcf08b7751117923c9a13439a8430e355a3015
602,2408,0.051275309175252914,60.816500830464065,85.62252083292697,8d53d01b2bb815b11aa1040ad72fd6e749a207e9264038c8629110c393c44290
603,2412,0.04387098550796509,60.91623378836084,85.72226487495936,8fa538c16e6ceede79b183e23baf37c8241ff31d8af615ea4a430a0d06b929d2
604,2416,0.05359608680009842,61.05866462131962,85.86470729194116,9313536f355129d72b2de5e5f8ea8f5afd66f98ecf6b0eec53e1095b3b4098af
605,2420,0.06456151604652405,61.16456983028911,85.97062608296983,ff8d54a2b31019f300bf744f2f7d7b1b4f9b6527a961176758e42c971825d91d
606,2424,0.04895242303609848,61.2710618712008,86.07713095797226,8f4ae9add67a932b0b355a575339334afc9bf59ed5209c8667d236f56a21ac0b
607,2428,0.0464315190911293,61.37268270517234,86.17876620800234,45c72a106e69018fd22d30aeb822257f1c6cb2448c31a3dada41f346ce660bbd
608,2432,0.0687006488442421,61.47510849614628,86.28121429192834,78e532d7b6744743272cec5ef2e5fe39c26345cc51c9180573314936799b112f
609,2436,0.05387028679251671,61.57583428709768,86.38195433293004,fd5d8d191cf60232ba27f7f1fb707dbbc202a89c1a1e40d1472c64561fa9e6d8
610,2440,0.06406402587890625,61.67676253709942,86.48289462493267,bf43df3169836f42e2e266a6d526be0155de09efb9d6dfa5b779abdc8c069fe2
611,2444,0.05330987647175789,61.78767849516589,86.59382237493992,5b76c4305286f17d29101f973d0391c0e92523c32a82cbf35a8c79eacd679779
612,2448,0.05335351079702377,61.890329412184656,86.69648275000509,08d69cf5cc5f8f572438977d2d40fa3d971cd3958e48a1f45b9e0338b5b2dacb
613,2452,0.059368278831243515,61.992223662207834,86.79838820791338,3a903725a5f02712d11eff6ef1f3111eea65d84bbd667409e1f227ab3d54da97
614,2456,0.055373452603816986,62.0929565372644,86.89913316699676,647c2386a04cd96fecb4065b1fbf7e24394131fbee54ef0b6d57b90af46c6955
615,2460,0.05902617424726486,62.19281624618452,86.99900287494529,19137ef7e69175a1c490658162c003f4dddea1de3963af51972d5897487bdcdb
616,2464,0.04881240427494049,62.292518204194494,87.0987145829713,00e1e819a912a9b5dcac45de52bd51cc1b7c5be85cf4eaca2725309cfe1f60a8
617,2468,0.05294681712985039,62.402462371159345,87.20866937492974,7b32f209133d286015d9149befeec750a289436e771431cb209b3ab4a25f798e
618,2472,0.0449531115591526,62.50228737120051,87.30850866693072,abd8aadb8111b3ac998d3ab16274133959e0c1355572a096c809b7cad0b8b67c
619,2476,0.053441181778907776,62.60113412118517,87.40736887499224,8c5c012250f492f8180b264c21525c0b582be18f590fcefbac740c6493802a4c
620,2480,0.05514492094516754,62.70324541325681,87.50949279195629,c9c025a706343f122ef379d97cf8a1ce25360add83a0aab5cb70f096a152ec7b
621,2484,0.05088021233677864,62.80850287119392,87.6147632499924,7197d7d3191c39836a9b09d6d2e48e342c5dfb523b805912ccbb936d46306316
622,2488,0.05429822579026222,62.91213887126651,87.71841258299537,fe5e91fcdb714b6c95d4e3af6c0a50360581cb8cee279722ee55e66cb460220e
623,2492,0.049551475793123245,63.01287220523227,87.81915787491016,94d4e642e3d26840f3263939e6b6fb40b7638a7dd6598e72c7cd3744d9c541a0
624,2496,0.06192081794142723,63.113002871279605,87.91930012498051,fbaabc5fc1256df3ba062d4a143c893cbcb6831b19beb9c39c29fa0a73319de5
625,2500,0.04991066828370094,63.21308391331695,88.01939441694412,b93805213ffc355bc62bf1f295a72336696a3f18331d239450326b1a3fb8005f
626,2504,0.055641960352659225,63.315132746240124,88.12145574996248,8491d5cea4ed641baa0a60de44171e2ebf8c0019036d791817b2005285bf6564
627,2508,0.050630081444978714,63.41596295428462,88.22229724994395,91b34b4549eedcce47517d98d87ec71108ee3e9b58b9d8f03b1a45e1772fc960
628,2512,0.05595535412430763,63.516155745252036,88.32250033295713,15883e8b2653b58abf8e5262ece09ce95066c6dee3aea615550ae79f962e29bd
629,2516,0.05637407302856445,63.616770787280984,88.42312562500592,ac827dc3fbdaef8c1379f6299f7350d6c9a44e012d5f350f3eb4374c40a1e61f
630,2520,0.06135532632470131,63.716714496258646,88.52307999995537,8e5e4eac05273f85ef4d659ad5eea1984fa316a8fb0c28a5a01d4b8601a3d5ce
631,2524,0.05278291925787926,63.82563320535701,88.63200783298817,861de3c277160d873a4065decd7bc75901601f4840edcb37c2d7b7f7239e026d
632,2528,0.04260513186454773,63.92679645540193,88.7331795420032,a0121c463687c9f3ab5b1b6a5c87b86834dba1a6b5de302a8c1a4a8df7a94e7f
633,2532,0.05158082768321037,64.02877449733205,88.83516741695348,c452cc72fa0e853d78cb0c7a7c99a3e3410f757df74602029d8e58e0d14b8f83
634,2536,0.049345970153808594,64.12874541431665,88.93515004194342,47c390205a7a87a41063c2cc0fa206b29ab0f0cf191aaa620599e840df520bac
635,2540,0.05467880517244339,64.22873937326949,89.03515458293259,d74d238e428166c1aff026013d7948d24f3ce550b807760d5103f7326fdf2cf5
636,2544,0.040438178926706314,64.336538040312,89.1429631250212,96c2dd17800b3437db3ff62ad9783182fed8f898a4ea9eb9516c9e11b0956e45
637,2548,0.04857316613197327,64.4373534983024,89.24378862499725,3c65e59c4b192f8dbd38b4bd3e4351620f75ffa048625091099259b1b38955e6
638,2552,0.053370390087366104,64.53822229034267,89.34466791700106,e6e26c9675bd22450c524cad43b5cdc3dba8980ae35813465331731bdff08565
639,2556,0.05435455963015556,64.64182654034812,89.44828383298591,239af84c0568c5db98eaacb9de8960c31e2e4cd28e519b0bc1c8893337c2a9f4
640,2560,0.05897735431790352,64.74585666530766,89.55232379201334,89d5e414e833a03089bb18bc59c9de541a01e02c32f96edf3bd7fe06c9cb232a
641,2564,0.05866669490933418,64.86253729031887,89.66901420801878,aa8f59fff30b8dba9a268544fa5f93b0ce2d8b94aecb837b33137e2059ab21ba
642,2568,0.058659877628088,64.96485316532198,89.77134116692469,b0def8e17f79478b414225ab9d1bf264580e3115a90a460fa8e11ab6a39c8a4e
643,2572,0.05067028850317001,65.0669151233742,89.87341304193251,6d91a2ea849607853fa1a16120bef2926e28ead67cc3536dea9c9f60bfa76154
644,2576,0.05429340898990631,65.17141937336419,89.97792691690847,332d01b1175c6b8f2b6c400f6062a470c68e2a49fd78ed90356773bb21171d4f
645,2580,0.055673886090517044,65.27635649836157,90.08287587494124,7ca4e4cdcda072749a5158fb23715452ab46b3596fe6742f540d94fe7c29f4c0
646,2584,0.059628237038850784,65.38130695733707,90.18783974996768,7a39b900b2bffca6f050053a9ec04758c56d079ccf0f6fc514faa2e0b9b2e2bc
647,2588,0.06373191624879837,65.48563420737628,90.29218124994077,b81a61369e8adf7038637df528cf3a22ef40db207dd7c4925848cde552d48dc5
648,2592,0.056069664657115936,65.58805337338708,90.39461212500464,46c54e6f63aff207476e3bd1cb1317d69418044bbfe501419051136571689547
649,2596,0.05561615899205208,65.68877891427837,90.4953513329383,09005e1d688177bdf17ec35ee83c9bef9deb8e6761a8246bbc6ed6842f6d824a
650,2600,0.05698910355567932,65.79352153930813,90.60010649997275,0890cba9017f60499d82bac958f86d367d7893d5a05b99c8aee25b6533e95ee5
651,2604,0.06691654771566391,65.89495853928383,90.7015559580177,13b55be0f80b4fddca3c045097f0d2a7a73b063d70985868e80d349e0dd6038e
652,2608,0.049614932388067245,65.99519170622807,90.80180045799352,f597cea877960248ee662e15cefde0760581efc47eff35f6ea1f1efd99aa700a
653,2612,0.04931022226810455,66.09802712313831,90.90464604191948,073a08e8b30d18fa046624de0bdb07acc496d9d0cc83a0fc213237da549c1e96
654,2616,0.04102856293320656,66.19719704019371,91.00382587499917,c1b8ca9ffba9f7be2db35bf5aa557e654e61a506b7ec394dd28d1ff62fcd77fc
655,2620,0.055939968675374985,66.3046774151735,91.11131808301434,5bf82cd5bb34bed5c148d199fa01a8d6d6e7156bc49ae628486f4720e63f32ca
656,2624,0.05273920297622681,66.4043718741741,91.21102287492249,eb07f4b6abb8cc1c2c4344188021c0f0620258ddc9d07f29a3b2c8a70b3bf571
657,2628,0.055190619081258774,66.5064681241056,91.31313279201277,48f0475c72cfceeba1fa81013311a764eaba30061a29c27c65ab72980f9cd252
658,2632,0.051234740763902664,66.60838558210526,91.41506220796145,2d20df6c8604370e904bf28981c88a832f1828a9e76394becfa9e415ee1ce17d
659,2636,0.0489187054336071,66.71159304108005,91.51828195794951,9445af2e05c0d72cc091e98d3ff1e726d52a75d91901a4428b6bcb4d2d014442
660,2640,0.05337069183588028,66.8182718741009,91.62497083295602,be019fa2105f126725d41d58c2f919815b63f352505d903e7a2086ef7b30d3b5
661,2644,0.052420251071453094,66.92146891611628,91.72817937494256,7eaeda8b4ba11d0521d67c24d7ffdf6a4d40322931dfea91fce115daf9bc0b3c
662,2648,0.04827999696135521,67.02462220704183,91.83134333300404,1f5257413cc364c867ae1d66b8a457e63e1ca44202cad4b46b17ddbac7af2f99
663,2652,0.06127709150314331,67.12837008212227,91.9351045829244,cf86d9af8e0fc44fafed841c95a6434653771fcbfacb0585d2949600d4eb912f
664,2656,0.0573943629860878,67.22837845713366,92.03512279200368,657fc94060bfb7d9f42b95649d879490d2ac0cf3554a6d0aa10c433250d59639
665,2660,0.05068740248680115,67.32922962412704,92.13598395790905,eec0a58d622b721b8b6f077e643a25bb70ac99d8b3cc00c3a43f7910bee6eaf6
666,2664,0.042370885610580444,67.42896529112477,92.23573066701647,a529d296c10c2f8b2af9a60c92f2cd0dce796fd716568ff5f1f99e3d7b1d9c39
667,2668,0.040280941873788834,67.52858925017063,92.33536937495228,1e2c4e73dc34f23deb1631e7caab14b9166c0e10d018aec5dcdc86aadf08b1f5
668,2672,0.05734095349907875,67.630075750174,92.43686512496788,3a0fa4a275672643981c2042b02e24bcfaaaf0a6e903322733a855f6005e9a40
669,2676,0.05380465090274811,67.73161229223479,92.53841791697778,b40c1d33c0941bdfc3de00bad3e7b56ecb4619f39c55e4ddf83a0c7c307ca490
670,2680,0.05159386992454529,67.84266008331906,92.64947583293542,3f05455328bbdc32a08d41624ea0336258cdf3ef8cdd8f535c30d8108a3a77ca
671,2684,0.047619134187698364,67.94337033329066,92.7501985830022,9acb13d32e064851fe105ab374fb88da7fda617c564f11ee309ad6f091acd74d
672,2688,0.052255548536777496,68.04124058329035,92.84808133298066,f9b7792bd37e5167f5d6c3a70aefc1bea928fb0632423b96bae88b57ed7ee1b1
673,2692,0.05415264889597893,68.1412437503459,92.94809449999593,2efc48d86e01f92a6ecfe5e5497420d0e87335ba7aea65235dc4ae924503bedc
674,2696,0.05092155188322067,68.24074683431536,93.04760774993338,02f25279a816218d556a8b06bd034821495f5096ba413102fd445731980cf669
675,2700,0.0459844172000885,68.34725908422843,93.15412954194471,3d9b006cb902b615551d3944838f8343a7fd7ac1a78cc7f3a2e49b0ffc770530
676,2704,0.04501288756728172,68.44792512524873,93.25480645801872,309a4624af33e9909760dfaf9316198fd66eeaa42d4552fef32d420a871fbb14
677,2708,0.05008862167596817,68.54811270919163,93.35500670794863,ed9219c3824ccd6b7df1c73b809ca8b4fee4af06222e4dce8d0d14c241a88968
678,2712,0.06668652594089508,68.64795700018294,93.45486258296296,7813dfcf4febd039924f88b2d4c53fc48d186c210cb3ef7a24415a0e3abf4b59
679,2716,0.054439593106508255,68.74803350016009,93.55495133297518,7aa43510fa6dbb6ec281fb231aeedbd455a0a630899ba4a42fe070d2a425871b
680,2720,0.04956762492656708,68.85865725018084,93.66558466700371,8d41179403006b170970b4f0a2d48e7e2526850acf3776d44e7f6004799d1a73
681,2724,0.058529648929834366,68.96230241609737,93.76924116699956,b67921333f13c4fb6a0ab0447f62d81918d41909434db31f90db158bf7388cd9
682,2728,0.053210873156785965,69.06386679108255,93.8708199999528,954262ece8f105fbec0c1d89d3201cbf28d441d8e8745139667f56888c7f3d72
683,2732,0.06012755632400513,69.16394679108635,93.97091337491293,70eb5a11c5e43f42ae99360c06a71b255e6773ca23429154bd24a85244cd858d
684,2736,0.05151096731424332,69.26404641603585,94.07102441694587,09a5b6491d7cf827b08dcf59df1a70bfcf9c639c8944365c02c2fe5637755d12
685,2740,0.05525743588805199,69.3691860830877,94.17617470794357,edc9f4443474a953eeea9e9d5b43af349d1278e89d0f79ccf1ddf01f76a24d90
686,2744,0.04634511098265648,69.46983845811337,94.2768399999477,ee83927f0a31730f50725749301428d295366b183ca4d39b08e8944adba056e1
687,2748,0.05910128355026245,69.57381716708187,94.3808307920117,6dcedb27fa8c19aa89f0596aaa66fc953a2759b43f39d982bcd3072200ffa96f
688,2752,0.055059101432561874,69.67454558401369,94.4815715419827,ae705517411b8972c318ae00b4468d13f8930660cddb555502507e4380cc71aa
689,2756,0.05466575548052788,69.77796874998603,94.58500816696323,08cec2c1e5cd7b0682cc20cc6a55dd27e74159442e84ffbc01a0f6e6a7bf7c7c
690,2760,0.05462845787405968,69.89583433396183,94.70288854197133,806b353759a549cdfd576d92b7389a511c503c451c4f4eb4cc3124ff13270c1f
691,2764,0.05548453703522682,69.99790208402555,94.80496970796958,eaa4d37ae7099f7b743532cb2ee6db3551a0d155a43ec31eebeac77fb86c9575
692,2768,0.057406727224588394,70.09710100002121,94.90418095793575,ceeeb71863d5a6817aca03bf5b8f56aaf6541fb2af2f3dc1d9c237cbbba8266f
693,2772,0.04622825235128403,70.19839104195125,95.00548454199452,716be698532e8942e365ae95abf7ec8b3c2efefe44cd272740ca8c1f1a79a7aa
694,2776,0.05637707561254501,70.30590375000611,95.11301037494559,16189c6aa9471dc2d3e7b6bf4dd96d3708b2ceab0ce07747889f7959b9185b01
695,2780,0.051972758024930954,70.39915912493598,95.2062782079447,b805aa84e1139dca6cae2900942ddeb52f30a5830735eae3b198816fa8d23a88
696,2784,0.04815070331096649,70.49901449983008,95.30614679201972,f6cac62401da793466b50367466d29d698c9743d4338adc413303847e2215da4
697,2788,0.05636656656861305,70.59859470790252,95.40573912498076,69a86fb1037fcce593a623ab0c0570b5abb80640b498280f05ca418365898fd1
698,2792,0.046540241688489914,70.69872849993408,95.50588395795785,ab86e8ae9f522199e1887b870f69e0e03518625c52900cc5167219b5891d7934
699,2796,0.05568578466773033,70.80537666694727,95.6125446249498,c79e7609ecf025a8d146a80d2fc96fb6a21822969f4a1015b8d32706f41e1abf
700,2800,0.04028135538101196,70.90787633392029,95.71505637501832,63070e4e7dab0b42d50be9245c6de184911f8c7587179d72a101cd419e29f3b0
701,2804,0.053163353353738785,71.0095742919948,95.81676524993964,410e7a94a169cc3f388542e345fa278cd27ca881e366c1f704725e4d67bdb700
702,2808,0.045882586389780045,71.10997612506617,95.91717612498906,c526d19cc7a3470f1a54bcd6151db4e06b77677253792ef9ed0f9c56f7c2836a
703,2812,0.04883598908782005,71.21174250007607,96.01895295793656,81425daf87478a04078f637b5a327a2a69cbbddb967894e8359d020253634a39
704,2816,0.056707996875047684,71.31619070807938,96.12341141700745,15017a522dfe4eb0f79f9976b87a3b903a0c63fabcf495e843dd150ea2a79b9b
705,2820,0.052522923797369,71.41629116609693,96.22352441691328,48f215816921e462e1b2d0e78a91e390fa74e93a3c9a7bd3978111031cfe2f49
706,2824,0.05352063104510307,71.5153094161069,96.3225553749362,b4d970c38e5f3038da226ff3a04d00d040cbe1de7f74f39180f66a85555da368
707,2828,0.05705053359270096,71.61345024919137,96.42070666700602,7209ee1980235f5f51e8d0980863c9219291bcb7a24a5ce798798272744bf964
708,2832,0.0469265915453434,71.71347474912181,96.5207424579421,0f5b0ff0813cd965340fe67e40d405fc076383c6cc16ef6b7e44499e00ada6f5
709,2836,0.052041031420230865,71.81752420705743,96.62480391701683,0c43b51f6ae18c4706f853aaa8b9c12be84229aaf323932c29826b7979072416
710,2840,0.06205764040350914,71.91695545695256,96.724244916928,f1ce0bb7c5fcbbd22973b6b9e42b49911977cd3d797d95e56dded14f656fc88d
711,2844,0.04384138062596321,72.01650354091544,96.82380229199771,47db5fd77dd6745849aa574f1b84801a2c38750fd0e083ce7ad67bf1801e419f
712,2848,0.05740934982895851,72.11677024897654,96.92408416699618,bffc086f2cf945092e5972e11651f30bd68e220cc6c3c2deecec08d0e6fe49a3
713,2852,0.050880737602710724,72.21595883299597,97.02328462491278,cbf5530b54f68edb8bba3ed08ba4192a0fcc8e701bc2379b7a1816d3c4d43ec7
714,2856,0.051983267068862915,72.32127395796124,97.12861037498806,30e617a8cbc1a327a0011fa8a5e932c0e26008be61e28378e89e94bd0aefd2d3
715,2860,0.049348946660757065,72.42226762499195,97.22961733292323,89425576918fec5d37c5798aa36999bc8f4e7e61722acaa4663ede7baf5c2dc2
716,2864,0.05523940920829773,72.52429225004744,97.33165279193781,e92b041b2e85d14c9a4dfee2445804ea452483ce73de50848b64937de556adda
717,2868,0.04930434376001358,72.62805425003171,97.43542729201727,7885b80367c72ee4ea1ee94b58bdaa2833f97f4c8181ad8109288e68a831a2ec
718,2872,0.04839738830924034,72.72784341708757,97.53522891690955,8a2f7ffff00608e6117760f5931da69afe3c21a7d585cff8f12a2fe125661ec9
719,2876,0.061865050345659256,72.8395240000682,97.64692233293317,d989010aee2017ca72da47f5455a898d106c211085717ccff6424cb6d0983f3f
720,2880,0.0562233068048954,72.93893283314537,97.74634233291727,befbde7d6e46c2fbeac220c4e9aeaffb438663ed58e5fe51fd20748b95360838
721,2884,0.04693794995546341,73.03923024924006,97.84665074991062,4b9a0f23e2b62fc291585a7bc074a1569a75d42a4d97216c8344702642ab4617
722,2888,0.04928658530116081,73.14131841622293,97.94874945795164,9a78a329ee11129a3de7dea2ee5502db3bee65b31ef01659fbde1168b4b4da6e
723,2892,0.04694397747516632,73.24073245725594,98.04817258298863,67c5d0a0b90c7d2f3575e3d13878bb2658cfce1e187e72e5c4cbd41506aada83
724,2896,0.04483161121606827,73.34254995721858,98.1499981249217,1119933eaaa1b172834f1230ca9c40d30f11b815b5a8fbed1d22f1f9e299cf2a
725,2900,0.05280745029449463,73.44403470715042,98.25149079191033,6802ffc5193892471200c83946f818e2d2cd9ce4adb53d612d0ab23760fa2d43
726,2904,0.04894845187664032,73.54495533218142,98.35242116695736,67e8ecee6a2cdf6fd24ed9a999b6579e296e3ba665b055b6216792a434882317
727,2908,0.052600111812353134,73.64813520712778,98.45561337494291,8333b4c5b5531a07359ec6a3ee7666468733b5edc6fee740bc9cf928f9723552
728,2912,0.05336032807826996,73.74935420707334,98.55684237496462,296d9ab4974d98946e8142bf4bd7898fdd7d306038a123fbd8f0e0d7e1ea38e9
729,2916,0.05277535691857338,73.85744962410536,98.66494741698261,adf922fd76e28ba0fe2a936f0e375354d60d6618f4a38fca172b8857e0fd6291
730,2920,0.04947330057621002,73.9570535820676,98.76456124999095,1934cedff81f4ce8d599d72c6cd9463a6cd6c323eac09b5cbcb562990deeac2a
731,2924,0.05127737298607826,74.05666524905246,98.86418108292855,4e83d27fa79f6f48811fc5d5ef5c5eb96bc1c809f7eebcfbb8d4915470bbf24d
732,2928,0.053165946155786514,74.15686862403527,98.96439320791978,3c0d683a685d4dd96e3b86f2a0069bb74480f887922f759db671951b43f23b11
733,2932,0.05215347185730934,74.25764754100237,99.06518149992917,8ed49a49251f4a0be449599afa4ba6b8b8555a578c70b50fa894cc89b6151329
734,2936,0.04789375513792038,74.36787079100031,99.17541791696567,686be78ce60212590c48791ec79e2c315dd4711af23e496d71ae4b060da96bc6
735,2940,0.04779089614748955,74.46837016602512,99.27592974994332,100588ceb60132afb5e7cc57339b23ec479086a786e974f60c1adad70dcb541a
736,2944,0.05125555023550987,74.56944362504873,99.37701587495394,9e4cd98b3d0a2ba194d859799510a95239e289ffb20b509c1c30fe37258eb9a2
737,2948,0.05174906924366951,74.66993708407972,99.47752049996052,1f9cbb754589476d16e14e00930f5fc676e1db5770a43f3cbaa7f2cefcc88758
738,2952,0.05835523083806038,74.77088779304177,99.57848387490958,ed983c3b0026545cc0cbf1696639ffb23595580ea9cd82954a23c3b27501578a
739,2956,0.05346404388546944,74.87590837606695,99.68351666699164,a202e99938344de9df9d7f7addf8de69f5deae66e988f283f6aaca6d22ff4c8b
740,2960,0.05454746261239052,74.97543841809966,99.7830626249779,6bb9289f5ddc795ce00f3a01c05878d7feaa29907e84039ffed205aa0fb4dd68
741,2964,0.05133563280105591,75.07518062600866,99.88281687500421,ed22f8de6aa9d73c396fe87480eb057bb151910a8d18afadee44c16e40e963e5
742,2968,0.05485502630472183,75.17541229305789,99.98305962490849,b67961f0ac10c7f300c95554ea2af1e0b9ff9978cc3c9db569fe5f0fe6e3b4f8
743,2972,0.05465298891067505,75.2752345430199,100.08289129193872,44efabc5d9944522f3955ea9f56567938135feca646344d1ace0988bfc4fc889
744,2976,0.051386862993240356,75.37644625199027,100.18411366699729,7496ca0263c204f5d180555c8159fcda00774b5a9645401e0e9e5bc51616aaf3
745,2980,0.05643552914261818,75.47698141797446,100.28466029197443,5f92e61419739343b2d10eee6edb23f1359cdecd8147c7202dc458bf064513ae
746,2984,0.06453458964824677,75.57826025097165,100.38594924996141,0ee2f197db99f173533f28181ca5c51f715cce41f744d35e31ad001d189de6b1
747,2988,0.06009552255272865,75.67930054303724,100.4870016669156,55fb621000db0f862a86e967b89fd0efdc5121d61ffff5a73a62ce334a702cdf
748,2992,0.05343545228242874,75.78217737714294,100.58988795801997,f42bce83dde5d50ed7571e8b23dde21ca8ef60a534d94d814f3ff38553e21274
749,2996,0.049255795776844025,75.88424971117638,100.69196870794985,16cf5ed87d1490c38c36a16d84586d9b965a7cb0e0dd798792943aefc2a9a093
750,3000,0.0532895103096962,75.9845196690876,100.79224791692104,f0835ec00a58968de7acb3903413219758560f785bc2e57d8dbdb3e2b2987d9f
751,3004,0.06104997918009758,76.08366754418239,100.89140391699038,b5da0b4708344a360a140c2934911d7805b57b9c302f72ab39638269193c388a
752,3008,0.0656016618013382,76.18330200226046,100.9910479169339,a5f19705106f617e6d52396c81627acb66ef025304cd92be88e45a5da2cb0ff4
753,3012,0.047861285507678986,76.28380950225983,101.0915654579876,8fe173df6f399e029913cd996e4cd8e1efbda9895c11b8a647a1d56c88960bf9
754,3016,0.04902885481715202,76.38952754426282,101.19729291694239,d185fc4428b57c859f73cdcff0a98b9c2e8ca7d2a782830e76517bc7b28082ac
755,3020,0.050815850496292114,76.48841950227506,101.29619554197416,492ffb1b3674e1701cc5c40967f373740c7a49fda5242f7683b4ceea6789093d
756,3024,0.0404447466135025,76.58837483532261,101.39616020792164,6a7d7de7b661ec55b661e06002ecaf30e8629b2dfdf7f2799dc568f0600d0f2f
757,3028,0.056594107300043106,76.68934104323853,101.49713595793582,81e63d349692b9ceddea67360e12d148e2fa6074c36643bd2ea59c0613bcc868
758,3032,0.060234952718019485,76.79150633420795,101.59931079193484,2ef5895a9cedfa8aa81bd602b37aa3d75040539badf5ae145d675275a462f337
759,3036,0.057779982686042786,76.89374866720755,101.70156383293215,9ffca921b6efb1707a04120e57e6db97ee38dd624307043b86e2389f1846041a
760,3040,0.04671821370720863,76.99359012616333,101.80141533294227,4b48f52f25bce17005fdc14fc30e49e0ff21d3ac2059cb1282ac1b95570507ae
761,3044,0.05342627316713333,77.09445629222319,101.90229179197922,398e3122b5633b567696eddef3cea1d7b383d814a80ce4713b6482244e5902c0
762,3048,0.057170577347278595,77.19667379220482,102.00451995793264,89c94e5cdbdbc093c02dc9e7fe22520875d75a7d7d297b025e6a2094e5badc8b
763,3052,0.059222932904958725,77.30005125119351,102.10790795797948,a0b1f1a853266fc957b597db4f59e0e8c275e44b08a0e40a0b82b917618619bd
764,3056,0.051508206874132156,77.39960129209794,102.20746787497774,3ffec7b231655291531c8736d9462443206e3f28cd44e0b223bcb869b36509ba
765,3060,0.051347117871046066,77.50127370806877,102.30915020802058,29f97d41175dfcdbb2513cefff9574d1443170e0ca8fdc6daed4516d03474096
766,3064,0.05925130471587181,77.60102200007532,102.40890729194507,168038becc8ddba88ce211b3d9813bfa72aa739d3a625ad92ba8d7c45dd0c583
767,3068,0.04841170832514763,77.70120491611306,102.50910120795015,59e26595f2e0dfc5cf5c09758af5b8c35fb49617748254abfdbef4e54ad74c01
768,3072,0.05662957951426506,77.8056456662016,102.61355337500572,22ba6e962707d8014a0689cd832123e8e842fd65557aa9874cf3fd74d86d7d3a
769,3076,0.04699473828077316,77.90147916623391,111.40950462501496,f437cb908314125fa558b60de7511677dd4d5eaa680f0948ea12792cdbbab0db
770,3080,0.0556974858045578,78.00037720729597,111.50841537502129,fa850045dd3f71812a3dd1ca1e82734407800c9d8db620f5c5b7ef79cb660990
771,3084,0.05905325710773468,78.10513029131107,111.61317904200405,b2f81d77b3517e1a34a2e70c21225d46ee48f23c492e578870d89dd17b015295
772,3088,0.054176680743694305,78.20448766625486,111.71254533296451,32ce6d323f1a5ac3ad5f0dbad29bcc9035cbcc78ce45c6237eaa7b6ac4f4a493
773,3092,0.051683489233255386,78.30285683320835,111.81092287495267,722f644792afb374159b5362e2d14d3062785716fb775518cc94d90c30e5e4d3
774,3096,0.049490075558423996,78.40244916616939,111.91052420798223,f3a488e7a6fa4b6ac515d86ba88bae99a913e269cda07e3f1252354ca4ad2969
775,3100,0.0540592223405838,78.5025475830771,112.01063816691749,f93add3629965a316cb563ffc80faf4617e9cdbffc535dd163369912045974ac
776,3104,0.05111192539334297,78.60229249903932,112.11039745796006,d6fb523caa8b7bec82061cf453f044e940cc9f9212ee6f6b53c91e969f02c0b9
777,3108,0.049447137862443924,78.70210145704914,112.21021929197013,a20a14e67cc1f407ea1ba3eec5bdb82c8a4786df9993d71d2ca497367508c07f
778,3112,0.058225248008966446,78.8013559980318,112.30948358296882,e69d72b24bb0549b0bff9958472760233af0a6dc56dae4addfb5bad61f3c1afc
779,3116,0.05171888321638107,78.90200166509021,112.41014137491584,e412039fdb4dfef9fd225bfd627e8b4a3cf412e733115bc5510de40d326e4185
780,3120,0.044842444360256195,79.00061108206864,112.50876029196661,67072801dcc8123330c7e9d2167dc656ef9c7592a1b3cc5c1badd8074b31e693
781,3124,0.05003594979643822,79.10484233207535,112.6130024169106,5a8bc4fd84312679f11da28478921f65132c4ac096e31348aaec1367cb61dfaf
782,3128,0.0700732171535492,79.20483404013794,112.71300466696266,50fa98f9ae70a28fdafd8f437102fe25480dc6604c20a5ddb335fc06ae75606d
783,3132,0.050597283989191055,79.3037995401537,112.8119800419081,542a2e6b3923854af8c3d019738e17cb8468d8f468a75b7419645c329bf296a6
784,3136,0.05293114855885506,79.40421345713548,112.91240570798982,04a9fc71869ecf0f26f6a6c72951a7538faef65b87058085d8cec0dbe5b0751b
785,3140,0.04499942064285278,79.5035328741651,113.01173695793841,eee0fd28f12998c0d2fd1a8119320135692008c02bbe9fa83f325c0ed874bae4
786,3144,0.048320669680833817,79.6072502072202,113.11546704196371,c9f5e609b726cc97b4af175246cf6ba1cc3ffa7093429a38d7ae71a5b1d03ce5
787,3148,0.060241732746362686,79.70725133223459,113.21548237500247,69cf7eb990539faa1a45de6b9426f0183b3ae6422a3b4947581276878479dee7
788,3152,0.05116535350680351,79.80642941524275,113.3146742079407,347aa9268f8d770dfa39494051085770d9d7bf866c05514c9aaeba82ea7e0ee1
789,3156,0.05030198022723198,79.90790358220693,113.41615987499245,4bd85a4b99280cf8c7c2921ddb7c524f5e2227cc80586d40215669b24d822b32
790,3160,0.05472789704799652,80.00692704017274,113.51519512501545,12fed4b1c155d2d66d0cb70eec205f581af53294b3954ec629611f02f6129eb5
791,3164,0.06010925769805908,80.11034395720344,113.61862524994649,8c4019d1352e614468b6d696ec62673dd0e3a6904f190ef17e5fa93aad3f9c75
792,3168,0.04262211546301842,80.21271712426096,113.72101066692267,3e21e2a2d2f57c70187bc79a6b14a1e378266940650b6876e2db2be70729fe67
793,3172,0.05252706632018089,80.31350949930493,113.82181354193017,ebb3289424df13a6b71b5fa2af0a029740bfbe4e4b9bce777e1e3231feb6fa27
794,3176,0.05663948878645897,80.41199199925177,113.92030670796521,99697ea002d9b12469d70ce01ab1b4acb2b917ab942fbe8628302356860b7958
795,3180,0.05125601217150688,80.5117334992392,114.0200602079276,1a0616176b873b4f12b183fe3ec6d813116983395e0ef0dc8d4790b40afe2623
796,3184,0.04959237575531006,80.61468787421472,114.12302349996753,e7ae46e425c280e707f940440d05606e5b2e4875cd3dd413fd8952bfd53c72e6
797,3188,0.05074683576822281,80.71413116622716,114.22247429192066,87584260150aea8066833b40825c2d2e316170e0f7141edcc66160f75974e7b5
798,3192,0.0665191039443016,80.8133875412168,114.32174124999437,91ebaeb46a1961c8b27050c14f70d03e0dfee1aca1ed2ae0a4e4f8fb4e22abe3
799,3196,0.05235684663057327,80.91392533213366,114.422288791975,1c80910bee5aed5789cc4991ccc8fb04ad0d36d58570756210248747f38807ee
800,3200,0.056109849363565445,81.01437549921684,114.52274879196193,98f27a82b4b791894a5fd9d4921b81874df209e9b5c56488ee5ac2752a8399b2
801,3204,0.05122179538011551,81.11966137425043,114.6280453329673,75db9a624dc1850eceb4e981d180c7304f95a96943c1089fe496761a8fa5bfd8
802,3208,0.05054430663585663,81.2200825822074,114.72847616695799,2ddf7d1894a35a768f9c4b6e98af2e87ed70847aec850c8af9489ddd04a89865
803,3212,0.05902853235602379,81.31967791623902,114.82808145799208,82594698ea00f4a5832e0d5b52cfd4e4e52afa0c7c5bc7f618bda320b7e9ca37
804,3216,0.05961586907505989,81.42278099933174,114.93119483301416,31832f51c947b192a4032166c209ea49bed96530de44a0b8ee74f63ddc2995a9
805,3220,0.05900055170059204,81.52224033232778,115.03066287492402,9a9a1c4f5061d4ec1c24a458117588e970ee14cc2a7c6b431b45d7d9303c0942
806,3224,0.05746296048164368,81.62466712424066,115.13310054200701,a814b98ff7497707be20aef0c63ec2eb0a4b4478be329715c4f388326efb2954
807,3228,0.04875507578253746,81.72602362418547,115.23446924996097,8c9a1c142baff6007a54692e3492bf4cc42bc4740201c0f97489089a2b12982f
808,3232,0.06636296957731247,81.82774624915328,115.33620070794132,b567d14b7062788dda13e8c0d06077ddfb440653bd01e3e1087e9e1612062fad
809,3236,0.04994712397456169,81.92944529117085,115.43790979194455,b8c659a196deeb22f252d834b55095d1be7681d53bdb791a12256e6bf58a9982
810,3240,0.05055326968431473,82.02956374920905,115.53803799999878,429dd7a95e9af4e883df0b2ea4651346425936fd23b4a92ea92f34b08e5daaf3
811,3244,0.05428873002529144,82.1378434151411,115.6463271669345,96a49d89e18307147271109fd68c25bae3a9e950fe63cf10470257641a85d756
812,3248,0.045218516141176224,82.23852833220735,115.74702020792756,21a22462f8e5c3415dbcc11cde97a5c1d8768a36e73f75e0396f49e31b8f477e
813,3252,0.050089504569768906,82.3396004991373,115.84810191695578,9fcec7f2c3fff40b253b75ed464f8eecce92dd34baa276aaa22256f84b3d0420
814,3256,0.05037491396069527,82.44071420817636,115.94922712491825,6ab088185109b1e22e502c887e02389902e095bf01117ddaddd045acb93a2b1c
815,3260,0.06379964202642441,82.54250887420494,116.05103216692805,745010b7ddc14a4bce3a2df8a42f56d94554b78aead02302f7e4f2e4fc438e85
816,3264,0.04790899157524109,82.64298545825295,116.15151720796712,20e240d05ff582b1107a4f719ae03fd675ff27da69f98cf4449b6fcd87fd29cf
817,3268,0.05538744851946831,82.74371145828627,116.25225233298261,8570a393e86426882ec4e6932caa79a325e0cd54df6b81e11a0fb1d1ad962eae
818,3272,0.05837541073560715,82.8441400002921,116.35269862494897,210582114d1db96b33dc1ca225da3704e50ed479c445f3cab95123004bce7fd2
819,3276,0.0503314845263958,82.94425154128112,116.45282254193444,8e920c7368f30f3bec5ee7e516f7257dc3a1850f02178e55432a408096e48040
820,3280,0.054922182112932205,83.04313908319455,116.55172095797025,ff431bcee8631957c7009eb4ece9b2f37b426b84a6f0f16be676090396a6f654
821,3284,0.05236944556236267,83.15346754121128,116.66206020792015,cebcad8ff8553f6319f87b65987c3d45cf946d38b7a3c432d64c7ab66709a7d4
822,3288,0.05182215943932533,83.25305983319413,116.76166600000579,96a5350cd442289c674d8e451a2124ef153b14d0026784479ffedc4aebb58329
823,3292,0.05774988606572151,83.35197224922013,116.86059037491214,a6f43514b50e78b5c4d13716e62cb9a7027e1b48bf77dae324c6bbb5b559ea2b
824,3296,0.04672512039542198,83.45437945832964,116.96300812496338,3d728b3ba201c1107ff05c63240a1172b42ad61abe2dd227c395e14bf8ada2b6
825,3300,0.06550053507089615,83.55413470836356,117.06277816696092,8e514fd93f3aa31841f2b5f1ba198fa15119ba78c72c21eace7f023d7ee075b1
826,3304,0.0508296936750412,83.6641460834071,117.17280179192312,b98a1dd80c21b121a931b0286c68de6e238d62c4b3ff07cd13ca068121aa5ffd
827,3308,0.04938289523124695,83.76914341631345,117.27781470795162,7bdcec119b373a60edb125ff5e2f0fcfad9a95d5fc9e9d52b9336bc5282d4968
828,3312,0.05912572890520096,83.8687818753533,117.37746816698927,7386586959e3b6f891793efdfebd82e6fe307cd5f7d25eaaaa09e8f1112165e1
829,3316,0.05641118809580803,83.96714241732843,117.4758415829856,68888857c29fe2c902cbac9f02d9aec859718318d91dde9e8a47bb28bd31c909
830,3320,0.050452910363674164,84.06733829237055,117.57604812493082,f948e82db63b17ca2b7c1f0a27fae0bab42976c06284257af58538ba726f6774
831,3324,0.05007319152355194,84.17439312534407,117.68311324995011,3c90a682e73ee9f5721f1e5d67b0651079c35e1cca34a8ccf9c4024167cba57a
832,3328,0.050166014581918716,84.2773356672842,117.78606637497433,04d17caf044057884b06060d1a7c0a1ff8086c5f0f7dcf539c0101135e8cf53c
833,3332,0.04614396020770073,84.3780751673039,117.88681729196105,27f3eedaed4f05335a2c43110156985990a7289e55483c2ca7a9ac901e1137c3
834,3336,0.05582465976476669,84.47787283326034,117.98662533296738,f3ccde5a5821fc0ef23c91af850674e8760f7c2f00f5bf3d68fa6987c2bf90fe
835,3340,0.05854220315814018,84.57769295829348,118.08645699999761,b263a913f761be2ed68c8ed8760bd5ef4d15c1fd97c9560d8abbcbb4c48c375a
836,3344,0.049500174820423126,84.68026620836463,118.18903995794244,8eb36c8362e205f48897fbc164225e9a2334f17c97515c3c3cba36165bddbd1d
837,3348,0.05393946170806885,84.78197987540625,118.29076504195109,fd85d2e49e9ead4766defcbcc8067daadecee5cc1923c37ed52b20d76b54311d
838,3352,0.06058290973305702,84.883564500371,118.39235837501474,2f9a28c10ab27a524e09e32028bee03a32769bf335e03b6cbff9b771762be401
839,3356,0.04837969318032265,84.98541470943019,118.49421958299354,f73de50d3ad3ba182642b33a855656ba5dcf70093933beb5f3e9540eb47bd0a5
840,3360,0.05278993397951126,85.0921255433932,118.60094154195394,e1eb586aa3522e1c3c620944270258996c36c9ecd949f65b9f56aeb9bed09688
841,3364,0.059093546122312546,85.19410729338415,118.70293566701002,6d056f14203cf805d0cbe382fb724a54e2ee5d1ec3676b965a2067b92cf8c489
842,3368,0.061480969190597534,85.29378983541392,118.80263079190627,dce5640b1178162b93dd638778f42c83cf1b206170cfc41942ac446acf197509
843,3372,0.050930462777614594,85.39423316949978,118.90308495797217,fc58b3cee6d4cd255081e6a2d484c5582b1c1a9a19566c11004b126c954fe62b
844,3376,0.0440300852060318,85.49337104451843,119.0022324169986,e7d6a8bc06faa08e9fceffb4184bc97cbcae4f2b9dfe6a6b725f8d637dc408d8
845,3380,0.054486773908138275,85.59549287741538,119.10436479200143,d883495207bce0e040c323b40cc62c6d89447f302b413549dc477956b7da1507
846,3384,0.05286087468266487,85.69873116840608,119.20761641697027,ab0034733e7b486dc43a8ada1e7c673f1fa912ff2f0ede5eec1ce48c37e611d9
847,3388,0.047562338411808014,85.8008665854577,119.30976537498645,06863f47693067c57df6047af04e6d7a8f683abf11ba6f2dd974235fd6c31fb9
848,3392,0.05350717157125473,85.9028295854805,119.4117415419314,8de78b69cb2d757d1060339f1467e56d138a38b7136c88efc2e83de12f911d7d
849,3396,0.056638266891241074,86.00359058543108,119.51251583301928,6a6f654a297db1b77364b3c66f87de5be4cd70e37a03766e825bd1105cb6e1ef
850,3400,0.060060884803533554,86.10895758541301,119.61789399990812,795f4aeb386f9791f36a9edac58c60cf44ccd1451333da69a0cd9b798d7338d2
851,3404,0.053647059947252274,86.21067950245924,119.71962804195937,a02001d67d1fbf06f60c593031a248b1d9d480a3a3ab575b492a0492c03cdae9
852,3408,0.042840082198381424,86.3128493775148,119.8218107499415,f3824a338c572b61515bf9986d3487265475aa19869632305bda8a057b2d5228
853,3412,0.058616913855075836,86.41383987758309,119.92281320795882,879a5c6e6d8fe3b5642646247c9a0e6d8358364b8bb159db0558346481628b08
854,3416,0.04172399640083313,86.51844671159051,120.02743045799434,d6feb028f41e5f6f16151120e3a83ede44a62fd96ceca266d2d71c31ad7dce5b
855,3420,0.06451356410980225,86.62077408656478,120.12977029196918,a3704ec12b895f0b13f32c4ab05001f32bd312d9a3ef217176f65358a3bb8a72
856,3424,0.06095707044005394,86.7227100036107,120.23171874997206,7a46d91a92655d28153cd45661d7ff8af3255946cdb0ce3086765ba7402fd3ea
857,3428,0.05434180796146393,86.82399858755525,120.33301687496714,7f60d759538d1debca8abd2a68a221a4f84f61fbbf935c00b349d46019320397
858,3432,0.061162084341049194,86.92507946246769,120.4341074579861,f9ae7665119ad56223127ce2d1148e01b684d4b77b6d9a0ee75986d8e00e227d
859,3436,0.047744810581207275,87.02583104546648,120.53486929193605,fce440054639c8f12c711be56b97bf829496817ea6cf1c8b229ec9c76cedf4dd
860,3440,0.051842235028743744,87.1324872955447,120.64153545792215,0547d6114af3ccd582df3166a3a35ebdb97e034a13bc1f5d8081c17df4e0a01c
861,3444,0.0542663112282753,87.23398742056452,120.74304683296941,ff07034db35efdb15c781df42025fe81e9054ab78767c3dac03d275b070dee5b
862,3448,0.050827812403440475,87.33238479553256,120.84145504201297,33f008ed79c4444d99790f997289ec3ddd4ce7b86b2458a106c081078e78459c
863,3452,0.04441479593515396,87.43504812847823,120.94412937492598,3f1c47f0c83af2ca75d7707cded414071d6e65a60cddf2dde28a1c7fa0f5af11
864,3456,0.05145692080259323,87.53532075346448,121.04441183293238,de6510f5916495a3cd463775444b5958fb607aeed81183720479f459274e8465
865,3460,0.04307199642062187,87.63891608652193,121.14801758294925,b9b2b1ab52c8c6ac6b44c4e745b7a34bf8349d68c2c7abca7dc1481c5c9f709c
866,3464,0.05327959358692169,87.73728725349065,121.24639820796438,b080325580c0538ab6d03250fa5a7e9ab9573011250d0db76278be735fd8073e
867,3468,0.05094408616423607,87.83778725343291,121.34690745791886,698e051142ae52ef7588f93394e07c55d1d67140ff8c10deb170672405f18371
868,3472,0.05054665356874466,87.9392188374186,121.44834749994334,0393b813d67ea0b7e90386fe13ed90f9bed9da82f84986f1df1b9c5f839b7fb3
869,3476,0.04917990788817406,88.04193487938028,121.55107237491757,73a17ead7eb4979a09e9358244799de9280dd9f510c6af9ded1c173b3ccbefb2
870,3480,0.04907665029168129,88.14989271236118,121.65904170798603,0de6c1108c8234c5677623a16967728f4f84d1f36421bbe626070bc297c24ee5
871,3484,0.055762048810720444,88.24955767136998,121.75872541696299,ac05085be2fbf614ab04585f14f22bd9fb65e93e2225e4fe4cdf2583dc9b87ed
872,3488,0.057148609310388565,88.34916912938934,121.85834649996832,2fec3146342015c2aa46f70ed902692af9c5430226bf344d1f092a43adaa5aa6
873,3492,0.05264516919851303,88.44975262938533,121.95894045801833,bd5ca0011dc379fc219f95b4354e9b2398fc5ee3120ce1fcae5cceb41dfc9a17
874,3496,0.04234679415822029,88.54969283740502,122.0588885420002,6c86640d401fe93c7c0b7f21981480caa44632a9a3fa0db31e5b7421bbe53c5d
875,3500,0.04979778453707695,88.65210325445514,122.16130812501069,23864ea9dcf5d3adee29790d4ab97f5b5486a4ec274cc67ea8eb5f0915f29c2a
876,3504,0.057337891310453415,88.75310317147523,122.26231737493072,3c79a7cb39843b176240d89b7016fa498a0a16590df746049df87750335680d8
877,3508,0.0520821250975132,88.85329154646024,122.36251558293588,a2f5c12ca78a438003e3efe66c2bc2b0b0eeac697ebc037aaf54176c06cdee0f
878,3512,0.051001232117414474,88.95336146350019,122.46259379200637,e78d2cb3d4ad88df2483354b47ad688c99e3ecee53cbe4bb3a6fbedb8ea83b09
879,3516,0.051778580993413925,89.05321017152164,122.56245191697963,724f7521faf38bb8127ba353ba15170e762e30e7f2dac046b3f7f23228de3998
880,3520,0.06021789461374283,89.15966008754913,122.66891374997795,c90b432c0144f997c5201a131a1bc642bdd8ea8162d61ef1be237abcc7b4ce74
881,3524,0.05418093502521515,89.25926262955181,122.76852924993727,94155602a20de19db1fa6a0481d5b29b38f26289006d3c5755eee692e0877ff7
882,3528,0.058425746858119965,89.35950792161748,122.86878766701557,3fc49897e44dc184be004ba19ab116d6b5406b33388b60d0c744ca0389bf62da
883,3532,0.05457448214292526,89.45759387954604,122.96688424993772,217eb3d21b6172ced4fb53a716b6b22cfe017cec6760ca6f09702b424b566b57
884,3536,0.05461984872817993,89.56049862946384,123.06980233301874,b4138b4a3fda141021f6961aeb44fe15a88098858b63e17485cc2ccaa73ad6c3
885,3540,0.04771469905972481,89.67052846238948,123.17984224995598,e70bd977e26a501d5f8e243d450a54e35f3b88b776df8dc314b068f2105c9036
886,3544,0.05448628216981888,89.76933525432833,123.2786608330207,c7ba328cfefd1d779ef554e99bb9238f48490744ff38a54102c34366a7fa4da6
887,3548,0.05529399588704109,89.86865900433622,123.37799579196144,bdfa0cbf310f4dce71e04422a967a1f6dee36d4af72d0e8a4fc89553ea7f7f60
888,3552,0.05755061283707619,89.96872804535087,123.4780772079248,3f5818df070b7ea4c958dc7ae47753e0796bba4578f3bd1e1140fe3f89fb3b52
889,3556,0.052717890590429306,90.0744173793355,123.58377749996725,f3614a4b798547874255f0c5def29c844f36ac7c421a4e0ac828121f50a49264
890,3560,0.05222144350409508,90.18117254634853,123.69054441701155,0ac9092a6d925fec66f602fceef1bd1e3b80ca8d7c8f105db2d2d5670c6b3741
891,3564,0.04001364856958389,90.27593883825466,123.78532295802142,2a2065acdba9abb0851a038218ca5d949089d99bc22ac8352b3bbb902bd9e400
892,3568,0.060930993407964706,90.36685092118569,123.87624949996825,d0206a5771d0321faa3f032723dc4a3f8339699adcf853be7e2d40ab529ac406
893,3572,0.042164675891399384,90.46842100424692,123.97783012501895,14afc36c3613b62d7ceed55e52e7cdb7048a15ca62d9fed1c66693852f069ce8
894,3576,0.044935718178749084,90.56734392116778,124.07676199998241,6e0175ddecb4a306ed482a7a687d6c08677338a3320ed150df206ebac7e26416
895,3580,0.05406666919589043,90.66861100425012,124.17803662491497,60d75b38f0ed6140546bc1220c87ccaef052d0e35d073337f241f5fbf0f925b6
896,3584,0.04387084022164345,90.76780383731239,124.27723762497772,b930b172a7751cf62f2a831774ac101303e66a1f18cae1e45ad9e70624b66a19
897,3588,0.05844729393720627,90.86808971234132,124.37753470800817,691bf01f363815415680b6e8ddffe3d9c489ad00066e47411177d701d3408e19
898,3592,0.05467107519507408,90.96881967026275,124.47827662492637,d86a316cf7249054528580a51980f8cbe1b4cb504c5fdad1da9f4d216be2b72c
899,3596,0.057078465819358826,91.0686940861633,124.5781641670037,417b9c9b0dc820b45d055b4a36c66689b1ae204e88379063fdfe8059dce0bfc2
900,3600,0.053864337503910065,91.16609121125657,124.67557587497868,5060f916bfa913c4a14818beefc61c2dd0e227407f5d76b042ffe30d5c2b59fc
901,3604,0.05060799792408943,91.26613600330893,124.77563358296175,cc16f5109c23b6d89076d62823df2cfff718fab12e587a33628ebe99047377f6
902,3608,0.04480188339948654,91.3647498782957,124.87425916700158,7b4750b16ca379e89f47ed15a812da1e0a4b7d13494e78e85928c9a571b7898a
903,3612,0.05289382115006447,91.46531208627857,124.97483245795593,d2263ca17b0e815c7329365d7cef7e4357c1e9c38948314b806979d4fc26334f
904,3616,0.05008215829730034,91.56692350225057,125.07645612501074,c5e466e03372dba41854eb64996c321f6fa39f4337974c11285ad97e17328a94
905,3620,0.05421368405222893,91.6762569192797,125.18580083292909,e604195c6de054c24061911d0dd88da130396c767bf3be4e350b540df6f36372
906,3624,0.0656098872423172,91.7785319192335,125.28808895801194,93da760e7ae61b8da06a9780d10406443d6b641f498e54fa64f446832744b956
907,3628,0.04924386739730835,91.87881458515767,125.38838149991352,4a134bff023fb6c673f1a3b6d55bce1b7f236c65db5d5ab169ccf4183bc5fc72
908,3632,0.06699492037296295,91.97984254325274,125.4894181669224,e764afbacdb85ad33982f41fc9b7fa9146589f518d28fac1c38f64758e62f41c
909,3636,0.06026922166347504,92.08304908429272,125.59264358296059,18557820e3db8c9e222a4bf2fa20e8a2dbd786ce77077034ab8cd034a4916873
910,3640,0.05651180446147919,92.18442175129894,125.6940285419114,fc43805ed9a162e8802320566b2200d9f3ccba823e25e9ff483c3745dfab446d
911,3644,0.05548862740397453,92.28541420935653,125.7950336249778,4eaf098b4d9dfeb0ea9779967eb65ce245fa2669ebeb24679b09ef23a2ab02d0
912,3648,0.04965243116021156,92.38610804232303,125.89574062498286,0905b1dd62fc113d56acc80193f330deb2d277bb1ff3eebab366f6a8ba51f520
913,3652,0.04829620569944382,92.48722404241562,125.99686708301306,304f226d098e51f53484c5ef0f631a25d1adc9b637cf7f7f4f5ff6fc18357fc0
914,3656,0.050302065908908844,92.58690541738179,126.09655962500256,9ca91e1ee908e479bde1cc65aaf920f8a4fe8682b5b1707f7813c8ae30a48ed1
915,3660,0.0543343722820282,92.69066108437255,126.20032479194924,3ca538c960031987fa1dd31fcdcfbbfb3608743166aa9589803e7b70a90f65be
916,3664,0.05115129053592682,92.79202691838145,126.30169941694476,8060d4d33d4a44299f624c0558988f14b219b3721533f39c039805a2c6ad58e9
917,3668,0.051187023520469666,92.89218875241932,126.40187158295885,735e3ba249e399dd445a1e4fec1116add4b0a9866da4b6b20fad0f72ef1fc77c
918,3672,0.048474010080099106,92.99122333549894,126.50091558299027,34d49f5d471ef95f7875a0c95564491103935e332588a2fbc5651cc9c6a8d3bc
919,3676,0.04737915098667145,93.09793100249954,126.60763366695028,f6c57945dafe9fb1f266f6b9ec0efd927a5a37cc64bdc58fb2d4e9768b7d2729
920,3680,0.044459808617830276,93.1976940445602,126.70740912493784,137310d1ba3f15acfbf134e4a7474fe4ef99b0b76317a3bfbc28b4cdce50d5bd
921,3684,0.05463868007063866,93.29912075260654,126.80884520791005,7ae9bad7f555a925b0ab0cff0d8b09854cffbcec749351910fbfae5357f27984
922,3688,0.05351130664348602,93.4001337105874,126.90986937494017,7b2fa65187db3b4929a055d0fdf511ecdb9b7f09e35cf058370209a5f330ca2c
923,3692,0.06153235584497452,93.5004912946606,127.01023633300792,c61091f6774fcbfc6fe61a2cec9b455696892861af9405ce6cdf6a1bf54ccff4
924,3696,0.05660001188516617,93.60333258670289,127.1130884999875,b98078cf03341bedec573327c3e66b4ab3a072ecd0bbd3dd27476185f404c55e
925,3700,0.043856386095285416,93.70210958668031,127.21187783300411,2c91f051bce4a4ed6d512c500270dade2cf77333c30c24dfc554e6a235892ccb
926,3704,0.054815322160720825,93.8035540865967,127.3133353330195,49d83bdd7f8b298ffff5437f10df87f533ba95004c36f1838b624aeb59b5d6f7
927,3708,0.06197011470794678,93.90354400267825,127.41333891695831,708a7b4d00c81edc6a3ede2f81765927b3c88c8ce84ce7f7a8d6fbd37398ed04
928,3712,0.04673746973276138,94.00521829363424,127.51502266700845,b0ddb2155f09aaba62b196a55713d5d1730b00132541dcde112717008164e1e6
929,3716,0.06495993584394455,94.1083637526026,127.61817970802076,847706c399d947762387fa894b54f6cc8b1a1c30795e2b9017fa37aa7ae11c68
930,3720,0.05107196420431137,94.20964416849893,127.71947412495501,143af20025693fc35f7f3cd38517e4cc0a144a147e7b46a5c9dd27aef35fe4e5
931,3724,0.04733089730143547,94.30784262658563,127.81768658291548,df1d05a04a927a481d4b62042cd8c62c3ad7b6c9d4695b056577f8a8ef4d8781
932,3728,0.05731058493256569,94.40805162652396,127.91790545801632,192ea16e3a0d899b0d76b0a9f4c52d5dbffc8e5dcd2170907fdab331e91ff390
933,3732,0.0630071759223938,94.5081179185072,128.01798458292615,e99dda876f2db27ce1a963938f6af9296689e2975d596b4a905ec2bb726f7c2e
934,3736,0.05307593196630478,94.61044766847044,128.12032624997664,72c07f7f11106a39e8f61083e6b0dacd82abfc2415a82ddd06f6d78e7f8fb010
935,3740,0.05778518319129944,94.70909375150222,128.21898383297957,ca48807421d8180f666d34be96669f798429a3d88146309b1b53f7b6117187fb
936,3744,0.0565582774579525,94.81507183541544,128.32497012498789,e831472271548f9273a2fe290b8740430370e2a051f8fa7998c76724c61e97e9
937,3748,0.060609448701143265,94.91537300136406,128.42528199998196,5bca76be14d9d3f009ebfc92f3cfc0fe148a556675650b7ea6ebe521ea2ef365
938,3752,0.05018634721636772,95.01526891731191,128.525189707987,c2a307f8edc180019023fc3385320d333e4cae249a6917be21687c11a3abe41b
939,3756,0.05100785195827484,95.1232017922448,128.6331339579774,a22794fd3dbd383314d9633c59974ac2d7f012e5efd21a2f00664ea5faa4654d
940,3760,0.05145828053355217,95.22403241728898,128.73397495795507,579aed8de30f7ed56d23fb57e2d99e8ffacddc0dcd934da732faecb95b313590
941,3764,0.04954501613974571,95.32495154230855,128.83490404195618,b366ba60b0c09111e90760e9f97d9266b0430dc23337c062be10ce74f94d984f
942,3768,0.05134648457169533,95.42354783439077,128.9335100830067,ea3a39460e074a12deb03ada1f1c8b5234b158eaa81fde80a1f53f14aa7315ab
943,3772,0.054773103445768356,95.52198895940091,129.03196041693445,d6c9f90154eec4e65efbcf08f5ae9c2cf6bdca8d734a65e6b602a708ab5950ef
944,3776,0.04386718198657036,95.62776583433151,129.1377506669378,091c0bd778ac251b9c026509884c2b418a0b739b631cfe2cae6e651ee7a5788d
945,3780,0.04915961995720863,95.7289171674056,129.23891349998303,2df58f528020a213dd07796fd2398d7eeb4890c7e480cbd5b8cf2885da738fb7
946,3784,0.05591416731476784,95.8292511254549,129.3392594580073,e1a9b497fcc41c13617ee02f55b787939cd437642c018c916f669778dd263d05
947,3788,0.04855316877365112,95.92859675036743,129.43861458299216,23f4ce8c218af9e884af3918c49789e5d65b772abea2d507f2efc5a534f028d6
948,3792,0.04907049238681793,96.02888520830311,129.53891337499954,d8a76a3acc047ea807a98a6f409f38a2b2e152fa265da6014e7d7321000c9a5f
949,3796,0.05674894526600838,96.14119320828468,129.6512317499146,8ef2ec2993781173a0501e8e6595fe3dab6becda9e90c4cd55f4986fbcb7452a
950,3800,0.04711528122425079,96.24100783327594,129.7510593329789,3b3069a057edeeadc7fcfb51af90aa3a2b5660c6b5d2be9aeea490291a121dbf
951,3804,0.05213785544037819,96.34190070827026,129.85196304193232,3b378d79da477bee8b9f4f919f561d9cbe7b9da99189bea66c2824394dde3968
952,3808,0.050249069929122925,96.44328695826698,129.95335870794952,1f90e7d9a946c119480824dd4b4993fff98cde7fc8fe762b033371e640a17cdf
953,3812,0.05950751528143883,96.54411887517199,130.0542006669566,d9fd1ebf80da74246fe20e425e5b59d49ec8bd983e03451cc223230999eee2cc
954,3816,0.054941680282354355,96.64752429223154,130.15761491691228,ea6300f758331e230299ed7164116b262763e8d06358391d17bb8383145cb97a
955,3820,0.03999747708439827,96.7511080421973,130.26120883296244,88af5d99328577ef3500aaf77c9c1d216151e345e31ee62bd5b7f98644dc8019
956,3824,0.04867957904934883,96.85293808428105,130.36304924997967,cf1ed5b49fd31ee0619c5d5ae3f59caca65f80ae37b7ea169c99f2b43634e80f
957,3828,0.06042688712477684,96.95458425022662,130.4647044580197,eed8550e7b2b62df483172bfb5bbe9ade452e2ede10f14d05a97c93d20f3666c
958,3832,0.04911508411169052,97.05599316721782,130.56612233293708,8e61d02bef8a3446184f5b2abbcdec712a1765f0855e97ec0e2486e1b1ba8488
959,3836,0.05740704387426376,97.16140108427498,130.67154208291322,393e1d1ad064d28a77f65e3738fb64a51546684dddf68b273576f2b4c7a9c77a
960,3840,0.048850011080503464,97.2618356263265,130.77199012495112,4ac583e0fc585c0216db14462adc88a2924c01e47a4794fe8362a3c129c44090
961,3844,0.05509942024946213,97.3635836673202,130.87374912493397,114f23d57ffdeebb16ff2ffaac6310a65f0372c41620e12ada9580377d0ac6bf
962,3848,0.05082092061638832,97.46400887530763,130.97418554197066,a930a37950e512d76668e3806bd73176421adb0a45cfbc5def09dca18f109606
963,3852,0.05376845970749855,97.5670869583264,131.077276624972,f6cbe75fcd9c689e347019514b978b31e502a095976543b9d4f46d37d2d14dba
964,3856,0.045842915773391724,97.67544637527317,131.18564770801459,3af07a6b3ade0e47653aa41f8d6b637a7451191de54cc5e9ea8a2c68a0beb42b
965,3860,0.04903261363506317,97.77597966627218,131.28619354194961,43933be3354eb98312ab56da0c462b8c51be4bb208fd68f1f5739e063b1be3c1
966,3864,0.055114056915044785,97.87732774927281,131.38755258300807,488d8eb1748e1e422b2fe9f7a3cd94b46152c690f52dcea8a549ec2974a045f8
967,3868,0.05519457533955574,97.9719152492471,131.48215275001712,c2fb6da0d6b5b166f25b952b96264b0425bf6ee0ea94a670c13799671182c279
968,3872,0.05274800956249237,98.07075295725372,131.58100416697562,b9edff6c9071c839ca8d2f2f6c6a828d4f782be531ab236aca67331ec7d98493
969,3876,0.05242287367582321,98.17650624923408,131.68677004193887,f89c21c7043919e4bc2789b69e631c84b1e3fb0ecaf1a7fe0b4f9f594510b6af
970,3880,0.05829755216836929,98.27744145819452,131.7877181249205,36fb471fd3f99eee2c5f500652dd57a87340b168d1856f4d86f6989f65857cfc
971,3884,0.05247863382101059,98.37772129208315,131.88800983293913,3dbfbda8b3c166e756ccd2351594b39282441775be4a2800db58bf4eedeb8c75
972,3888,0.05859887972474098,98.47819879208691,131.98849879193585,7eb0df40875cdadeca19c6820c6482881e09fc456bc39b732ab40e6d6b95ebf6
973,3892,0.04569141939282417,98.57939970912412,132.08971162501257,ec635def32a161f09810a280ed1d6d4999419388e18114f368e1411ea2a8943e
974,3896,0.048965007066726685,98.68329608405475,132.19362408295274,08552f85697c05e85860a3e6599cc616cc76785896ca73d3bee66816d0ccdab4
975,3900,0.0398680604994297,98.78555791708641,132.2958986669546,9ff9bcaad0f02e2efe5d8f0e61268253798d84158afd65f6505fce179c8ca581
976,3904,0.05235264450311661,98.8864548340207,132.39680708292872,10d5859db958352afcf3269078904b04f7a36bfec039e4ba8d943b7b9e127564
977,3908,0.051334135234355927,98.98861775000114,132.4989895420149,57a29565643e25a0e88f48b1ec6a235f42651482c55d3ca5274ea4f6c79c5c5c
978,3912,0.048019129782915115,99.0938122079242,132.60419524996541,1bc3ad7895b8e762e98cca14dd0df3a6b4cdb55721be8fc3e7a5360f6213bfab
979,3916,0.05973002687096596,99.1975259159226,132.70792004198302,4dd83cfe784b6868ac8ec2007b04e243a2af6f269c190591df5d87b994e8e3cd
980,3920,0.05485451593995094,99.29794016596861,132.8083466249518,3d0b1221c4048586ac690e262bda98afe3b569b29959808b810f2eb346c1eab0
981,3924,0.05327311158180237,99.39830179093406,132.908721457934,4e615dcec7b3c872ad6eb4a9286a57985a98bf51bb390ffdc94091e4889d3998
982,3928,0.04821127653121948,99.50019887392409,133.01062837499194,32e03adcace330c311e4321f4a382be5c05b97464a6c24e09604903a3c91d0d3
983,3932,0.04459112882614136,99.60469137399923,133.1151298750192,04b024b12fc4811814acf241a35e1f4faeaa9752cf76f3f5b96d40602678a55f
984,3936,0.04826657101511955,99.70744229096454,133.21789204201195,27be63b97bdb3226aed8ff23bbb8c11e73420f36ce3a841655e057919fa73869
985,3940,0.04827079921960831,99.80915279092733,133.31961195799522,09bcbac772aaad23e94cbd6633d314faa05e5fad887375b0ed812057d1e7f0a6
986,3944,0.053704746067523956,99.91155174886808,133.42202237492893,4df96742ae754ce4d74baf15cd78f841120fcff813dde8d828f9fc8a2d74dbf8
987,3948,0.04621007293462753,100.0125863738358,133.52306833292823,643eeb7b0681d3002754a464357747765a82df2196ab27050f3127c9f67de4d5
988,3952,0.04831051081418991,100.12198670685757,133.63247841701377,f273dac5abf650328d7fca761a13eb80935fb3237bc119fe7122977178bff283
989,3956,0.0486907884478569,100.22405441489536,133.7345585830044,2db070777fceb9e83347a206d6e0da8b64f1f922e7c3de15e17cb6b1c14b88a1
990,3960,0.05430353060364723,100.32856624794658,133.8390816670144,b94a0c227e4dcd52a442d471d541697954d3582f3f63d1ac1b14712a386454af
991,3964,0.04428441449999809,100.43169703998137,133.94222262501717,7c4da1bbc67b876f5716c3e49f574da1c672719b4107280a1409ffb94fd2b816
992,3968,0.04399316757917404,100.53313366498332,134.04366949992254,a959eab64c85e3806116160419c3efefb56e6f8f53cf9ebde9a58a0611aec229
993,3972,0.05264055356383324,100.6354518730659,134.14599916699808,b619b60d2ebcc999730d70a2466273a376d4b0996945f4553809159ee56c9d00
994,3976,0.05738485977053642,100.73614187305793,134.24669941700995,e879e5033fc21535332075543db41f2cd08debeff0c8629b30bbfafd2aad47a9
995,3980,0.05987956374883652,100.83691549813375,134.3474862499861,e9b6a577ec703178e6df94fa65d26393c7aa099143cd8de89634b4e02f6a1b30
996,3984,0.054167889058589935,100.9377637061989,134.4483449580148,2bd53a7aa8c997803a0834f176c765af5b5cd59d3a84ecb238e9738c0a38215f
997,3988,0.0546116828918457,101.03684103919659,134.54743949999101,0e3f14dec77807a19a9c4582a27679dd3bbebf3628aa5af729312c374e4d2765
998,3992,0.05532390996813774,101.14912062324584,134.65973141696304,f937d2a09f85e2acb4e4fe1316d9160df5d928060f6186140fcb0fb3b66fef23
999,3996,0.04559335485100746,101.24982970720157,134.7604531670222,b217d5b446d5735e1972f905fa501147c48f108f3b132fe928d9d661be8b0d23
1000,4000,0.04987134411931038,101.3499789572088,134.86061437497847,698d9bad455877957fa7a1c2d4391c826f34a161732d060df07644cc500cd7ad
1001,4004,0.04886310547590256,101.44975341623649,134.9603992080083,8e2e1ff8a560160550710066fa2bf80cc0428ff4cdbbb95b148f5a74cc7b9e91
1002,4008,0.04385010525584221,101.55105933221057,135.06171633291524,efa6b778617acba0700bacc0855cc0f3c9cc7eace85437ed7303ad170945b9d1
1003,4012,0.04182326793670654,101.65216949919704,135.16283937497064,98d7e3c3e7c8c53cfd8eb55ba46b0733a521ea775cdd53b7dc3f42bc2eb52397
1004,4016,0.05325568839907646,101.7529551241314,135.26363612501882,e1884d743e127454fd9cc394216ef2947f264a0cd5aeabde0023e806b3e07c0a
1005,4020,0.057035911828279495,101.85259995714296,135.3632906669518,b12e4cb318a88a0065b5217d0cacce2cc74d2d6df566bd9e763d823a5b5a1f08
1006,4024,0.0504026785492897,101.9530609571375,135.4637619999703,d48483f99b86d46da73ac79ac45f299da862643e2fc4a53255eba526cecf7f50
1007,4028,0.05044706538319588,102.05497262405697,135.56568283296656,3958ab51301385b412417ad346360b4ac9d719f4ad225aab8ca1aafe59d73e28
1008,4032,0.040956977754831314,102.16410749906208,135.6748293749988,8137df98f623306fec846ac39d8ab51f8e0261665656bf359c251f145d00fc3d
1009,4036,0.054527267813682556,102.26587195706088,135.77660508290865,096773cc277494796fbb51cca460c806e8c4bd8451029ef77be625dd2f4d5fac
1010,4040,0.0531407855451107,102.36797341611236,135.8787167079281,eeb12be2f63f1d2657b358fb32f0765700ddc314aefb6ca7c583504f72b0ec6f
1011,4044,0.052592683583498,102.4692474991316,135.98000070801936,7bfff51bd8d5d323ee1b2fa6f72ded15178ecf813ea632cc51ca523e36fa66d9
1012,4048,0.05120035260915756,102.56947566615418,136.08023804193363,bfe0e9f665b92e1633989662a975299fabfe9b3a02f4035b218a93a3b9003963
1013,4052,0.052843980491161346,102.69226183311548,136.20303629199043,9b217e90698ad73073439cedff2587c92cddef6ce8f237907a5652139f486392
1014,4056,0.04951639473438263,102.79325975012034,136.30404462490696,5441ea70c62f4599a8cf0c893f262ad05c5058198b4a507de36c4fd2d9727055
1015,4060,0.05361301079392433,102.8946354581276,136.40542958292644,39d8774fe306e74dce9eb2494b2712cc92961cfc799bdc31ff8322c2e0263b81
1016,4064,0.06088614836335182,102.9951350830961,136.50593933300115,46c972e7711244529f40cc7472b4f8da36a36658b5e8212c2df02b071bbf4316
1017,4068,0.05692180246114731,103.10263016610406,136.6134471669793,20e8d54db952a82e961dc0d12858d55cb3a4f73953a876207f6faecc9730f268
1018,4072,0.05519973486661911,103.2030374991009,136.71386516699567,6d177e6e440700c1209ed10ba671553cf555b1d8cfbd1397a33942f84e8a6faf
1019,4076,0.05500686913728714,103.30499787407462,136.8158357499633,fc0448f5a618a9cded98b5df1e57b98397df6544c8a8efd8276c723710c5d3b0
1020,4080,0.055822648108005524,103.40515954012517,136.91600629198365,560affd95e63b504b8c5f17499516999ac25ae7c66dd993e15a324ffe38e333c
1021,4084,0.06571251899003983,103.50696058210451,137.01781699992716,3f68ba9b68dd94bc3a1d12991cfee9b17715a15844bee45cbebc32d228dc2ab9
1022,4088,0.05659906193614006,103.6131637491053,137.12403329194058,f25c7b621597772d4e172ff2f5963799e9e588569bd89920b100a16a86cd3dac
1023,4092,0.05155372619628906,103.71497129113413,137.22585466702003,a7fb342f3b6941e1292185021b12118d3a30dcff9990c969ac5add093b607f05
1024,4096,0.045928265899419785,103.81502199918032,137.3259167500073,bdd59a950346067b1b0dfa404e57f39f0cab8842829509bf4b2d2e492e78a29a
