step,examples,loss,train_seconds,elapsed_seconds,sample_index_hash
1,4,0.06130831688642502,0.11487325001507998,0.11487887508701533,cd37cab234c590a6f540631e8da02e7a1cc3f4223ca9e779679ae1951bb8b67d
2,8,0.06402073055505753,0.2178583750501275,0.21788983303122222,c383a6fb7a79ff1aab160cab74a66b9ae0dc5266385bd623b5da547c1cf1ab8f
3,12,0.07087790966033936,0.31764262495562434,0.3176893329946324,5264aa8f8e84db675e8484ff0ee2e6342f65b1e7c774f1d025b1135da4c1198e
4,16,0.0640174001455307,0.4162332919659093,0.4162915420019999,1c0377407e03774ff5a10f552eaab3d3eb59ab7dc707224d6cd5de519ecd01e3
5,20,0.06291690468788147,0.5131840009707958,0.513252625009045,3526a14aeb38aac4a10a1de429a76a2683d8bbd9c33586d980a00a14a01e6603
6,24,0.06579536199569702,0.6094068349339068,0.6094852919923142,d8b22977347b3228c7cbdeb8c888ae8bba48734ac5e189600898c548feede215
7,28,0.07191157341003418,0.7088396679610014,0.7089287920389324,1fdff8ca260247847f49a42613b1c1b5dfce6804b47b00389a4a259cde584713
8,32,0.06330488622188568,0.8132817519363016,0.8133869580924511,3a104afde0d8e7d9b0d87aa7ce015dc0111fff153edef4a586fa15a99fb62e88
9,36,0.0717635229229927,0.911634792922996,0.9117535420227796,db48ceaeef0a74dbb25af4a017dc8e5fe06cbb680d4e4ce957e7ab90f9b63d14
10,40,0.06355329602956772,1.008815209963359,1.0089443330653012,2dc4a18860fde273c2467de47bcd0aefd8435b6a73b062ee9c1876d8fa02f5bb
11,44,0.07244502007961273,1.1063947519287467,1.1065339170163497,76ac4eb7caf108276cacd0e00fe3f8dce3b8bb03960e3d25bd2820088ce84edd
12,48,0.05886642634868622,1.2047367099439725,1.2048857080517337,2e45bc2d993b2c113ff59004fec2c44ff33a2f09ff71631f9792e9f6fa8213b5
13,52,0.07646074146032333,1.3051607520319521,1.3053206669865176,77624d4623fe091045726abe71a33f2392455d0e0fa4ae1f4b1411cf7138bb5d
14,56,0.06847723573446274,1.403838127036579,1.4040127500193194,7753b8dcbba0710020a24d63b3d926438d73b91066762d2e7d1347e36a126110
15,60,0.07059662789106369,1.501366668031551,1.5015545000787824,2f061bdaa8177da4dcec78668b046cd84fad45b8470bb98d015f8d9da809d264
16,64,0.062089674174785614,1.599395626108162,1.5995939580025151,6d5e1423091eff6595a544dc9d3c151eb3e9d23737eb796f2b586108a55f774b
17,68,0.07653088122606277,1.698576751165092,1.6987889170413837,f4480de9fa6c3ca6921be0437d06d8c32caf8e1de8a98c7cc68d23b08371dd2d
18,72,0.06773485243320465,1.8002176261506975,1.8004437499912456,01d99c1c06022cbcde86dbf9318345617b72699988305a5aee99f7afb7b24a16
19,76,0.07033813744783401,1.8970170011743903,1.8972553330240771,6253018cef551092a49cd734db5c256dc59fb214d73694bd33a18118786562a6
20,80,0.060011763125658035,1.994776543113403,1.995027375058271,b650de5bdd335081bdc6c82c5c0751f80d4e3171e0b44328402ea2d53a5df88e
21,84,0.07691304385662079,2.092107668169774,2.0923711250070482,16b0b8c84cf373f9d5e1ed5766126d65454e1f98a535d3d7169c46aec5a8904d
22,88,0.0637502521276474,2.1896683351369575,2.189940958051011,ffe0c4335ee2fe8246c6352eafc49baa952294ee8be1c9eda6de0cc197301436
23,92,0.06300327926874161,2.294955335208215,2.2952369999838993,05cce1dcab82bd73a93df5e13c6265b172c1ff35f82e8d2b818979da99310f29
24,96,0.0643659383058548,2.392564752139151,2.392858292092569,85f0ce54430243468544088aab0d2bb19ef165adb359a73924c3d33e02311d10
25,100,0.060779642313718796,2.49012371012941,2.4904301670612767,da419e85cc4553444df8526fe810bc67d3f2bb059bf924f69e1f20fcfd25c658
26,104,0.0617423877120018,2.5876850441563874,2.5880021250341088,a66c04f7702e4288b147747b924382b54754ea2d37da5db6af1fd89386cf305f
27,108,0.04970153421163559,2.684313210193068,2.684640916995704,9c9dfa27ddc3682e58128a05c15a986e9d5a140099cc22dadb9b2e11640d361a
28,112,0.05722305551171303,2.7861162942135707,2.786456667003222,b2ee39fa48ea966316639cb05576d23524ca2ad633419146f34dd0b66744d3e7
29,116,0.08022962510585785,2.8845747521845624,2.884926083032042,8623ec66830bedb20241dc09089e56b845e0381d73d048c58aa2580b51f3f279
30,120,0.06013931334018707,2.9839035022305325,2.984265833045356,b653f0632b00c0eacd8c591e8b3f9f7f38d7478e658e87090de9d6a25d2fefbe
31,124,0.05906694754958153,3.083001919207163,3.0833747920114547,36b918223f2c6dd7aea0838a4e5066b39f789b66a341a4cc7bbd32b763d6c69a
32,128,0.05143304169178009,3.1801420021802187,3.180525125004351,6a3eba9cbec7bcda227458ff82da63f8982030c769041d4df81f807bcc4a205b
33,132,0.06078937277197838,3.286249836208299,3.286643792060204,eac3855b8a442d51cd8aba7c9b42ab52501ad1b333df3d1a9a40420a5267f2c4
34,136,0.06174727529287338,3.3839006281923503,3.3843067080015317,2d21878176248643dbc814139d3ac6a0423f57391e5c513286ce44c5ba0b338e
35,140,0.0602780245244503,3.480677170213312,3.48109454207588,ccfe3d118e082b13948468f9fef4129b34b333c86edd2f1b4ffbe2f4bda2881d
36,144,0.05260685831308365,3.5786823371890932,3.5791102499933913,58f61e8232f1c9aeb3c9f35b605073663b49f61019ce9022b9cac2235c6327fa
37,148,0.052462879568338394,3.6767809621524066,3.6772190000629053,acc985073948c92a48991168894b57d21d596da1e5caaaf6d7b46dbf81ec4497
38,152,0.05280343070626259,3.7774173370562494,3.7778661670163274,faff7277c0de389cf2082515313d355ba8c3a61d1464ddef1411a2ce9396e44c
39,156,0.04439777880907059,3.879115712014027,3.879577625077218,83add550d15269d2a3cde650d535c12208c358ea8c6c001ff9d9361ad39108b1
40,160,0.04436373710632324,3.979897003970109,3.980374832986854,c6694c7a0791558fcc7b95e6fa3a68f3ac722fb83dca3fbc215fecb4a65e74c9
41,164,0.047480273991823196,4.0797994210151955,4.0802915000822395,806ecfdffe0753ead146ecff37ca3610fe730e655ef944a24115c7fc08149f34
42,168,0.05169723182916641,4.17808933800552,4.178593583055772,451552a729fabc8ce2692858c145605a9e3b915a8b269a8523413835151dcf85
43,172,0.0523207001388073,4.285465338034555,4.2859814170515165,8bdaabbf418ebdcb707fa8740ac2c3f4c7daf3c35eb2bfbbdd83a09f013abbf9
44,176,0.05239003151655197,4.3847344210371375,4.385262417024933,0c10184aaa3104afb54ec08584a29d713f41c95a4c2daaf774870b28e48be9fe
45,180,0.06341132521629333,4.483455170993693,4.483993667061441,d78aa05e94af5c9f9d70e755b03d28447b61a644c099f16c61178001041316e3
46,184,0.06016547232866287,4.581466546049342,4.582014666986652,268fb432803bebab0429e6e627d618025da5f93ec5a3153d2db27efe41f97cec
47,188,0.04304218664765358,4.681239087018184,4.6818005830282345,190f3bfa88add31a363779b1933683a9e8cc10a95c5d5288326267834d4bed27
48,192,0.04806568846106529,4.785686503048055,4.786261958070099,2a64bf82f8e32550b51abecfbb50bcbccfa59ef7862822f94c420987c97a9b83
49,196,0.046723075211048126,4.884757212130353,4.885344124981202,fac5d5b6ad213b085fdca433dcb29c25733f3e5b541ae84cba69a109b29d7864
50,200,0.038267817348241806,4.982499629142694,4.983095958014019,7d8e469ac01d52cd32df737dcd98d6d9535becb9fc20ca41f8788f463ef42c82
51,204,0.04969403147697449,5.082598629174754,5.083204791997559,c67ecdaa36381c5392578f74624a7430f3dc241ab0ac337d9fe52f6586d90000
52,208,0.057801008224487305,5.18279658711981,5.1834159999853,4c2f10e73fbffd11481bc8c2134080dccede52fc4906b793e5e99e07e08b7010
53,212,0.055607814341783524,5.290813920088112,5.291443292051554,f2dbf8cb544e80e93b5d841af33f08b7f1131c78f6db9518e5133b988894c93e
54,216,0.05537480115890503,5.390120045049116,5.39076025004033,3e2c23454ac936d0a73af449458601a37f2ed304a05b550922e428d80f27f282
55,220,0.05292287468910217,5.4889589621452615,5.489609832991846,9404f7e2203418af7b62fb3eef7307ab5036009305018d21d658212daeae752a
56,224,0.052389729768037796,5.588803295162506,5.589465041994117,3935fe4260876376de8e4ea815c434a4cf75114586fde795d232293541666ab7
57,228,0.051241207867860794,5.687495378195308,5.688168541993946,b36c8e2e51043ee181ba09b2fd157725c33832c25d15c93f2f74ed734c380aa5
58,232,0.05515909940004349,5.790457294206135,5.791141042020172,2f33b19f5a7a58b0c80281319fe3b925da0a293f3166acee217229a78409e3c2
59,236,0.054348938167095184,5.889897752203979,5.890593667048961,e51fbff7298a9f20ba3e95721b3376b21119d6362df95d678e806fe479be1d10
60,240,0.05056973174214363,5.9889620852191,5.989670249982737,27f066ccbb4fee9e91ccdd22aac5b17d36074d7059a6fb62b43b7be0f254ab22
61,244,0.05751945078372955,6.08748912718147,6.088207042077556,2043071dedccdc5f81df725519d1b2fd4da8e8845306992c62d2401c5c52ef00
62,248,0.04271002858877182,6.184608669253066,6.185336125083268,490c52a207d7e71c7c997a38686bbdf68b44a27942997dd47d6e6f0f743355b0
63,252,0.05299259349703789,6.288907502312213,6.28964520804584,c9ac636c65fbc802288c805fb85bbebd3b68c9e678d7d73c8f2ccca8b9b3f1b8
64,256,0.053635403513908386,6.388614085270092,6.389364500064403,c35c3619d43d22b8258cae2aacb15c2a4c327e9ff030c9fa036aa2f0a92fdf67
65,260,0.06179552152752876,6.4866205853177235,6.4873824580572546,0c24161dd47355f1547052d809867701963fd0d33cc4003045a0372fd17fa4a0
66,264,0.05625579506158829,6.585368626285344,6.586141542065889,6c8fe79856183fa36d274962751bf6e2042d612a6ca48f4e9cb029ac9cf861f7
67,268,0.055130064487457275,6.6833388762315735,6.684122125036083,2d8b3211c9beeec85bdc314c8d568554272ad8feb03d1adbab97d6fbe4655bbc
68,272,0.05727408453822136,6.788481835275888,6.789275208022445,729c1eb235de95ca3f21f501d46eadf09f8706ed0837e1694410b2ea0ba7dab3
69,276,0.0561334453523159,6.888201460242271,6.889005333068781,f228bab571400bd7638008e69957bd7d0a197c8367371582bd0cde40135d7d97
70,280,0.05214406177401543,6.986459627281874,6.987274417071603,40e950ea6c6d1242eae65d4cfd97c55ab3cef74c496bc21c64c3b96b586e268e
71,284,0.04927835240960121,7.08360625221394,7.084431249997579,316cd5c4831530de3edcf8acdfa8bed6d6e9d3221a5eca064c9e5ab1b0f131d6
72,288,0.06586718559265137,7.182859461288899,7.183696250081994,517598301171645f4e10709b9cb20c51a420e1c029200ffa6401ba5e651df97e
73,292,0.06475429236888885,7.289936836343259,7.290783750009723,d99a5f89f0c4ce4765367ecc2ce63cfb79b90fab664ab50622908edd740b700c
74,296,0.06166839972138405,7.388604669366032,7.389461458078586,d752d3c110e9ea78caf2bf1ee21f009d9700917facda4e2c21bc450dac116aad
75,300,0.04783500358462334,7.486012419336475,7.486879708012566,c5acb73e7d5687e973535da5caa31ab0f09a63ff5189f5769efaab470727517e
76,304,0.052295755594968796,7.58509996032808,7.585977417067625,d0db2f759829ca950c0bd67593edd27d00111176c2d51b726690c2e21da86069
77,308,0.05302513390779495,7.683650418417528,7.684536833083257,f4cdefb2e9be5aa22fee8cf30a4a2d21fa54602d608a756f100dd5bae422ee87
78,312,0.050025276839733124,7.783337251516059,7.7842357500921935,9301ef55c1163789b958d5a5ded1919b3140f26bbc533f8ecbc17d710f7d770b
79,316,0.051312945783138275,7.881951334537007,7.882860874990001,33528acb6f34f517b13117d469b21c94607698c39a6d670428b81df4ca390b89
80,320,0.0539594404399395,7.980243917554617,7.981162416981533,8a695e846bc82ce75e21bdebbbff487283921fcbef4c71e43bcaa3b12af8bcf6
81,324,0.04634838551282883,8.077727000578307,8.078654041979462,6877c919d77ad12fb93472d38cfa7e2feed40d2a2fae6f10f8b0a7e152e9dc89
82,328,0.047763366252183914,8.174183916533366,8.175120250089094,3e40cbf545e365c6bc1023f5f0c57d94bc5b1d4c2e372b78ff10ca5b4c2fad06
83,332,0.056858837604522705,8.282012083567679,8.282957541989163,9eee652e0b17cf31d82af4bbd9457623d4bf8e8896e6f56602d462205e93399d
84,336,0.057218801230192184,8.380387250566855,8.38134116702713,94b9fb1cc799c7a93d9c8dd830ad7e47decd6163649b7352c003fd2129eea87a
85,340,0.054667722433805466,8.479638209566474,8.480603832984343,d1ee94940b14a556495a590601fd34064fba398882e6b71549cb5cde5c87fa05
86,344,0.0483551025390625,8.578616959508508,8.579595667077228,957d0bf8d80702fa44a5aeb64b27890b4793605afe6daa4803be0fc4c88edb74
87,348,0.053193047642707825,8.675280084600672,8.67627054208424,1dfaf1cb48dd43275e789a11c9676001d626c534159ae12df1733fe3269209e5
88,352,0.05424420163035393,8.777015167637728,8.77801754209213,c8cb5820e8b6ed300f8a7d413cc69186aef779922c787266f1e91390a2aa39e6
89,356,0.051480263471603394,8.87412912666332,8.87514525000006,740234fd66d40f6abcd53c54a0786d53030d3dff0a7c37b9d7357b4ce7858e50
90,360,0.05438677966594696,8.973039834643714,8.974068416981027,0bd2fe405593764f7785c6feeee0860df8c6bcb000a80ef3900375eadd4bc2e9
91,364,0.051362212747335434,9.069957043626346,9.070995500078425,0b8a1156c4254084ed130105ac0be8fa79aace91952112424db9fb590afbed6c
92,368,0.05625459551811218,9.166472085635178,9.167520125047304,5d151a4f3e56f6c703789fc64ae4774b39f0960a42ff93bef882b57a17563ec4
93,372,0.057958029210567474,9.274637418682687,9.275697667035274,67a0203219c37d6eb25c49fed33f62bb176fa9e7e7fbc12db09f143aaae30bfc
94,376,0.05868406966328621,9.372691751690581,9.373763874988072,6e775eeb4478cb50d23ebaa72d764ca088a13557385099ff44c4c3e8c82d4930
95,380,0.06270536780357361,9.470050376607105,9.471132125006989,abe76cc02aa74dc4bd075216da97914f444a95fb45b00a436b303cd8fe701eb3
96,384,0.04602468013763428,9.567701876512729,9.568793167010881,f6bca19dd21cc2b11f502d89ec03b604de2c11aed1d775c31eb698bcb8c9c981
97,388,0.049484170973300934,9.665655209450051,9.666756708058529,2ddc77ecfb16c08f1c83d2b422e8da04e78388b9a1c924149383b598978d294b
98,392,0.05511396378278732,9.7630595844239,9.764169125002809,704f1714646f65cc2b0e12a6de44e98235c36037db5621cb37a976eef69883ae
99,396,0.05478556081652641,9.862172209424898,9.863289417000487,10d71aa45df27432766ac2f36728f2366de7df9f4a8a88780bd7a9754f8899b9
100,400,0.044985927641391754,9.960816376376897,9.96194158308208,35f7c3762edd4cbb2383a5a75e85a4242a526e459b3311ccff6e60a8dbc2c718
101,404,0.046118102967739105,10.059823001385666,10.060957291978411,4d7802f2debaaeab02328966006dead5cf894771f3b9fca0e489f68438ead4d8
102,408,0.04826053977012634,10.15833054331597,10.15947525005322,30287adc2c82057ea5a0ee45af4ef02592ac177b04353600fdee79756116f726
103,412,0.04588371142745018,10.262518126284704,10.263671167078428,97da9a51eb576c8ac0d90925854f9794399b38e1228f4b3e6a1f34bad46833cd
104,416,0.05257081612944603,10.362123543280177,10.363284917082638,07793aac54508553b5e9417170fa066bb2c11ec64edb97595cbb381ecce1ef04
105,420,0.04802925884723663,10.461322835297324,10.462494792067446,799466f7055aa1d5951d7ff0f9dc88e32d52e02efd9d9e7ad68054452ab7db11
106,424,0.046662237495183945,10.562648752238601,10.563832833082415,ab5d30825a6f5286d96cb6feb65b6bda4ca930ddcac077a9593dc7634c324442
107,428,0.05998380854725838,10.666095543303527,10.66728662501555,b71abdaba3c7f404918efa3fd17752206066cb8017077fe239a9118091c5a75f
108,432,0.05066357180476189,10.770025585312396,10.771226417040452,c1053826a59f16c152a4c10233d5ea13ae2c52d21cbf9e4f239032db5a4b4511
109,436,0.06307507306337357,10.869108877377585,10.87031895807013,f96ed108f6ab7979075e54725d71873a5501a0601ccfb34d086221ea2ce0c002
110,440,0.04785780981183052,10.968283168389462,10.969502917025238,70a98a8ed75ae9f4887c807878e35a9108023c7c5aca2611131a7400b27d7c00
111,444,0.06324891000986099,11.06814050138928,11.069369542063214,2ce70ae58d3cd2725a6abf70f44bebedb4bb0387d9ac5c45f2843544587093a6
112,448,0.05721569061279297,11.160524876322597,11.161764041986316,a72ce6e6a5fea5da1221ec7e0159d542c206c15b6ba8a475264b6073054d3b5f
113,452,0.05476926639676094,11.265641793375835,11.266894583008252,f85b8d2bfd4ca9ad68cf30e664bdbe7c2535c81e939b47e3264038911ef22f29
114,456,0.04603422060608864,11.36504654341843,11.366312583093531,cfc0defaf49d772c9cbf55a099fe318a7eefe83c683556f4ca4599bb76f668a2
115,460,0.061615701764822006,11.464834293350577,11.466113333008252,c01e4a3442b65cc8b36c88329b7bd7703db7f50c8097c3588d1446d3b6299ff0
116,464,0.050609927624464035,11.56428658531513,11.565577832981944,de33bf1966917dfd8025f8dd8268f68702e02a8c9c00d643032d0d34205a6ef0
117,468,0.05626905336976051,11.664603710407391,11.665906667010859,50b2bd3c110f4ffbe1242e94044162385439e145429880589aaf17739e7775c8
118,472,0.05150565877556801,11.763051044428721,11.764364667003974,fc77ccaa6b2066976dbdac00f8bc3fab7fb5c3cf74f3595f5557ce8dac085bc0
119,476,0.05531871318817139,11.86154596041888,11.862869333010167,0ae6f61db2f1665005a13dd4a0430448a4cac737faddf13b8abc9a1c00e3905d
120,480,0.05324695259332657,11.960287418332882,11.961620833026245,701bb3241ecaf4873aee502d2165283893a753c8853db609ce4c430ec4aae2c2
121,484,0.05724406987428665,12.059502043295652,12.060846667038277,fce3ecc61dcb217be161cd9bc44ae5bdbb06a42008fed427e02703d4c672a1d1
122,488,0.03916911780834198,12.159387793275528,12.160743416985497,9aa65d34a04514bc9f9b0f1f18db6429cc5c9e970699d73b0fff21f26b768ffe
123,492,0.060848820954561234,12.266905209282413,12.268272000015713,61be3d411dfe2e313fe318846781f83602a326eefe7971b213e7b25497fb6a82
124,496,0.053032394498586655,12.369348792242818,12.370726833003573,a4211e075f60da55869a9585de28706d19078fdae6d41edbc09b46e6be52580d
125,500,0.05516137555241585,12.470120917307213,12.47150933300145,35ec6720d9af148db2f1122cc01a2cc1aa9f0a3a9991c69520da9c1efd43ae8a
126,504,0.043627843260765076,12.569548750296235,12.57094650005456,03512de08efa2f060d01fab99ef07087613ded0d3e3fb5a3b63bf19435850a28
127,508,0.04075107350945473,12.668408959289081,12.66981554205995,d49381e07e082a9fc5fc0aafa6543c00343af878efc7570b4f35eb3951abf08b
128,512,0.05304252728819847,12.770208001253195,12.771624749992043,519a2db86141721f260251254863cde14ad786e74d231c0c7bd5168c27d04f60
129,516,0.05561307072639465,12.866130126290955,20.58134654199239,cd0aa51d598c610adc6e141774b453e1d6e13767cf0def442e7d6cb36c383101
130,520,0.05941230058670044,12.972864084294997,20.68809479207266,1bcca494e40ec5e6648d8603d8d548e7fabfb1ffecaca6c521308b173958b3db
131,524,0.04458467289805412,13.073722126311623,20.788965833024122,102f1f8306ef0df2db72ab177ef53feb9ae9035f8718555e98e3edff4e0ed341
132,528,0.0512995570898056,13.173523417324759,20.88877816707827,44ba81b1e7fe46748eebeb58bcde254adea8e916e3cebd20499ee23c48b9c3ee
133,532,0.05224861949682236,13.273103500367142,20.988370125065558,d71b21cd7fbad68824a509d7550d87a575597f33482f84219fc2e5031b591542
134,536,0.0572286918759346,13.37299020937644,21.08826804207638,1140e6051d9c65b309943d2ec41f89b8fd9af1f41e7915730734a8c15933ea56
135,540,0.04261372983455658,13.4730882513104,21.188376749982126,b49af2179c7884333d7dda085e77333ae481b5b13b334356c91d7e761c191cb0
136,544,0.05678869038820267,13.577069334336556,21.292370000039227,2e667cc17027237b302b8fd799cd3181d0edb7aa8e2b7d851c50042f7869feb4
137,548,0.053488098084926605,13.676944584352896,21.392257500090636,60cab191759f745aaa0eee639d42016a14372d43e6c063e3a6d3f98544baa66a
138,552,0.059930674731731415,13.776963168289512,21.492285375017673,ea96005ac5f2cc0432902d208124c65397b0894ec309c70182f734729fdb6fb9
139,556,0.04953227564692497,13.875889710267074,21.591222917078994,75589644b6cde4b00284c30c169dab9bca9944cbe796f80ecad4e7b7ede73323
140,560,0.04622494429349899,13.975966544239782,21.691309833084233,c8369a3d09d8c66669ed6a9108273f0f7ce512bde21e5ce878270fd17ea55295
141,564,0.0477057509124279,14.076261419220828,21.791613542009145,578da5fea878827e7242c05d08b06bec835c443f7b1c01ed5dab295791268369
142,568,0.04639188200235367,14.176441752235405,21.89180404203944,c7b85876c6103d92088ca38997e74995ead9869acffd4cd0e960baf1b035c376
143,572,0.056239061057567596,14.276245085173286,21.99161841708701,c03fe9b49e4597e45a127d43c3c3b85207f481a61258d567969441e46dbd572d
144,576,0.04935021325945854,14.375709252199158,22.091091917012818,8515a05013c676daead0dd879846d3228935618ebf46243b9c21fa5197f42f94
145,580,0.04792159050703049,14.476143627194688,22.191536667058244,df348c7b826f9c3e71eef5413f0a2f6f1c264edfa00451f6471c44ea64f3ae4b
146,584,0.054400984197854996,14.58053379424382,22.295935375033878,30b3f52acb34cdf778339c0fd1e6cb9b7b055c27af15a0a3c944f23af40a7e17
147,588,0.048522353172302246,14.68061358621344,22.39602595800534,4888887844e4a520fe3a0abd8f17a14187d5fdd54bd9a0c9b8b5c5336176fc8d
148,592,0.05583702772855759,14.778687711223029,22.49410950008314,5c2f09d422bfc677da8206b07424e334027cea24f1959083b5944748fb721a96
149,596,0.05414624884724617,14.876826627296396,22.592258083052002,d9a854c0292ed5994e5d4366c9c6d5aa260ba6a1fa5e0181e4ea5226afb5e760
150,600,0.04742436110973358,14.975146043347195,22.690588833065704,b77953e33e88e645651efbe2fe620ee08299e999b724ac080533aa9e74806259
151,604,0.05450382083654404,15.082087543327361,22.797539875027724,95d0235e8c19eb5ea022d42da2e4d927aa5f910a1b4a5c090662caf89812461e
152,608,0.049456577748060226,15.180154584348202,22.895618167007342,3b5c6a289db3357a5d21763ea8f6fb51dc25829550864b102e1e6fb84f648396
153,612,0.06239481642842293,15.27761104342062,22.99308858299628,8de1275e3ad6626e07c9f755e595613f6733c85827e38975313e097015bba68d
154,616,0.047792159020900726,15.376368085388094,23.09185729199089,c7805a4468a952b1045fc3266a544d2103ce59be721786c3cbdb2e0b7c01117a
155,620,0.054292064160108566,15.474376793485135,23.189875542069785,db275fb29c6cb47da37964803a322f1035915b4d5fd3cf7cd674e910651ac817
156,624,0.055925752967596054,15.577632085420191,23.293142292066477,82274e3dcf3eb7d4b2c7df0c3b5a130b0f7558429bbbee10d7735886ebdf6ddd
157,628,0.05897632613778114,15.675850293482654,23.3913732500514,ff43183020a89b1f9ac42c007af7bea0cc46bf6255511b671690d2cae5466ed1
158,632,0.04668143764138222,15.773369126371108,23.488904542056844,96ecee16a9a6423eec5afa43bd1ff81459efdb5d283e1c4453b162ace024e340
159,636,0.056204210966825485,15.872835001442581,23.588382082991302,24599790d9269c56990cac7d7db2f87abedbe3055710ccae74f6705303a2e795
160,640,0.05590883269906044,15.971030501415953,23.686588958022185,1bd803a4e8753f8c926f80f6ecd0134f995e631602fff42bc74621d28427476d
161,644,0.06123857945203781,16.070851710508578,23.786420583026484,d5add063541eb7c30258fe5781e8b8e7777351629250efb013a2877b88d5844a
162,648,0.05491786077618599,16.170503168483265,23.88608262501657,de18e8bd7b9bcef9c2436f001481bef49b25205aefc3a45f8584725135e5f654
163,652,0.04028211161494255,16.268931210506707,23.984520583064295,783dbb3390b6732e2d2d08334391c1d2790312329b01e3e86447217b9ca0bd44
164,656,0.0428699292242527,16.366664169472642,24.08226358308457,a04ba8d47df6db242534645238b72627dbb396f144a146bfec475c84edd49897
165,660,0.05407831445336342,16.463841836433858,24.17945045803208,b3f4cc257fa4ae46a0a39f84b94e5c170e32bb6d71fa4b9575a93e3a3a1c0573
166,664,0.05866476520895958,16.571234253467992,24.286851083044894,b92d19ef2445d45540bb4d5743e61615aea56bca0b0218bd6121401e92b787bd
167,668,0.044619057327508926,16.66902842046693,24.384654958033934,c599e0c4c3564128311740da99d66b0b1956c24a020f4343533491ef1f571033
168,672,0.04764562100172043,16.766706462483853,24.48234362504445,06bc5be8d1d824d661135952bd36d3a8c51e4f90b1dcf0431fa2748dba1f77dd
169,676,0.05369246006011963,16.864582462469116,24.580230250023305,31c068e0b09b85c4e9d26ba8527162c31dfb61bc81fc71fd7d2f1217077ebbb7
170,680,0.05000817030668259,16.962019587517716,24.677681375062093,f299c5b1f03c9509d4dfffaeba2d854f3ed6c3874076cdae732ceb2bfcf7d7a8
171,684,0.050106655806303024,17.061556337517686,24.777232750086114,bbae21adf6ad52b6258b78acc9e93d073b150ff8cf12c6c2efd093460fee1ad0
172,688,0.05919855460524559,17.15939237945713,24.875083166989498,873e957c540ad593aa58b4e14e606680800b2eb1ee42e929343a3c0d39aa24ab
173,692,0.04864896461367607,17.256900171400048,24.972603333066218,a838736d0e01c15ea69ece49c222d6354ae6f51c759b1a99041b9457844c790c
174,696,0.05851875618100166,17.355805880506523,25.071520375087857,7acf7ed46084546b1a35c7187f624e518a2faf2536c75fe2adfd2dabb9e51aab
175,700,0.04567332565784454,17.458759671542794,25.174485000083223,6c72f12025436d67f5ec7ef4278ad8ee02d47c802d9e60967148aa375658ac7a
176,704,0.059705864638090134,17.565315296524204,25.28105258301366,cd761c97cd18e7ee919b61c85341e46636d8c1a3add2323364a9796bc1ecd427
177,708,0.05374238267540932,17.664810005459003,25.38056012499146,768290a29cad67d391f4e75214a5dedd3354c35c25818b837e30a98ec580e396
178,712,0.050543323159217834,17.76411004748661,25.479870458017103,2104d9e8d9b8eff6c0c1de51ce346fc9b2a671fc84a1d810cce91b5d106bbbf7
179,716,0.05080392584204674,17.861888381419703,25.577658500056714,13c0900c68ab951d7c4d7a9678f8c78f537d9b99ca327eb4e094419b5d5cd159
180,720,0.052619416266679764,17.959958340390585,25.675737083074637,1e2b8f528e9710bcd4cff97fd397800cad5f540e63498c867897dd0019f0f183
181,724,0.06230593100190163,18.05929079838097,25.775079458020627,5149a9b6a508de12e9de7c2b324d30d56c32b48a0f81a6ab1fd096c93af93aa2
182,728,0.03636807203292847,18.16089679847937,25.87669654202182,36d7771175f30a69471e4c13ba9a4f056dbd4765b8e93fa0e022defa9e857133
183,732,0.057008497416973114,18.260401298524812,25.976209708023816,9bb48378d4f3501d83117da7d0ce5a26e04dee3b057d97e2c3f543424800d3d9
184,736,0.06331712007522583,18.359776257537305,26.075594500056468,ad7735330d3baa29a1e4f17ba41a81be79059cc12e8e212ae01b1ef511be96b5
185,740,0.05833418667316437,18.457891049562022,26.17371866700705,d5cb318b727c74a59105a252ecaef67a638d19d637424239f08a36ee2f3071bd
186,744,0.044130824506282806,18.56307892454788,26.278916832990944,4281395779340bb53911b45b8a39e099609fee77dc22e901224eb4f3f4e7c878
187,748,0.04979138821363449,18.661352716502734,26.37720112502575,2e33ff0ab97d1c0d8df655dc6b56e7109ccfe5cb0e3e68e8c05e9c458265c721
188,752,0.05179060995578766,18.760262674535625,26.47612400003709,fcec31239e902e8490a58a75db1b3f7f14d83f36669a0b8b2aa631682eeac543
189,756,0.0510125495493412,18.857792090508156,26.573665542062372,47ea1d989f4d5af0d7ca476038b31c44db8358704e700deb6dfe3f68d1785bb0
190,760,0.04740766063332558,18.95699954952579,26.67288270802237,c35ed95d2b5d69658369b06b79bef0d7817f3467b9857f5ce38fd63fa860d83e
191,764,0.05347159132361412,19.05790363252163,26.773797125089914,d40fd3c7ac3d11190b8c5af3044b3e7153651290129129b5c7759b9adb270018
192,768,0.045279063284397125,19.15775150747504,26.87365837499965,6c5dbea44a23c04b14e980815a8660f3869dd77436bf94616be1635ce0ddfc80
193,772,0.06112678721547127,19.25948238244746,26.97539937507827,65e1f7f35186e95c6a04c57cec0e1565fc818851b6e40b252d7ab9e302eb8390
194,776,0.04638219624757767,19.359480174491182,27.075407625059597,0b64d067710e8f676983ba5f26008156405f1b53838be7a315d0d4451815a8d5
195,780,0.0564802847802639,19.459194549475797,27.175133250071667,1b7c7d95ee3ac843f269d0d83e5d5d77e123e29ced642f434931d56ce573eda5
196,784,0.048157699406147,19.564016215503216,27.279964708024636,22727832e99593541e022037b6820ef4781ca96479ef90dbd1f1a2a397c15779
197,788,0.049106501042842865,19.677790299523622,27.393748875008896,94bf77d2b784721c1ad4d164d27b57c0dadb111b0ba274ea27c5190ce71eb5ea
198,792,0.04739358648657799,19.775826799566858,27.49179741705302,66b61a2781e165ad87dd6d79e7313dadd281c21ee260ea097e121b6c949f26d9
199,796,0.04799078032374382,19.876501549500972,27.592482833075337,b3d421da6eb66c7c9ed88724b415fdfe17ef9fda4f316d0a46d386da609484f5
200,800,0.052189622074365616,19.97638809052296,27.69238150003366,dc79b1740f454d0db689057c1dcf444f6328b9bcae75bdd3159c72c8dbdc34ef
201,804,0.04867848381400108,20.076756131486036,27.792759000090882,604e67be1c53714120e719684a8eaae8c40f1820d5b75d25171557d8217002fe
202,808,0.051774196326732635,20.175341715454124,27.891356082982384,d8878a834706d4fd13c2becf5bc528143436bda645c0a0a2c703d1ef67e2e38d
203,812,0.05270334333181381,20.273530965438113,27.98955595807638,18e0b3d4ca01d7d345879e2ab5f62b6e30b531d8858775eca9b7b53e65959bdf
204,816,0.05086104944348335,20.37195800745394,28.087998250033706,2cf33122468e5fa49e27504ea5304398f187a6518b55ed93f4efc2f133f009e5
205,820,0.04401376098394394,20.469269840512425,28.18532120808959,d44a4778be570594e6a9bcb72eab8e24cafe7deaa2b3462e030adf898b48913a
206,824,0.06168235465884209,20.57307821547147,28.289140250068158,d4699b66417809e26f3656d4f520bcfc102d343c6f9d5e30f902ed1d7e5f41eb
207,828,0.057639025151729584,20.673391840420663,28.389466125052422,fb1a72b8b7e31651d0d9cb3a8d9b018a4d5980e0e08275a196d4b9265bc7e660
208,832,0.055598679929971695,20.76658213243354,28.482668708078563,08cae008e42c417c02f48bad14f1f420c06421542a7eee4b9d8bcc2a0e683086
209,836,0.0442664735019207,20.864618048421107,28.580716166994534,9b484c03ea60cc76194c8fe272b3db247748954a7986680f014a6fece42acb91
210,840,0.05144849419593811,20.96186113136355,28.677970041986555,deffe3c6b3eb9611eb60b1fb9876d38f57143551e95b7f424353e000bdda1809
211,844,0.0523042194545269,21.062816506368108,28.77893708308693,396ef8658d7970b7e02654638c6794454621a21a0f68b310e492fccb16586b6a
212,848,0.04453026130795479,21.159962381469086,28.876095207990147,601ee59d1dd47579c7937e39395f3bc68ec6181033cda4101f501ecba057274b
213,852,0.063567616045475,21.25877346447669,28.974917542072944,86a86d07530416bcf121d007fa8a78cc6526cad93f2dca5a200ec7288c736c37
214,856,0.05532494932413101,21.35716329747811,29.073318000067957,2e12458d5ecda909fa9b663fe65dc2da7f97e31c751bf5350a46f56dfcab7696
215,860,0.0585833378136158,21.45577433949802,29.171939457999542,88edd368fc6e56f9e435377fad9ba1cf52f5558fa31ef5bbbdfc5e6249dc6369
216,864,0.06322982907295227,21.56042421446182,29.276598750031553,e2e9865c74da04fcd6e25f57c0f79bcc074a8915cb7b4821be1121ce18d96261
217,868,0.04636085778474808,21.65807250549551,29.374259250005707,5ad9fdd647701bde628d8505991a992c5e87ff102976c785848a58202258ad86
218,872,0.05151690915226936,21.755080755450763,29.471279042074457,8b7fb63cb502842b5952e104d94021d2385f9771a55484b5200cc5f7314cfcd8
219,876,0.05441487580537796,21.853624713490717,29.56983404199127,323094d922b218a2851ffd062ec6bd4aee0c6681920f58966606f12f89471e1a
220,880,0.058041006326675415,21.95045546349138,29.66667862504255,9a08a9e4d90f60f36474702a569e9633c1b9dffb3135e79bd45ec444200d45a1
221,884,0.05285653844475746,22.05122963048052,29.767467125086114,39324dfee4c325c7f24c15a620fb944d9973c0f36e5c5bf23c31651d217161e0
222,888,0.05382010340690613,22.149434880469926,29.86568216700107,231ab8afa050d7ecf09fe40e68c833ab2dcbdd9745694d050fe2d202659aca73
223,892,0.057686928659677505,22.24861442251131,29.964872249984182,ef0ece20caf464d93b613e89386e4fe2c4af744854657edadced10ecbc62bbca
224,896,0.03525787964463234,22.345625089481473,30.061891291989014,a67918357da8ff997fd036f521aab044dd801da7c1002cfbf1d3e599456779bb
225,900,0.05037922039628029,22.444296131492592,30.16057325003203,840f9d58fcddd80c190c6e9efc39dd4c1cd281e421fb7e7a8c59260399dabb99
226,904,0.050344403833150864,22.54904967348557,30.265337542048655,0ce4a152332e6eea7fb82c48b5a404889543df6d6b7159d463c947c8c355fe50
227,908,0.04282543063163757,22.6479517564876,30.36424912500661,d5c2bc59d6b12544539d8e88ba6a9aba15e1fdc01035bd2614e1d583d14e8bbf
228,912,0.047738559544086456,22.746292256517336,30.46260299999267,b4bb533d67e8294d4128f4728117f80d14d8f9bbccc853506dd06fc4b37a4897
229,916,0.04840869829058647,22.84416938154027,30.560492833028547,3d5db57d355839e5841c78791fd6e2e112714188510f8d93b58e9e2759cc5cb9
230,920,0.04662245512008667,22.942709756549448,30.659042458049953,41baad0635c9a0fbd124125d3f707d75f4440240c3d2ef02e1f77b36bb2769d4
231,924,0.042082298547029495,23.04533421457745,30.76167683303356,22f725dc1fbad2a1c91db21e1af82930ca5268207fc7735f4c48281de6cdd61b
232,928,0.04652570188045502,23.143999214516953,30.86035204201471,b5489ff3d2d9d7bc3f49d18451193db815578f1d9e2e8839e43a20aca5ecfe46
233,932,0.06463541090488434,23.242214172612876,30.958576624980196,cf86f3b67fb2da2a4f2fcc2af2a4e09a7bf7f0f67585af34784bd6140ea2278f
234,936,0.047835204750299454,23.339889047667384,31.056260999990627,4258c4f96aaee058ec092018327057fc04a4dab6e2ee4329764af3c1cbac9b43
235,940,0.04288456588983536,23.438510089647025,31.15489308303222,1f4c36435cfd909711307c3928e83f83d37b3e7cf09534c10612134db9a49e1b
236,944,0.05718854442238808,23.540296297636814,31.256689207977615,a2126c049095b68a41ae8e76c363e54e513f4b2a32ff6d65ee80c6310697d5e9
237,948,0.05068812891840935,23.640124797588214,31.356527917087078,49320444af3a3cde76e24f667a6e72678f2dbbd1c38175d532bff1d37c5302d0
238,952,0.06404188275337219,23.738404630566947,31.454816375044174,f148218c0ece2caa14240a57ce3bd0ead1408b9c3077406cf2c6037e8872bccb
239,956,0.052603185176849365,23.836621630587615,31.553044500062242,93ce4c766919bc9606ebd9ca7215e0285758df3fa969d08ddd728e6a4264cb8c
240,960,0.05009078234434128,23.934951380593702,31.65138404199388,c58794198b177aedbf826ef3644e4fdaa447f9efcfefec812643d13bf4df57d6
241,964,0.05697476863861084,24.03376542159822,31.750207125092857,cc03788b73d4c0c6ddd6648b018cc5a0d6c9e5c435b712409f55924507984ed7
242,968,0.05348038673400879,24.13157533761114,31.848025417071767,59d0956af1c24e8728e78a7d0603340c80b41d06fade0ddf607b21eecdb0a418
243,972,0.05516882985830307,24.230194629519247,31.9466554580722,a7e35b97c1e358ed29d419ca11085780fd3116b50e191cda167ad789e0d27cd2
244,976,0.055028557777404785,24.328283879556693,32.04475341702346,21f7c4060bd7501467ff03e49f9369fbdee295eb9e012b3a3163c72dddce90c9
245,980,0.04820799455046654,24.426001587533392,32.142480792012066,0bfd419726471b7b250621ccbd82da4185bbac936faef9233b11749a58f158bb
246,984,0.06137123703956604,24.52737975458149,32.24387091700919,d1e7bbd5bd7254f551295177959955fe952aca4e4084594ff6cd01b29e1d2a69
247,988,0.04806892201304436,24.62654446356464,32.34304670803249,90549730d1ea08e74aeb645fe6b23f35efc842360bff0c3885472812eb997810
248,992,0.05750221014022827,24.723677047528327,32.44019237498287,fd74b6deb42ddcf6d9151d0ac7ef89b104638aa1ed77feed9060d1101e7499af
249,996,0.054503828287124634,24.822909797541797,32.539437792031094,4cae28cc05c6454440a37eeeef11929779902a0b4bf327254758118a973f79cf
250,1000,0.054477304220199585,24.921034964499995,32.63757529202849,b13cd3f70ee3b85e1aa9428246c1f2b9d310e4b4a11b8bc19f8f39b9094988ca
251,1004,0.054996367543935776,25.025792006519623,32.74234337499365,4fc6e8ffb17b541ae937edc498bb9cd73e32f3d4e77c84dc79de98bdfd05cfc6
252,1008,0.05120360851287842,25.12507254758384,32.841635833028704,e2e7eb998dd22b98fc8d4c9b092619ceb766f8314b7d7d9117df71f1088aed27
253,1012,0.05843232944607735,25.226725089596584,32.94329950003885,c47d51fa8e8b7b4f61d74b4a62d90a7e65fa01b426de802a63e4e1226dbe6496
254,1016,0.05022219195961952,25.32675225555431,33.043337500072084,79ae15d45fbc253bcce8deac7be4ba6aa3a307e2cae15b358a720b691dde9466
255,1020,0.046629372984170914,25.427164005464874,33.143760917009786,8d430ac034497edd4da9020c30530bd1230ee0dcbbd88c5c7feb71c7cb7eb10e
256,1024,0.04643646255135536,25.530064546503127,33.24667204206344,0f62a5e3f6387f8398e69f1bed3564410cd7c43c185d72738fb17028d97ab8db
257,1028,0.05241904780268669,25.63071658858098,41.82167620805558,0a7403a031b970fa8aaf619fda663c453f1c63e5c9c251b3ccaf2c6490ab11ea
258,1032,0.04640525206923485,25.7298237135401,41.92079583299346,889905dda1bc61f8df803073065f26490b21542e4922e022f338e17d2ba4dfd5
259,1036,0.05263559892773628,25.829112380510196,42.020096917054616,0437d7b7770586a4d3b7aa86f17938e2320bcfd5166d9f441228aa6e3ed550ee
260,1040,0.05891095846891403,25.927049130550586,42.118045667069964,9bc45b62a18e5930b9136576154d62bf13d9e30c0823632e18071a6ca4a41420
261,1044,0.053604915738105774,26.028160588582978,42.21916908305138,b41a7109752283cc4d8155d01d0188798f29f8dcb716df5523731c85a1b987aa
262,1048,0.0532209537923336,26.13296113058459,42.323979458073154,283f980525f1d1ca7579f4432784b7897a358562ddb187a566ad1649d3170f9e
263,1052,0.05885394662618637,26.230719630606472,42.421747375046834,759a585aebfd5b4ea670f9b9000245bbfbb533ab8558b8032aad458302e09062
264,1056,0.05304914712905884,26.330800796626136,42.5218457080191,996cf31ab11a081326ed239f04507ff1e0e049a6c2964ba8bae74672c56ed1bb
265,1060,0.049899980425834656,26.42963196360506,42.620690000010654,96e835e5795f5cfe64b70ffa0e5d836f5609c86855007c102eeab4e311918b51
266,1064,0.043768592178821564,26.5274844635278,42.718556167092174,7b7111e9445a495ebf6edd2f2d30be06e9654fd07f08f6852cf11516ee0dfbc0
267,1068,0.051801539957523346,26.628538421471603,42.81962058309,246a23ed3f497669ec8d5eb7261947de39efc726ca9ca95dda27e10d565f16c5
268,1072,0.04397454112768173,26.726920379442163,42.918014500057325,1892253a292f6d0412b96bf0cc4b526193c763febcf63eb409eac67fc155fdf4
269,1076,0.04735768586397171,26.82414642139338,43.015251583070494,3252d6778f6eac9bcba533cebc5c0dcfb7282b856c6f55603d7be440d4e515be
270,1080,0.05326618626713753,26.923114087432623,43.11423191707581,6e663140ae9c08233bd3fcdf426477aa70df4dcc2bfe5e327ea4d6386173d74a
271,1084,0.03784828633069992,27.026386504410766,43.21751837502234,797cd03f75da4fa810786c6649ff20b007600cb3ecd04e6b5803c735bb61bad2
272,1088,0.04879988729953766,27.125306254369207,43.31645420799032,5c848676ee023b0394f0b0ffa8f7c3b51b5b7edfa0c1d43792b58d16db55c6eb
273,1092,0.05070897936820984,27.223739712382667,43.414897667011246,cae48e8d8dbf11eb59734e5520654f260d06650944f4884e030f0ac82f03de6e
274,1096,0.05356857180595398,27.321117837447673,43.51228629203979,f61debb97b3414d21045dc9ca7c6843517a704cc4947174ec18b366467eebfca
275,1100,0.05681881308555603,27.418458921369165,43.60963779198937,1291450f4a4e3615d9c0aa6374065b8e559ea34957c96c6ef535f72c6561d6f9
276,1104,0.048058122396469116,27.51672421337571,43.707915542065166,19f61342027b7d2b33459138cc405f95285ce784ccc867a1d85b450cfc03883a
277,1108,0.05647536739706993,27.620857838424854,43.81205895799212,a59fdaf256baa03ec0266ddc6a7696c076b64e571eafd6216e1c4cfbc3dc7ead
278,1112,0.035366397351026535,27.71844829735346,43.90966095798649,4ccb53fae97c3d06d8fb8d5b5fed5e22c98e00e78539b0e9fb573bab72169da1
279,1116,0.057035498321056366,27.816969547304325,44.00819283304736,a2c68dd94368711e80f14602e649e6e7337df84cdbec7203e1f16bd0452c9d70
280,1120,0.05986248701810837,27.914144630311057,44.105380124994554,50f692b3dc24f36bdd76824864226d6bdfb5e80194cc82fbd0994699448d08c5
281,1124,0.061061467975378036,28.012434421340004,44.20367987500504,23e26b9198a73835abfca37190bedeb4d18adfa81b51a9715ec30bcd2a3a7d91
282,1128,0.04850422218441963,28.11399387929123,44.30524862499442,2714a0abc9afbc4becbca569350c1a8e7393e1ffaba6ad1d6c04a23c17affa90
283,1132,0.04258519783616066,28.212012463249266,44.40327675000299,0c1cb41779369e7706a0f3d458521d47606ce8215d8e1339cff352c852fd6694
284,1136,0.05974631384015083,28.309786922181956,44.50105983298272,0b64260042500a52d3237e9d8a6dd9d63dbf749bb976efd89f17c5cbae2b37d5
285,1140,0.05569453537464142,28.40600921411533,44.59729158307891,184316654ab8e3eaf3b850e83f17aadd8ac41b8fe2058e36f1cd3bacca2cc5b6
286,1144,0.038756292313337326,28.50260271411389,44.693895083037205,c03a26d98873fc9c3edf1766e66ac6a3d89bb21307fba236825779031647b35d
287,1148,0.04680850729346275,28.604853214113973,44.79615595808718,ccc411de050781f77b3013b7b64c37027d212a86d3b0c1381724182057203587
288,1152,0.03754942864179611,28.70338221406564,44.89469783299137,363fc58a0d4b5958ed7c2138a580e4a1579c0a20b02050b0942d36305b225340
289,1156,0.045120976865291595,28.79935729713179,44.99068345804699,ca468877447289cffb526704e2fc3f191b1bdcdd2a1c964572667dcdab516e35
290,1160,0.0481448769569397,28.896585172158666,45.08792295807507,cf0d79c93bab230ef1c685523ece4f90e586866af2e68eaf5ffd4b95c43801bf
291,1164,0.04862753301858902,28.995365380193107,45.18671212508343,609c3c6853d1f2fb1a174c6ae54780392bfde9d0a49ab5927068ea429d7ca729
292,1168,0.0493396557867527,29.098145380150527,45.2895009170752,37ddae3b9ba379b773e9dcd12a79b166bee515867ce0e8a2ff02d6199d28a3cd
293,1172,0.04999646916985512,29.194986214162782,45.386353583075106,18530f4e476d31a0e5728d26a2f80627c7dff53dbabd6539416739b66e2ff8bd
294,1176,0.048648398369550705,29.293705756193958,45.48508379200939,bccf7e6e5e24ffa15468af67c0426f81258976bb6669af0145ab55b7fe5a260f
295,1180,0.05529169365763664,29.392029173206538,45.58341562503483,58fbaf3ecdab387c837ca5e67c049113e3b696d5bed1cb3463a037d64d2a6c7e
296,1184,0.05241570249199867,29.49184533918742,45.68324091704562,2a86c65c293b85f8863fc51f444c533ca7cf045c2314330f318417d589b5acf9
297,1188,0.058211252093315125,29.591118255164474,45.78252504207194,4dbda7cf6ce077b34fae4ca781812aabf3e4c3c71b9bccc02755c31aea0044a1
298,1192,0.05415014177560806,29.688953713164665,45.88037237501703,3f407d83f19bee7c6e560b4a4280a67a4e3a7d3ad5f8f57af846c826cb7db094
299,1196,0.05612124502658844,29.78837100509554,45.979798207990825,c4f0d70a9dd271fb4ad50642fee5dae13354d5be58aa236a19808ff0292924ec
300,1200,0.056159697473049164,29.88772621413227,46.07916354201734,376fbe06f407ed0cb1f188c7bde7ea843f3cd7ac4623157942bfdabefd5f4a7e
301,1204,0.05991160124540329,29.985113214119337,46.17655954207294,bd8cd31e553bd1583eaf2ff07bbb0f354209fa02993181f44a28f6d55e9a1864
302,1208,0.05010073632001877,30.09142663120292,46.28288120799698,5431749fc04367b3cda01cbf14dd92158584cb435b775ed5173b137e54eaeb0b
303,1212,0.05762954428792,30.189203215180896,46.380666458047926,c0491e4883343493764096bd99120889614583be6ca0c6f6c11a15f147d583ed
304,1216,0.06145237013697624,30.287984631140716,46.47945779201109,9a3ea03df9920d9b5510bca68eb771d7b45cdff141d863ee0926d9f745f8724e
305,1220,0.049133285880088806,30.386597172240727,46.57808062504046,6ebaf3efe37b89672ef7314af1cd8c011d4a359c34b0c79cb22dda77674c6c87
306,1224,0.05125531554222107,30.484873464214616,46.67636395804584,ae4292948441055a291ba97869898c4f73e44dada163ed046b4b6c8a81912588
307,1228,0.05300405994057655,30.58620000630617,46.77769920800347,53349e13a3e2851e5ab53badfa5f2e070f9fbd20b93c9b569a0805f08db8c833
308,1232,0.06026226654648781,30.68488325632643,46.876394791994244,2a43802db087a4140262b8c75229c706c0a3619b14482e402c69d6372cadae4e
309,1236,0.048204727470874786,30.782312797382474,46.97383829206228,1d97620d0d1b28fa812f6541f31df5414b903da1f6487f20a645e58947069761
310,1240,0.05813686549663544,30.879139505443163,47.070677958079614,f111e92d792694854186d1301b9cedf424106e686a254581aa370fd63addf27f
311,1244,0.051889680325984955,30.975607422413304,47.1671568750171,4d8b9b62e15bdf2387eb136ba42f596f0f62f77ac9aca6ef5461d40559c6b3ee
312,1248,0.057511042803525925,31.082797713344917,47.2743565000128,77d03a8f4e315a6f8e3586341d90250b6bb6e690ac03b49c811d27580f5e7f72
313,1252,0.050830140709877014,31.18155754636973,47.37312533298973,f52ddbe7197311c512fd08269f0482bfc83308ba03e5bc5c5601543c594e5b1a
314,1256,0.057925205677747726,31.278911463334225,47.4704881249927,7518cc925a32431157d3bd265006baa9553c44278f37f1eaf737233d3feab9ad
315,1260,0.049605417996644974,31.375644838321023,47.56723062507808,c2c733b42e92643dabf181b564c8ec0e1cc65408f7e2ab01dd4576912f85c4cc
316,1264,0.0572926364839077,31.472162754274905,47.66375758301001,e82ea10285e9603cf30cb041542927fc14c45c11a73d0e8b815a40121b5da9b2
317,1268,0.054550379514694214,31.569706921232864,47.761313750059344,f1c5cc4dbf7ee2350548bcfd7a9c4f1c19bb0d9330b743f61e4d3e63623ad761
318,1272,0.04784442111849785,31.667666088207625,47.85928320803214,6743c9042d931f90811facf590f31ce8b2d6152448161312a3d196526fbb8b14
319,1276,0.06852059811353683,31.764339838176966,47.95596962503623,3ec221bb226bc906c4cf54d42994fc61433e1ec7624e25a9b9b8cd2d7f517046
320,1280,0.0658237561583519,31.86260017217137,48.05424066702835,1db5faef092344612993631e88f4a062ba13f88400523e1b43c92f4221ee5e8c
321,1284,0.04320366680622101,31.960234464262612,48.1518842499936,8b4146cd322cc4f40656cca0510a229bcc6bbc9464b061ad519fdb7d7f269e43
322,1288,0.04848127439618111,32.063182381214574,48.25484125001822,c190035be6327f759a25fbf8c4fa573d00b0b1776ba16acc8fa444d6f0a7cca6
323,1292,0.050707049667835236,32.163008006173186,48.35467741708271,a68f885b937acb05b7fb7d8df3e26285a2cdfe07db08d1ba4dee0e1a08e7d595
324,1296,0.04638863354921341,32.26329496409744,48.45497783308383,8e15a033d6293be9a6d7547ef0acaff5e7262981a425efa1406a40ad685d43a9
325,1300,0.0661100223660469,32.36168350512162,48.553377583040856,81622701928202ac2652189ba20b4846c4e7cb38c9322588274d30ff1e67f54b
326,1304,0.04687559977173805,32.4594158801483,48.651118708075956,14cf81541a417b3bdbaa7b3a2a10bbc841e33bcca2808a1172d838038f2f9d67
327,1308,0.0519804023206234,32.560712422127835,48.75242487504147,ce183e3ec2d9701aad66cb232dca74b9a79f3e52bfd38703848060441c8f14c4
328,1312,0.0528920479118824,32.65866817208007,48.85038900002837,76719491d398b23ea6099a93354c64b6aae24dcae57b2168d6edad3553d2d287
329,1316,0.060881711542606354,32.75592663011048,48.94765516708139,d52000b6c4def77147e2b7a109cd61795ec743f36f7f4302ed1eb8eaa27eae3e
330,1320,0.05508381500840187,32.85400175512768,49.045738083077595,c8a9afb62cd4b19cf77ece22cfe89d9385e14caefc5629730d7f20de240af843
331,1324,0.05836391821503639,32.951806963188574,49.14355229202192,6386c1872b2b802a22dff2aec229f95969ecbe0d0f717b99cf0f015a61ffe576
332,1328,0.05486021190881729,33.05294504610356,49.244700083043426,41d77d53bd13d5da49fe543092bb56ddf8c83c4167804645c36751da0c337d37
333,1332,0.05190329626202583,33.15117233712226,49.34294204204343,a2cd4142f35acee9a7eaf0965bb37a26898e9c5ba814695cf0a4885e2ecada55
334,1336,0.06303644180297852,33.25031925411895,49.44209858297836,8f668c4c50897a106ce6268d2de31d6fed72073795a0b988a024a45b1af71337
335,1340,0.05432382598519325,33.34821646218188,49.540003542089835,c5b5ba10154e5667e05a31dbcb9d3c190ea9e47686f5e507ee2d341121cef54d
336,1344,0.05079776793718338,33.448146337177604,49.639941332978196,bc70e2d954473880fa74c65d07ea9cce174bf683842e91f84aaa5ba95911188e
337,1348,0.05132950842380524,33.545818462152965,49.73762179201003,9bc26eb143e18f877111acc66a7dd5224f12cb757adf7e7b3251872d3082739f
338,1352,0.052985779941082,33.64392371219583,49.83573658298701,06accba4b67d8f8f7e877fe7a922b9c18c5a1a5d1df762ea924f610eadfa33a1
339,1356,0.061374496668577194,33.74166187818628,49.933484583045356,d2cdf02f501906903a9a75f482f8949902bba7657f9ef48f96f00ad2b5951aa1
340,1360,0.055056557059288025,33.84008592017926,50.03191808308475,5a4f6e66e229680d29c2d390bedc2c9aab1b164bf47274a2feee0437d9da2b3c
341,1364,0.057949330657720566,33.938823587144725,50.1306639170507,438c35885decc839c6542ae7f6452951e1918ed1a76fa6ca7a0ed7ee0c764657
342,1368,0.05531676113605499,34.042367087095045,50.234216333017685,2d9113d395d4dcc3b5b16379f5706ceb358beb31861d56c3d76cd0ba7bbb59ed
343,1372,0.04448883607983589,34.14020787901245,50.3320657920558,614ec1e875574dcc0c6a89d5edb89bbf14aae0b010c6f13cdee2b07ec581a63c
344,1376,0.05579523369669914,34.23805692093447,50.42992654198315,6d16c7dd2a6da4b20b326c161b516041a07be4fac612b38bbc316e4964a5c341
345,1380,0.057260800153017044,34.33624708687421,50.52812766702846,648ecf0b15a0a23f81f310de429272c4815606b1de5d7278d8faf6d9a00f116a
346,1384,0.05633037909865379,34.433560128789395,50.625454000080936,c22b8fca47880e7cf3344c36ca8cde63f76325c0e5fd4950f6056991fbc9cba5
347,1388,0.05997902899980545,34.53893442079425,50.73085733305197,51cc5351b172fc947c9db73699d99ac66233bc4c34cad25e37f92cb27c0d85e1
348,1392,0.04558507353067398,34.63974475383293,50.83169279200956,3cacdcc83f15041ff8e7314b241e491d96a84237530074368b0b6ed06f138bc7
349,1396,0.04886704683303833,34.738790545845404,50.93075379205402,d503250814a8592bf6ac0fd10b5c3af7331af318d1d33b67e79d5f3753fb3d15
350,1400,0.057210784405469894,34.838446587789804,51.03042087506037,3afde6fb062f81cb7990bc6e21170a73a4bfe301c35a2b5606f97fab8db854c4
351,1404,0.05316883698105812,34.93703667179216,51.129021375090815,d0026bc822beb599b42be2e24ba47c08086731ea20d457d3318436e045be79d7
352,1408,0.0600927509367466,35.04277425480541,51.23476933303755,6cc7c4bd2b982c304f30b9d44ed6b0935f33853e307e8e4a4e85df8a6598deb1
353,1412,0.035895779728889465,35.14143962971866,51.33344520803075,6e48b40c29b93a50b6a2efa493f50aa81de43d2f223146b19814a03731312431
354,1416,0.050688695162534714,35.23866742069367,51.4306868329877,e7b31a40523734dcae4777a6d1a6017c01ddea582e2a1f5d8eccfef89c2d7db6
355,1420,0.061245452612638474,35.33747196174227,51.52950204198714,1a42b5a22343705c6782d66915b5b7735325434eef9d043204cbc1c5b1412d9f
356,1424,0.053254470229148865,35.43745179474354,51.62949154200032,e16c759ada76eef2cf55963b861a4d47204f0ec815bc7037269d02da7d734de8
357,1428,0.049293097108602524,35.53561871079728,51.72766929201316,cfb3878db45af22dbb92d74981f1e9db9822a7c46b993309daf5c47c1dcff19a
358,1432,0.0537060908973217,35.63416729378514,51.82622975006234,6dd6e06feabf9938b1ea3baffd0028b06300e9052447fa98816fb3abeffd84ed
359,1436,0.05758562684059143,35.73379437671974,51.925867291982286,e46cbc57b2102ea461a48d65be90a61eb584ac68c1ca10a6ae876090d61d0420
360,1440,0.047147758305072784,35.8314415437635,52.02352458308451,32f1c8fe3614f3cd4e91ffaa3b8469e9a3d00d9f3823eaf137676ec5758068b7
361,1444,0.05074062570929527,35.9285296688322,52.12062145804521,ab2c405f3900fe62bdc470cf7cc46aa5c96d8aaffcd94327e2cb8bc9ae1806cd
362,1448,0.06490204483270645,36.03231783490628,52.22441862500273,24424083d1fb2ac46a620004b7878042b30bd0962bf0112e85dc0dac09ea77a0
363,1452,0.056554120033979416,36.13352608482819,52.32563737500459,1e2658c949c1b8d59bef0f71399eaf2b250d450983cd8204152abd7d6abec3fd
364,1456,0.056917574256658554,36.2316253768513,52.42374787502922,f333fd7ba9e09d32a5a09a793f3eb3e5b04ac864e7a0decd4223d7d4a6bf7c52
365,1460,0.053508248180150986,36.33094095985871,52.52307545801159,213857e7af8bc23550518b874d9b9a8450109ee9cc66d811f8ee4a0040fdb1fe
366,1464,0.053252991288900375,36.430929125868715,52.62307375005912,9f8e018e6283608ea027a55e038ec5dfdc29ceb7afc41ce21f9684b066f5852d
367,1468,0.049918994307518005,36.53159591788426,52.72375125007238,27cf7439ec5a29430f18cae941a32939f2be9741b7a59a992455b85279bba495
368,1472,0.05493401736021042,36.6338365849806,52.82600108301267,c3d841206ef43a74c5e0292546913a5db33185b806a492fdb0d09e34b1a45fa8
369,1476,0.045986466109752655,36.73278591793496,52.924960167030804,150a6c4935a174cf4a23a4c89d8ba58960c0d26b8295aa9b13bfb51d82a2648e
370,1480,0.06194008141756058,36.829994834028184,53.022179750027135,5fe5066dbdf7b061163fe6edee6c5fbc4d026860396149ab45c81b8b8defa25d
371,1484,0.05131780728697777,36.92864658404142,53.12084358301945,dce60bc29bba787e70bbccdf0e43085fdec8415f33933c7e5282f1d2b4360c99
372,1488,0.05310460180044174,37.02980650111567,53.222012583049946,f0cadab6a92a4605a9f6a55e65ee60479d97a8465b2dfac9884188a95e82ce28
373,1492,0.05376448109745979,37.1291008341359,53.321316500077955,7cf2371a244f2fadb4fbd16ad178577fc2279abf744c5b40013eb93ef6257a98
374,1496,0.039312247186899185,37.22783820913173,53.42006258305628,2fe34f8694ea10349d7d7bcfb7ae939e56b964af53f6e9afc0383caed3e329c6
375,1500,0.051145799458026886,37.32608254207298,53.51831750001293,b3a0d6a67a806250d0aa3d618334f7cc0f9b4c447a0f88da632b752ecb1564a6
376,1504,0.04846123605966568,37.42342133412603,53.61566762498114,62967ed09cf0046bc2dc26ec3189674f00426ee548cb6ca51aac98c543b4c170
377,1508,0.049397729337215424,37.52265141706448,53.714909375063144,5fe81081aa803cfd681678784a3bce7a40115222a134dd741bbda3c73e2743f1
378,1512,0.0522400364279747,37.624639584100805,53.81690616707783,817e7f91469f5e9424f873fbf0c09163eedd127b5204de5dfa75457760e34c8b
379,1516,0.05282764881849289,37.72221008408815,53.91448687505908,a52b2f2829db298c752e986a4cea2321b7217d4d6ef10199657f9e314706a271
380,1520,0.06071033328771591,37.82134050014429,54.0136273750104,6381a4f3614aa246d0245865cedee13678f369aa308a7190f47d555dad496e9d
381,1524,0.05596458911895752,37.91932154109236,54.11161991697736,58e25d6da7513c166dc812cb1b2cd1df87006742f3a191558acb5810419a32f3
382,1528,0.04338617995381355,38.01883104105946,54.211138874990866,ae05050239b2b222c9374de5e17878e77538eecc474c12aa989e6bf3d36d9d15
383,1532,0.05381131172180176,38.12031666596886,54.31263491709251,c501b3f93677433dfdb744273e6c572f22f6c0bd1c05db3b4413accf875d43e4
384,1536,0.05301735922694206,38.21778504096437,54.41012045799289,62f87a0578bc77c0a8b0c485592777266c261c86da78dada40d00050227f0bdf
385,1540,0.054158225655555725,38.31570541590918,54.50805025000591,6bc9a251afd1782c4da78421cacef041ff51141181264c7af52b07fa4bfbbaf4
386,1544,0.06152487173676491,38.412924582953565,54.60527895798441,430031d3b69ef982899928addfee260f357c5a8e73404476ad0aa8e94b011962
387,1548,0.05331800878047943,38.51143070787657,54.703795542009175,2277df146e8a343918d79af971ae1bb65f47ccef16d91becf80ddb5b749b4deb
388,1552,0.04568981006741524,38.61826237489004,54.81063941703178,71e0f173522c147c2ac7b3bd04b46c97e72df7a3bc0df10454d01250017346ef
389,1556,0.05569114163517952,38.71576904086396,54.90815625002142,d11b7bc82e6ed4cc11f6ded538cb6a54bb151e06041a9ee7a8c5d8fb13b22765
390,1560,0.06422856450080872,38.81187133281492,55.00426820805296,b2fda56cd10ab3bc45cbbd51c10dea436702a697585e58a5a231a3e00851ac86
391,1564,0.055144648998975754,38.9099382488057,55.102345333085395,e90530a4ae1b1d41cde2d40855d86054975a26b72c8eea1f29d1b8207baeb24a
392,1568,0.05288035050034523,39.00906166480854,55.201479125069454,bb98b9d4b017e8eed79a4175b762bdfcd015f82b1292e4faab7183f57c1b6066
393,1572,0.05536379665136337,39.11258349881973,55.30501000001095,21deb31c4c3b4980e8111fa8f948b01ab59366cd183a0a2ae52f9f45ffb555a4
394,1576,0.04568798840045929,39.21009391581174,55.40253212500829,61b7870802fc800110ba448362e2a0f61aed9639a2e0b458be56c7b272cf6773
395,1580,0.05465260520577431,39.309718040865846,55.50216791708954,aa6aeb1a7ae972268a84ca0b6acdbb6df003d04aab73c4b92458fd9c5066ec13
396,1584,0.047436729073524475,39.40748195780907,55.599942500004545,4c07f65f85d9198cea286056665428e616db65beaa33f2d490eb2ab6fd39d179
397,1588,0.05824169144034386,39.50852954178117,55.70099966705311,6481cadc4b5e1974ef3962425bd7baee5911c35779fc650a4d173413e96ad719
398,1592,0.05189215764403343,39.612671708804555,55.80515137501061,03d6406f707ab84373badb97f47d49a683baf3cbfa22b10f301b0a9a49ef12dc
399,1596,0.05401473864912987,39.711493833805434,55.90398358309176,7f8765a644ed96e350d7eaeed9e5fb5d317018609a4e9fa71c5a2cf75b5df4cc
400,1600,0.05300576239824295,39.81066558370367,56.00316433305852,5f7bb5331d80a43e356a8f251a87fa3d7aa68e17feb97277db22f235a3a695cd
401,1604,0.05111303925514221,39.9103475837037,56.10285541706253,5eb77b08a0b4511615920e01de8d0ae857c59cd282df460e4eaa5573bb11583a
402,1608,0.05556197836995125,40.00860149972141,56.201119625009596,137ac6c482f1d2228b2b983e67a38d2002de879c4ba6070c030408ea7f3cbf8e
403,1612,0.05700446292757988,40.11075816664379,56.303285749978386,f19389204fd33ea6d1d89576e96471c58e7a21246d8232d5bd993b6f34735149
404,1616,0.05407363176345825,40.209461124730296,56.401999375084415,71018222a5873a06fee9153454486ed4fcf2ad1d46c4a78c23ef877a968009d8
405,1620,0.05301181972026825,40.30897566664498,56.501526042004116,5c196ef8d754048d40362ed76c097b3854ab8f1368c3c6b0823c58fbd08d496c
406,1624,0.053825318813323975,40.40950179169886,56.60206258308608,34becd8e03f20f0f2060cba7b80635ea6c457e977a8d544e120c0e3ac6f52537
407,1628,0.05323754623532295,40.50799583271146,56.70056908298284,57eb8269ead061979de9935f79ba01dcf5fa4d38e5f08ad1b67bc4ee0dfdea47
408,1632,0.05766860023140907,40.61318833264522,56.805771750048734,1a67ae926dd002f4b3e0dc1f07cde83957bd02d7d3ad22d75363394c23513e9e
409,1636,0.04784907400608063,40.7123211666476,56.90491495805327,bec616c76e6c6a85ea3a5f960f2511921fe1b6f289baf8c0d0affb823ea445d6
410,1640,0.06123727187514305,40.81105079164263,57.00365520804189,56b74803e6b86ab98a32e6161fd544d1a0f79e49642b25a0cf8b057f107cb1bf
411,1644,0.04769567772746086,40.91017637460027,57.102792583056726,a4f043db6b95985e5d4f3f4b948d6248874e567fbe184faeba07d276a69aca95
412,1648,0.05327659845352173,41.01221412466839,57.20484208303969,3f085125ae7c3f443f92db8e66ed5e135e44292f745397358ce89ed80f336155
413,1652,0.06293920427560806,41.1172199586872,57.30985987500753,115b6904b64ddc95e9c998dc470eb790b04725acb1a3d377fcb6b6ee5ab28601
414,1656,0.04022382199764252,41.217007291619666,57.409658708027564,bb3d9a1387b602c790924e2e301f5f8b49f42b5a7bfaa7ed5f864f37b1cbe786
415,1660,0.05664994567632675,41.31637549959123,57.50903883308638,5d656a72964734464ff756acde650ad6ca7c7039ab8094d8ed16810fb0bd4f8c
416,1664,0.049036700278520584,41.41396008362062,57.60663429205306,05c742c993ea6ab8194bf41a1285e70e0e59864419463285f7df699e9dbcf9bb
417,1668,0.046506959944963455,41.506522917654365,57.69921016704757,d59f01f6dc69cc396701f0a1491e100dee61ad8f361c0ad89b1c6ffaf0236e2a
418,1672,0.04790100082755089,41.60812979261391,57.80082966701593,eca1a6d5631539e2ef575f53bd49300ec6bd381a3775ded5cb74c6305f56f349
419,1676,0.06193983927369118,41.707795708673075,57.90050737501588,b401b68961086f990e02413cad8a6b628465abf59d90deffbca64ceb5b7ec848
420,1680,0.055356644093990326,41.80664791667368,57.99937079206575,6e9173279d13e90d4b45efe36c12a679d14d912b76b5262590156acef3846512
421,1684,0.05986276641488075,41.905104207689874,58.09783691703342,493f80a4cfd4d8aec3720796cf8b5675e1915cea98f9f0654cb07ae86364458f
422,1688,0.046815015375614166,42.005543332663365,58.19828654208686,2a4ff9a1a9bf03f5bbd0e0a0bd0ef5421c7aa1dc0ebcc578d3c6461fb7c21117
423,1692,0.05402011796832085,42.10901583265513,58.301768583012745,bf881a585c0162c8ebfd8670bb747d04050559f5a960dbed596fbd91dbecf061
424,1696,0.05732039734721184,42.20794008264784,58.400703874998726,10c193f68f123a6bb3e18b85a688897bc483dbf66ed6849580b789a420a673ff
425,1700,0.047866418957710266,42.30694220762234,58.49971537501551,17949bb66782ab61b75788de892c86c2b37cc0c636f6cadf53cd4df4cd910304
426,1704,0.05977712944149971,42.405675165588036,58.598457416985184,7549bccd1079265a8557f8db6bef5ac41e2e08da1e730b5e61c1ff99ad5af9f5
427,1708,0.04848521947860718,42.50423041568138,58.697021750034764,a996d42c2393d69f90ca946da950fc9581c901651729eff9eb456c5ab3a6eb4a
428,1712,0.05728764459490776,42.61139079066925,58.80419133300893,24243ca1372aeffbc90e6c49225bd5899b2975796b0484604ebe9d6a8cc641e1
429,1716,0.05689623951911926,42.71099949860945,58.903810666990466,cad037569745c32cf9575e9862d5a60303df6c54d0e02a96a437a2c7e9ff295f
430,1720,0.04840342700481415,42.81099028955214,59.0038106670836,1de33d0fa6abc8c3fa13074843ed8e812f1e0363ee10197f8738d793839cafab
431,1724,0.05515667796134949,42.914948372519575,59.107778167002834,e3699866fc2e6c0db94273b9277747a2d64bd9303510820b60fec21dd2313534
432,1728,0.05351537466049194,43.01351791457273,59.20635645801667,519ef8cb827d3001976a3e14bfd12a832f82dabe440fc645b3143947d280cced
433,1732,0.061903778463602066,43.11498674750328,59.30783483304549,8c8d490ef42be38616ba947de1de46c95f06404a66ad30aac473048be457e2f3
434,1736,0.048150550574064255,43.21426791441627,59.407127542071976,b962a3f4b1e8c10587687247f9c9bf67b00b3185634495c6a925f26ce25c0add
435,1740,0.04635200276970863,43.31447349837981,59.507345792022534,64cbb9abe8a99d18cf32a3137aa47c471daa4a95985bdbb4495381bb7bdcaa56
436,1744,0.04794170707464218,43.41268566530198,59.605569374980405,730e4d6d635054eedc4ef92e9dce9faa6e91b0bf7922e8d4149628fa79c76e2d
437,1748,0.06258173286914825,43.512091123266146,59.704988625016995,7333585ed92643c9d7ebe33c0abfe4d214bba2ffd684c7dcbebb39cb203c57f3
438,1752,0.05546308308839798,43.61350995628163,59.80641766707413,8842fd76cf2ec3b9bcd22a702e5b9fb34f6a8b0bece1fc669d807520eef92e6e
439,1756,0.05372639372944832,43.71246666437946,59.905383167089894,2c4d5d80be5c56ebd99a6717b9dd9f41e14f9b614af380c3d1adb1603d891596
440,1760,0.061668045818805695,43.810443039401434,60.003370417049155,1e20f6a492d48f26c5c8e5495f56f39163a9d8454c09956d0196e1d6155482a6
441,1764,0.059709299355745316,43.908662664471194,60.10160320799332,7b8f091e752fd61a7be29120aa8e111857ecaed7adf8be589b28de698eb96dca
442,1768,0.057223256677389145,44.008827498415485,60.20178075006697,bdb463408459c71e8cee10e240920a0a507873c4817381eba3751a3432e905c7
443,1772,0.0523754246532917,44.10368241544347,60.29664762504399,2d32162660e3c3f1c3d9c552f479a5c88176af8c4527e84a7417efc8d3bf2f57
444,1776,0.06456424295902252,44.20207999937702,60.39505808299873,109fa83f688eefae0b36e3ee8d8e470d6caa703ee510153f55b77a130ef563c4
445,1780,0.0580245740711689,44.30010733241215,60.49309770797845,78a2ab05d1f451146c3ac45cc044c48d915b1d4ef7906739ffa86509c18dbdff
446,1784,0.05609491094946861,44.39927462441847,60.59227604197804,2af44541ef22f66bec662ff25c17f86408d980fc9d49431dacfb312e93796139
447,1788,0.04528290405869484,44.49753949942533,60.69055050006136,ec34b0d0a6e352b1026c6cffcffbde3025bc62c33f2e285dc6a84df3dfa7a1ab
448,1792,0.049633003771305084,44.60082024941221,60.79384025000036,7fea6405346f5d7b258e6cbf380ab4ace71b13fbb92dd5677e2238c656880396
449,1796,0.05283970758318901,44.69913049938623,60.892159792012535,3e0e0b5463c6f1b5d74ebbb5e700050e27aa754e48c3d49aa7e970ad85014267
450,1800,0.05419430881738663,44.79908499948215,60.99212454201188,95024b72f64239262cee8479c3db0a3c7119b0517c58f3bba146a919c757ea0b
451,1804,0.052110493183135986,44.89779087447096,61.09084016701672,b2f052caa7b070180427a0fad887b7cbffd12946649881c15725c22bae9b6847
452,1808,0.046873390674591064,44.99669620743953,61.18975820799824,773f3b21155aa97fd000abd5839f88e86e90599799f9bf516bad6b5043653b06
453,1812,0.04876263439655304,45.103380082407966,61.29645424999762,57ac4bc1ee11452493d345d957d0821efe285b9667e016096d616566f0d81fec
454,1816,0.061829082667827606,45.20197420741897,61.39505704201292,362f30aa937f564ec51d1fefdbdb328da39b046159fd5bd3d79e978369900c07
455,1820,0.05130838230252266,45.30103324842639,61.49412737507373,63b9f50ca2f0798f364a865fad9577ed0f7bf53a7e12cab2f9fe6d1e475381ee
456,1824,0.06245408579707146,45.399442248395644,61.59254687500652,96938d0b45823bfed88efe899ce0f5c3d2c8e07ae6c9ba1146516d9c5ebcecc5
457,1828,0.05244937539100647,45.49730599834584,61.690419667051174,22d0bdd6ecc82d84434d3d9bda008c4e54faecce271d14d141818a87545505c0
458,1832,0.056362610310316086,45.604059915291145,61.7971842919942,1a43fe64b103d3a102870ac96c0e3da2f18c517f1508f89a535397e9378648b2
459,1836,0.05241570994257927,45.70517266530078,61.89830629201606,9279cfddcc1068d2f1299876b1c8a12bdfa30f080c9323c13cd79ba868f1112e
460,1840,0.04364541918039322,45.80471945728641,61.99786258302629,50db5e765a9a71490b3d092515e2e310f31dc89887978f29df3bc7f3eaed11c2
461,1844,0.055862732231616974,45.90525308228098,62.09840683301445,5bf0b3304d47d21f0e0d6978fb3295a5b280bd0fd62101a963a91c8b037f7066
462,1848,0.048744842410087585,46.00754666526336,62.20071287499741,f1a90732a065ec4645c9fa5d1f2e382a79f2c08151ab9dcef628d1e7c2aeef15
463,1852,0.05605874955654144,46.111215082230046,62.304393041995354,1f854c807a19ce169f074938de6bf49f4b3495a5f845b3fcdfddda9c544b651e
464,1856,0.05131423845887184,46.210395624279045,62.40358533302788,f9b67e51604d18a3f6fd1855f0c4085ef005f2a23828a38fc816a9b445733f8b
465,1860,0.06233448535203934,46.31057237426285,62.503773417091,4f6a3ad4ec295f37a364b651d0977a927f9284ac29ee3fc04b89b0fe87c0e7f7
466,1864,0.050789713859558105,46.40973920724355,62.602952792076394,45f9adcfa1b0f9865a108c18906caddcbd6064b429ffa598e9f117036823390b
467,1868,0.061594948172569275,46.50841845723335,62.70164508302696,037ccb926dc48877917730f4c6609dee32f741e5b873254aa5012ec56bae5f05
468,1872,0.05768303573131561,46.615055082249455,62.808291833032854,81be9de9b37086f55ccf86aff4dd4267a59269c17426f19682836c8000538912
469,1876,0.056676726788282394,46.714039457263425,62.90728779206984,b1bbd1457c3866628994d9872f85f885e90383cdc767407ca0276b6a9d98a3a6
470,1880,0.04008923098444939,46.81249404116534,63.00575354206376,ac727e5d561da5eb28300f848b8b8ffafeb936e8e8844209a20b08c118e49134
471,1884,0.05386505275964737,46.9112940832274,63.10456441703718,ee4e7826c0df0e45646338ac58354ac1ee392dc1a0ee60819a83234f79b360bc
472,1888,0.06175411120057106,47.011097667273134,63.204380042036064,c8eb2efc1fa134a513072de74016bc3b72d025ce1934c7420788399d0d969f03
473,1892,0.054969947785139084,47.113587167230435,63.30688262498006,507af41ceb6b235385eb910233bd7868ddb7dbce43368e90c78b3c7c3e9c8a74
474,1896,0.05603167414665222,47.21314995922148,63.406455583055504,750751b2c768666713a933e06b100b7fc9600834c16cbe982901853ffd79ccd8
475,1900,0.048797085881233215,47.312504084198736,63.505820083082654,83e44168877f01184f238ad9a1aa8ceaee52091a85eb9ea3e742c1e072a94fd1
476,1904,0.05356902629137039,47.41079162515234,63.60411891702097,1418b8a4578f0fd87a88485cd570a4a76f1094b4bc414b1d5946a54ee43d7566
477,1908,0.05085200071334839,47.50884816609323,63.70218512509018,b9fbc397ddfc981b62ac767cfebe244a679c7e001c068faca4801f99ae78d913
478,1912,0.04800555109977722,47.61086066602729,63.80420729203615,26aeef9af26a2ef853c368c8a8cb08727aa785831e5e0e8d38e11f057ab4d7d4
479,1916,0.048152074217796326,47.710045999032445,63.903401167015545,85f2698c40b50b271aea8d4e83720c83be9f677346dd77d938a70723bae6f4bb
480,1920,0.05251028388738632,47.81036083213985,64.00372691708617,410d4ac7208056c286a5d48a32b261c0c22ab8c308bc8874f7922221aca3e166
481,1924,0.05066339671611786,47.91022912412882,64.10360662499443,46ee3810394d44c1402d282adef084f695e0bc02af4f51c283552740df3f1267
482,1928,0.051510751247406006,48.00952266517561,64.20291100000031,9fe296c66d796f8524c7a73ff25faab0e20f7c38917e0347e3ad1b35bc73398e
483,1932,0.05576573684811592,48.11278608220164,64.30618441698607,42ff7aee030b4dc5f9f1ee7526d73e5b5fd33e8aa0a2c0572383229401d4a86c
484,1936,0.053005874156951904,48.21166416630149,64.40507162502035,eb041204e4734ecfe666d2d1a7eb74cd97dd70d664c8409019f11c42ae46a2df
485,1940,0.039920955896377563,48.31030408339575,64.50372195802629,35f024e8ce84312a8f1d963ab2c95305af1bd6bef6789937e67d665c92f3cb66
486,1944,0.05235213413834572,48.40844779240433,64.60187679203227,f7715fe883f8b791dbb04607dbeab31b20dbb3881ef8b277f41dbf03a9fe0b77
487,1948,0.05986630171537399,48.5079367083963,64.7013752500061,311505a112dc1d5661507ce546cd65679af4d0eff1920b26b3389981679c24c8
488,1952,0.06468164920806885,48.61290375038516,64.80635141709354,d6478122ba575ec3ceb075660abc47c7ea4397b723d3f1a5116e7ec4fc09dc43
489,1956,0.04669871926307678,48.71225404238794,64.90571154200006,1a3988c07f1bee3191e8bfe920c18befc426da5af54c253ddca6bb63b2668f6f
490,1960,0.05663781240582466,48.80984350037761,65.00331170798745,da4620ba4e8a4ac55401c803b8725a1e869b3819b330c41d8cdfd3586f2c2226
491,1964,0.050867464393377304,48.90989141736645,65.1033719170373,bd66382b6bcf5bc778ea1c841b3b01545cb62233c57ae9c367be6e31da45c20a
492,1968,0.0543925017118454,49.01111729233526,65.20461129199248,ea1f15d792eadd1a0bf611fe158007f2bc5f1d735f1ae047d6f3afe2e879a889
493,1972,0.052442602813243866,49.11383354233112,65.30733829201199,faded7e68bca75dba15a234b1cbb8fd7a010913bd174362275b00a57528df02a
494,1976,0.05353899672627449,49.21210991742555,65.40562554204371,5daba20310b000a480020bd6150936c6cebd8f0b9d90489204e863bfb765cff3
495,1980,0.050831831991672516,49.31125041737687,65.50477845803834,94498cc135bde48f089db063a12e3f1e1d38de0d85803b605277d2a113e9f61d
496,1984,0.05790301412343979,49.409387667430565,65.60293250007089,704ae8001f6586a29a3263db9d075d3e328c756177b1ea90145829d555418279
497,1988,0.05042920634150505,49.5078527093865,65.70140712498687,78fb686d1fe951a3a02f9d4b9a5633c4b32bd9acbb7ac92650d0216b33e4b641
498,1992,0.05954815074801445,49.608822126407176,65.80238745803945,be770eece980b2f3c5741d1a28c154b7f7c469c51cc40ef06b795d534ec38996
499,1996,0.048319704830646515,49.70946825144347,65.90304354205728,331739cc5fc9e03f163a8df2fee8e45262c2d24c7162b5907026d4926bfa649f
500,2000,0.04904980957508087,49.807881001383066,66.0014672500547,28e58c88c2fcee3b3a1b98aa3926070aaf76a9e3f71c522e65953edb57085f84
501,2004,0.05089975520968437,49.905961460317485,66.09956079209223,a2719121c556c3123d0bc2194480a5bbbc01ea50944b1501786c3db1e7a84a57
502,2008,0.055399853736162186,50.006118710385635,66.19972812500782,a5f7d2c0f1d6a78292281f0ca4d517a478c5acc7b93e10682971efa76c863727
503,2012,0.056565821170806885,50.11044379440136,66.30406520806719,7cbdd5d0aeba095c61e011e302e8a75f5a26526cbfb059f13340d944f02cc02a
504,2016,0.05463651940226555,50.208850085386075,66.40248833305668,a9dbde5b78e01f6be3201a3c3ecc2637d80a1230b31ab66da8c3d3a137506558
505,2020,0.04798701032996178,50.307344793342054,66.5009949579835,5c89f1bc460f19eecb3cb89ac49cfc7c6b6cb046d6856ac7fc5a021351b39fe4
506,2024,0.06098644435405731,50.40646329324227,66.6001230829861,4e0ca3bc693b03ecd2d07ec97ac6f6bb5e6859ee9c2b019ccc4995954027e333
507,2028,0.044869765639305115,50.50553862727247,66.69920745806303,74c0766fc8b27450ddce28feb54aa2e921d479258f4d15331c210e53fdba2c6a
508,2032,0.04962849244475365,50.609885710291564,66.8035638750298,6500caffed5992a05ddbc109416a266962f039e9f140cc47f48e49611e13dbf7
509,2036,0.04996408522129059,50.71161291829776,66.90530183305964,1c4c7f7fcbe9359125249ca968d3d13527943582ecba11910c100a642fc41c84
510,2040,0.05006133019924164,50.81112287635915,67.00482108304277,a224ffae362171e487b05e1a03ca6d3e6e8d7bb3a3b6ccef3a7660f907220cad
511,2044,0.05216564983129501,50.911924668354914,67.10563212505076,ddb205ecd7ed8ab6aac81bfb6b1b8e9a729f98f3cdb0b81ca540840be418c51a
512,2048,0.059436503797769547,51.013243585359305,67.20696250000037,95362307d5203153d752608a91e458c6e94b9defc7aea8c931ce2cffeec9a602
513,2052,0.052001576870679855,51.11107875232119,75.40559091698378,2793d46bc1a9cb37f3c7dcb0cdeef996d55ae5569d0e668a43281175c92d87c9
514,2056,0.05730844661593437,51.21116091939621,75.50568575004581,db5a62e69e790de899f36e19e7968c5f3801b34633d752d89ef63e8899dc6071
515,2060,0.053954117000103,51.31069296144415,75.60522787505761,4ecda822de9920594fb6ca1de2af257cf5d5c0e799a8d5eb6240c095ba944896
516,2064,0.04551205411553383,51.40727954450995,75.7018233750714,0821ec97e7f01ba528c838e1fa6b84ec14210a3b29a83832cd525d13aa1a1e62
517,2068,0.058692436665296555,51.505731836427,75.80028483306523,7ded2a8d2b7a9e4e631f399344f12a0212fb60fb8c03294ba3596242bd6af62e
518,2072,0.04505303129553795,51.602347752428614,75.89690904202871,476f6b68e86dfa32fc3e29fed2fcaa611124cdf607c65941b777bf274ba18cf5
519,2076,0.04198973625898361,51.70003862748854,75.99461291707121,04e7de20de312e533057c38edac2918c0caaaa47b7576b72c4faf0e2a525ea37
520,2080,0.04732165485620499,51.79812246141955,76.09270545805339,c28eaf77cd04fd2975a59f750248ce7ce4b99692b01350ecc5ad5510d2eda275
521,2084,0.052156638354063034,51.895947086508386,76.19053866702598,d42962d508b3e0238198a3c041c0a2c396fd9964fb8c6854cca3082774c3fe22
522,2088,0.06274743378162384,51.99887667049188,76.29347758297808,e463d08316811bbfdc03e3df5aa5f27822f23a29ef885a1e266d92f934f53f15
523,2092,0.061813902109861374,52.0974171704147,76.39202929206658,36242ccb4841dc0d30c63472145ae41bdbcbb265b4f0b21673de18533a30d1d7
524,2096,0.05086047574877739,52.1953263374744,76.4899487500079,5d2347cb6ab52d5fe19c0be0a6e99d406f66cf6adb0ffa64620cda26ec221ed9
525,2100,0.05374903976917267,52.29304062947631,76.58767320797779,d76af6f37b2a40f12b57ecff8a3a4ed513e38e2cd5336553d05c71cb974ce879
526,2104,0.05401957780122757,52.38990667054895,76.68454933306202,33b38c3ca815d3a60bceae8db7a8ac36b6c408035fe7f39bf35cd35226d9bf94
527,2108,0.046887945383787155,52.49636342050508,76.79101675003767,9a5ff423ba50b0df6cd6c6156abd05997e4521a86c6250266926cee544030b5d
528,2112,0.0478706881403923,52.59463400347158,76.8892986670835,a905b7f25b6dd8ddac52fd693b6bc2be1cf314ec661409d64ac2b537a5310672
529,2116,0.043556492775678635,52.692167462431826,76.98684304207563,253b9ff85642692e1588480f1ffddc3bb9825c497d646f70a2c40bd23b4870da
530,2120,0.05451557785272598,52.78898692142684,77.08367245807312,5c00ac468c7957d1e11eda9abcb33c37154f85836e5317934dcf18d405c08d01
531,2124,0.045806437730789185,52.88790333841462,77.18259895802476,0963cda7df5d63b0e754e2954a8894c7a98635d987ca5904a557a465a1621f96
532,2128,0.047468263655900955,52.99455862934701,77.28926687501371,17aa770c7b7b5e8a0a37883199b2bf91f972339dee15d54a85eacca726a492e2
533,2132,0.046548616141080856,53.096428920398466,77.391149083036,fae8d4e270ac5ddf993acbed37ab47aebaa4fbada7c4490625fc4270ffda9ee4
534,2136,0.046703189611434937,53.19762296136469,77.49235679209232,1788f19abcb347f6ae312f5e4ded0e48daa8b9ab0e9f8401be30cfe425264572
535,2140,0.05002037435770035,53.29955787828658,77.59430537500884,6581f048a10d390b975075c49ae83f99eebe576d86b31c3a312295b206b9b844
536,2144,0.051026567816734314,53.398581961286254,77.69334337499458,7aca4ada1f20fd4dae4e0a53fa4fe4e676f34f10d1080e44444f505d175d814b
537,2148,0.0630280151963234,53.504167878301814,77.79894179198891,7bf3d334c755e87a26290d45c84a273a10b9cfc3347372e65d8ed64489e51c54
538,2152,0.04700484499335289,53.60510404536035,77.89988954202272,2dc4b929bb6430c3e2118b24dbdfc9c90b38feaddf4fb50356da2932a0ce0be0
539,2156,0.044792331755161285,53.70455242029857,77.99934841704089,fd68e684c2e8ade5b41a208bb04f55926d00dba3618e61c9f729263302f2e70c
540,2160,0.054180581122636795,53.80283592035994,78.09764220798388,fb6f500c67f74f7fb6fa7b864ee2c58c123f3a8e08534a09617d63fe79601923
541,2164,0.05589728429913521,53.90238429536112,78.19720062508713,5c803e3b01586a81072e7bab6c2516e4be6f9aafb90aadd63eb622333f15cf50
542,2168,0.046502068638801575,54.00767642038409,78.3025016670581,ca3550769345c9919308d54a8423e92d40d5e936960a6691bbd21ad4c4a01b08
543,2172,0.051949672400951385,54.10672367038205,78.40156425000168,e099826c7034937da5e359a2f498745379725ecbf0ad209853581099ec1cae6e
544,2176,0.04960552975535393,54.20680021238513,78.50165183306672,dc0c704044d7b2a7252867f372de1ffef98887d42c8f2c389aea3ecd863441a6
545,2180,0.04956621676683426,54.30557983741164,78.60044329205994,6bb7f519db846904fa284dc94e96850959a44537611fde18770d40a5fd5ebe0d
546,2184,0.053303997963666916,54.40516071242746,78.70003437506966,ea17f8dae7283b6bdcbe2ca3bd70f28b9a86413225832df446dcdd3952cba0ae
547,2188,0.04925044625997543,54.5099187544547,78.80480104207527,cf30ada51bc50e812c42474cf62d25ebb8537a6a24660169c6f5ee0880c9f82d
548,2192,0.060783497989177704,54.60926875448786,78.90416133299004,fadf89e08a4ac3b724340a835caf62faf0e2b890bb17c8846c1edaa435887aa7
549,2196,0.04998759552836418,54.708833004464395,79.00373470806517,4fd7d0b3b2a95cddfce4ed1e3694776825ad5aea094186a625f8971502f86710
550,2200,0.04970192164182663,54.808272712514736,79.10318595799617,94c76448448ad70d8c2cabf2cc9588f4d583eb16d19eb4cd33add563308eb666
551,2204,0.049366358667612076,54.90789379540365,79.20281962503213,e8ebef4133fb999e463943c8ee8f539a1c5fbe62424d8896f07ddf3537851773
552,2208,0.05788898840546608,55.00994967040606,79.30488687509205,d8bea3b547ddb1cddb3c1a9c1082c8366194e35ea2e0c0301021cbf4174dc601
553,2212,0.04714595526456833,55.11008954537101,79.40503658307716,c78ff64e0f7aaa9f15fd713f369f3a0cbba7bb2aecb5ad32c24d957ed7949512
554,2216,0.046203672885894775,55.20936637930572,79.50432391709182,392f9503c2bbbb77771a750100a219744dd832d9238b3f9b0b6ce7a2e50db47e
555,2220,0.05230533331632614,55.30866021232214,79.60362770804204,bfb422fceed0ddad0c2f6ddd355d1dae4943ded5ed896d1ec346ff8bebbdbc74
556,2224,0.05944337323307991,55.40615533734672,79.70113166701049,303a8dbb80ed79ab94fbbff8a3969848cf539e11744aafc93671d66906489a5b
557,2228,0.05057063326239586,55.5106257123407,79.80561383301392,c4babc67ce99b001014d23cf531f1ff34af198e4fa7f94f9ba06cd5504ba2df6
558,2232,0.063112273812294,55.60795717127621,79.90295587503351,b6f777e158df0fef88f62e15b7fa7d358af25cea1bd95ac5fa36589723daeb4a
559,2236,0.058826908469200134,55.70651158830151,80.00152225000784,cf9e35b57b7124f6079b7b2461468ffe0428af9548c33d2750f8e651ba32226c
560,2240,0.056825120002031326,55.8089215462096,80.10394491709303,9cc8f9a08c685745a31b9df5ecb3ecf16079b5bd5cba951792bb901aef4a5cd5
561,2244,0.04721789062023163,55.91059279628098,80.20562545803841,9b520b4e3dd54e5ab7136d30872512cb860c35c3b7ec89dc0e1009f39bfc940a
562,2248,0.050554320216178894,56.021875921287574,80.31692166707944,b1d547652d369e8feda7a519eed0a3a96fea3f807154ceb40ac139435e33baad
563,2252,0.046378448605537415,56.12226542131975,80.4173222919926,3d9519eb7e0860f5894fc621cf37597473f4b50a67159b0d7d2f1a3350d32234
564,2256,0.04830309748649597,56.22126821230631,80.51633562508505,7ee55013bc9c8ce66a512b9b7a3bc10091e52273be86507a12f5f8528c4bddf1
565,2260,0.05115712434053421,56.32334471226204,80.6184221250005,5885c4731602b75cf5c945b7c645fe1c3131727ba03247c7a3b039f048a222d5
566,2264,0.05960885435342789,56.42178475426044,80.71687220805325,42869178bc8265d9c26e6f4e522083045f65c74efd7527dfabfd1e39fda3d139
567,2268,0.05737905576825142,56.52593554521445,80.82103595801163,0009f3c5028606fb858d6e078cd999e02ceaab5757e48e33a79478c2e358978d
568,2272,0.062063608318567276,56.62411237927154,80.91922300006263,77e47e094afae424f905900e1ec4e2ed61e154ee860cec315d6d7794cbfd49f9
569,2276,0.05041356012225151,56.721440546330996,81.01656154205557,61b98d6d0ffd16ad38c4ae97d6f90d14412d4882fd827ee9be320804ddcd0317
570,2280,0.05023958534002304,56.81881304632407,81.11394312500488,0970fb371c605df41efaf8eb2be8e19b2671ce5ab82af258671ceb064ecdb948
571,2284,0.048256319016218185,56.921851796330884,81.21699208300561,0d85e949c17295615d79b2b37d5e0d0e15113b823369f4e2ed4fbd587a899255
572,2288,0.0526028648018837,57.02221992134582,81.31737212499138,9771dc5f029c92a30452fe254c7af8d25bce0aafb737f65464e3fb544380d3d3
573,2292,0.05283254757523537,57.12309612927493,81.41825795802288,764ff558a32b3cc2ad354938e1d72b8055b453dd5afe7aec090a9747666d0c5e
574,2296,0.0537312887609005,57.223573504248634,81.51874533307273,24bcf4f0c9bd27c7d3813ee56c1917472c51972566d815ee8af89c66f717bd80
575,2300,0.055845264345407486,57.322034754324704,81.61721658299211,8f990b0a0d19d2f5d0fd0e0c1b112f660a7eb6ba8fa2852546b92901534533cc
576,2304,0.04851660877466202,57.4201086293906,81.71530112507753,0b0305d0d4d626a6ab0a8b3cfc571c48396ee22d7f7177c86231b58445c819a4
577,2308,0.05395856499671936,57.52618746238295,81.82138862507418,92d450db5cfc46c5b8daa9f416181f0cb48fbd27bdb3bdd2a90b15e4750127c5
578,2312,0.051595114171504974,57.62610462936573,81.92131529201288,2d3930044e4d1def2f3e5753f61b25f2b22034daaed31c5927a5ec03bf6689ed
579,2316,0.05480664223432541,57.724144838401116,82.01936720800586,6ac849aed89a038a9737e07a984d631cbaa11d7c18fb90fd89878e127ee8ef2d
580,2320,0.05304679274559021,57.822530588367954,82.11776375002228,e644c86e6755c3f161bcb28bf6aae1b38d956c3f572f81c4fc7f62bbb29e211b
581,2324,0.053362663835287094,57.92724367137998,82.22248825000133,7bbccc30c3ebcfbf1c6fc2f8df08c9bdc9a38a0bb30fc3019306da0086fbf167
582,2328,0.059608425945043564,58.02945938042831,82.32471529208124,8758e81c444db4775a61d67615b57ef68086cd7cb695dafcf915dcbd243ced40
583,2332,0.05340055003762245,58.128647130331956,82.42391316709109,c2e5cd6ac73d4f2f41cc186cfb86185b844e0a0ad2ff1322f9b38a860b4b547d
584,2336,0.05082341283559799,58.22784296423197,82.52311745798215,ddd9c9422a8bd6c8c5efe9ba6ec4dcbebcda448bf2116f3e0ce66ea9d9190880
585,2340,0.05293259769678116,58.328667964204215,82.62395016709343,1ed8c1111fb91f15592f4043223b03abe67500205a13c6b4241fad4757ba7cf6
586,2344,0.060351449996232986,58.42809783911798,82.72338824998587,aae3022a780722ab2b2e7a9c021c0e7293f6b91a9cf086db13e5654ab21d0b5c
587,2348,0.052287060767412186,58.535515964147635,82.8308154999977,0b45a6aca4f9c1bb7cc7f4d1009a9f718d41e612fcaf921ab3e56f934c036ce8
588,2352,0.052004773169755936,58.63513192220125,82.93044174998067,5487e4a074a834f67e0828d4e8aef7b52b56005d32b5d92a5d2e3516a8ab2dab
589,2356,0.05042814090847969,58.73601771320682,83.03134112502448,82ee388e013febf8d0f350ff335f2342ee3b43ce868c8302fbc38c8a99e1bc41
590,2360,0.04970233514904976,58.8350790461991,83.13041537499521,b9f9f42a8808c81b65fd4c916925db49f2a1f0c1f9dc71207723ceb79ead8cca
591,2364,0.05940746143460274,58.9399112961255,83.23525954200886,391a2f0e8dad2382ddf43d03f9ee6d22e40a7358977391bc7ff7c8c396a659d8
592,2368,0.03989070653915405,59.04088825406507,83.33624816709198,4fb8a6cf9d7e0743704d0804fb55d25fc9d89e3abbadea4817698ac0bed4e24b
593,2372,0.05384081229567528,59.14051921304781,83.43589062499814,18bc0693e4bf5f0170140d3e0888215147afcec8335aed2b83cf1e796953abc5
594,2376,0.04234226047992706,59.23993596294895,83.53532179200556,0cc3b7b9da0157083516b6baf244495afaaf27c108f3fe094de0a3e25fe6dc6e
595,2380,0.05838010460138321,59.3393611300271,83.63475550001021,fa5ceb2e2e384457cde73b6c5bdb516a12e2e501bb27eb8f01fb5e9c705eaf05
596,2384,0.05644552409648895,59.43896554701496,83.73436937504448,e094dbcb5aa1e1ed7f2e4fbd8e1a4f7416d6770a4e1918614b89042598773733
597,2388,0.059112437069416046,59.53948258794844,83.83489979198202,97082e3efae2d6bc44e54f1c75f5cf26f8b7563fd5610d192552ab678b76d44b
598,2392,0.06098514795303345,59.63862558803521,83.93405295803677,f155803586c27c78fb2a1248b52acd81ecdb8a93e104857de189ad54e266a6c6
599,2396,0.05368560552597046,59.73799200495705,84.03342808305752,23b220476bb2bef7d7e06505dfcdaa95267276c4951e18665831a3fb5faa755b
600,2400,0.0629657730460167,59.83792633796111,84.13337145803962,4ca5964fdd259a465f19e0bfcfff0b2832b8cfa7dcc495c7f7ac21d5410b2944
601,2404,0.05702032893896103,59.943431004998274,84.23888737498783,ea95699dfebc8ca5bc304d27799ee9a477801b95f20717242f5d0c2ff37a3608
602,2408,0.05329960212111473,60.04405296302866,84.33951933297794,7d9b96446fe98201a11f1ed9270ddddbe9c36f2ecd43bdfbfe3f0765cf82b9cb
603,2412,0.04748799279332161,60.14341983804479,84.4388954580063,7c7b30ae8ecce10b7c216ec16ff1430aeaef8145478bd53e8428976a2fb33cc8
604,2416,0.051700979471206665,60.243423213018104,84.53890875005163,65f6362a417f9f3e5c1e80994ecd3f90db980bb3445404fdd67e852fa6b510d9
605,2420,0.051315389573574066,60.3419036710402,84.63740075007081,84a1a49c1638db966771b21bde3091c55fd16ee52d369f8b42459c2708e5b4ce
606,2424,0.06327305734157562,60.44813304604031,84.74364183307625,31b501277bf7586bb75b82b81112dcd8c62122d228dfd7a098a7016ea9e2d5af
607,2428,0.05526641756296158,60.54817296296824,84.8436955830548,06c9ab030f370ad0f41f4eed0c1fc74f3e4f7e8fb5cdce2bab2ac0aef6f98900
608,2432,0.05602729320526123,60.645434087957256,84.9409665419953,a307095cf044e7a5f19ae8a9268b4d1c718a68766e5291c9f1b5a3ce064bb1a2
609,2436,0.06366688758134842,60.74371471290942,85.03925812500529,58ffb3f59871f5e59d0f8fc48bc01173bc1ff0b767ed108cff140c98b01427c6
610,2440,0.05565710738301277,60.844925629906356,85.14047900005244,c962ccfef48116ad7ac956fb4ce1f92beeeb508ec4fef07c8812a53fd944d358
611,2444,0.04806654155254364,60.94889933790546,85.244463958079,80f17c785839791a63193d4a4d55f654d4fdfae83b083a071b55a378e2929c7b
612,2448,0.048725973814725876,61.04663654684555,85.34221008303575,7c77b38985b66713786635a14b322c30472dfce3b11f5c21f38fa46aec120131
613,2452,0.04596817493438721,61.14493213093374,85.44051554205362,80295ae50dfef84b3a8f7947607bbf628a9cc4562a48ebfa7d490284d368595f
614,2456,0.05014247074723244,61.24313529685605,85.53873054205906,6d1190d36508e659380d575776eb9c03ce09409bfedab0e2f3ac44ce9bbd74e7
615,2460,0.042728863656520844,61.34234854683746,85.63795633299742,eccbc053d2d0ad0b7059b45270d090507019b0aa4388d727f924cea89cd8d7f1
616,2464,0.04078729823231697,61.443411171785556,85.73902879201341,499b2e0a3b57e06bce115354c5ef2f04895b703fcf8440063d9f726479df4b78
617,2468,0.06045612692832947,61.54399433778599,85.83962145808619,826e3634908ed2be7bb6f646f996b19adebd58597bde7b2dc36b612e57ef34c8
618,2472,0.058246172964572906,61.64306158781983,85.93870054208674,2c8aa370091cdc0c2ef79c8de75510343360cc15bd426904de9d04c38adb78a7
619,2476,0.05054788663983345,61.74284779583104,86.0384975830093,990b336ae4de23751a35fe2a78cc5a5e82dfecd871f364857ac8af1ea5744283
620,2480,0.04927605390548706,61.84123250376433,86.13689437508583,eeb1103a1a2214c9cd799a6e26a26f61378f83fc2b9756a361ba4756572bdc22
621,2484,0.043986592441797256,61.94549025373999,86.2411628330592,74a60ecbbf1dd84d4b54222e08b7e990a23d4c97139f487fb86fce7d6fe982d7
622,2488,0.05579351633787155,62.04678217077162,86.3424655830022,dc4bd35e90f7e8540cf966fb2899b8628491acdfe76d4c5dbb86fd269a17acaf
623,2492,0.059516362845897675,62.146349336835556,86.44204341701698,ca5c623fc851a91c7c45b224f0974a7d2cfab011426d97156461fc8d9e9cc173
624,2496,0.049244754016399384,62.24323671183083,86.53894416708499,076125ae27662fadbcf8ea29da0c05c02ad2bd18eb80dacc4da4d1bcc095e636
625,2500,0.06186786666512489,62.34260729479138,86.63832441705745,12aae98a756565d2c5988d73879fb0f372f05c7df697e80f96e52f647e47a44c
626,2504,0.05828201025724411,62.448257002746686,86.74398387502879,6a44f5c0217ff29093f60026d48248fa225104cbeeed01888cfbe90e85f3ece8
627,2508,0.0639195665717125,62.54695371177513,86.84269095805939,1a44b1fd59bc5c0d2d0f65f927fde22fb23fc37047040886583ad6922a99f6bd
628,2512,0.04767573997378349,62.646039253799245,86.94178633298725,e88a5d67dcf36a62f3cbc1812bcb845d750650477105bd2749803fb408677f7a
629,2516,0.04852486029267311,62.74620017083362,87.04195683298167,3ae1f4d694559046b80310ca9b6d4c3515e4c334c85c9980ccc5bcf0478e0b21
630,2520,0.05839386209845543,62.84695783688221,87.14272508304566,0f3a244547cc768c4337841b635f78a1a5c9edf96d8ca00e7a86b4ee812f00fa
631,2524,0.05658307299017906,62.94857587793376,87.2443529580487,bdfea7a13cd5fc0d76b435fc2aed40da8b01bf5f014c04f65ec835a7c110f75c
632,2528,0.05859033018350601,63.048632336896844,87.34442087507341,eb3c369db1c643b1d41190bdfec96939b6d315deb93913984796eaf0026531a9
633,2532,0.049439530819654465,63.14843875390943,87.44423999998253,5892d4a0de21d687f7e71f1b7b20efab8a5c44ba450afc3b4e824cabce7b564a
634,2536,0.05659527704119682,63.248220669920556,87.54403391701635,afb580b79b180229a0e9e317bc8a79453328ca38dacbd458e6f8c1bbf4de5923
635,2540,0.05737951770424843,63.3458477120148,87.64167037501466,4e1e919f177c6b46c8837c7c1e4430d4a5ed7faa6a36784882f201f9496ba9c0
636,2544,0.05161169171333313,63.44622487900779,87.74205887503922,00df6acaec06e63af2a7727f72e8cb7e996dd1ffb7847f9d20f7a4102056807e
637,2548,0.050538621842861176,63.546540919924155,87.8423840830801,9a6aea17c50191e2afb3c75195ed88e31522594372da2764444f67bbd4596330
638,2552,0.047874029725790024,63.64501412794925,87.94086958304979,c8d57945e8d758b3acfb624e46987192796e4d1c2a5590875b1853d637340993
639,2556,0.05079764127731323,63.744224419933744,88.04009100003168,d81c2148b705476657511f9855c27cf2303d60c7a6e8db96db1fbf339d811909
640,2560,0.054438356310129166,63.84293408587109,88.13881025009323,429d68b5a41091de7ef7afcbe714a6a6f6225a2b082d714198554ad075c2f61f
641,2564,0.06062028184533119,63.94538712780923,88.2412723749876,1a68ea71aba532493f2069322557676d96d8d31d3b76a93ba75a83bde7151566
642,2568,0.04690837487578392,64.04681612784043,88.34271312505007,b2d03f88c82e12a8e6b295699f516a8580f58e681f7ebf9e04ed096b50cfd9a9
643,2572,0.047177575528621674,64.14686341991182,88.44277412502561,ccb517a3a1ae41291436a4d2b39cae1dd0e00cd5b04bc272b556628880030e4f
644,2576,0.04938237741589546,64.24690037791152,88.54282199998852,7ee8cff04048ec5305e69ae4b89f9942a59276a3f7966915ef7b839d42ce6cd1
645,2580,0.049968719482421875,64.35047025291715,88.64640241698362,f706e0369a6ca0f2457b39d867c195b165ea480af7eced2b620ceb314c31de42
646,2584,0.046293143182992935,64.45060679398011,88.746554958052,557899bce5a4727a10ca631edf351e7848e91bdcbb1302ca783a9b81f1a2b9a2
647,2588,0.05293251574039459,64.55102041899227,88.84698187501635,fd955eb820f318f67458ea1e267926bb7928a28f4410634ebc88b6f3b2f5af75
648,2592,0.04976319149136543,64.6495014600223,88.9454745000694,ef61ca407ce30fb1cf5dfbdfb513ad4fe849cb3dc5b3b122d113bb4683f9a21d
649,2596,0.04546384513378143,64.74793912703171,89.0439235829981,c715822649ed8008a2219ee6a942cac2ad9d29175a5bf20d0930d7aa17ac38cd
650,2600,0.059736501425504684,64.84624516905751,89.14224341697991,1976c5ab1656a5648ca0196f35e1f43560f12a3e5a7c5b1071370c256a612ffa
651,2604,0.05585434287786484,64.94796871009748,89.24397816706914,accfc6283a1783baa6ac38b27c5b0bd6417fe7edd3fe01c1e3463128104b7804
652,2608,0.055704306811094284,65.04738204309251,89.34340212505776,7daf799f201b6eca0363b5034fb5e6f1f1a53622543941835d06d2cebd67816f
653,2612,0.04300762712955475,65.14502491801977,89.4410558330128,6fffd624fad3f3a66af6c288dd3fa65a493e4000a44e612d52fb437fc904a59f
654,2616,0.046260200440883636,65.24309687700588,89.5391379580833,09cf02a006e6ab061a57bd8070997e6e20ca64acd5504d71b73e1e596413eb76
655,2620,0.05242109298706055,65.34201983502135,89.63807179208379,04853d3eba8942ce001026240ba7ea1b52931639ccfb9f7ae4f31e977d8d8c16
656,2624,0.05196794494986534,65.44393675203901,89.73999858298339,cd4fd51429b3f9c588d7e90586aa633f64370a4fc2f362dbc25677bdf892f9f6
657,2628,0.05393971502780914,65.54360225202981,89.83967579202726,011c4138fa92443ef74b6746391122362ffd9878015aa5d5de588ac804971887
658,2632,0.0572962686419487,65.64225171005819,89.93833691708278,b216c12a17d4b4d2605146cab2166d20546aedf8f96d129806c95177a64e0085
659,2636,0.054755013436079025,65.74110616906546,90.03720162506215,d71526f1970474ce359a03daaa1b50a352d33692f9708c658a5a2a1e99dc98e6
660,2640,0.06095341220498085,65.84044446097687,90.1365496669896,c5cc394ffcdfbd1e85bdc2af928f131b048ee4d4034b06ebb51b4a0447d7dac9
661,2644,0.04361480847001076,65.94306950294413,90.23918491706718,3d051362a0877c2e97b81ec99140da11bc039f65e3f81b6719da416f74a4363e
662,2648,0.045507658272981644,66.0426769190235,90.33880179200787,1e48dad5d41064569ce21898d9b7bf1b768ec16dda33e4f981ec43ad7990db6b
663,2652,0.05155761167407036,66.14176591904834,90.43790004204493,6ede59e00b79a32944e8db4c3180d5d5546b7d5ac2d7027aab3b5dc5712ecbc1
664,2656,0.056552521884441376,66.24048137711361,90.53662495804019,e8533bb57ea60dc56e2dd401a56c3d2728b1b6ef1b4bf61aa1726ab8c325da8d
665,2660,0.0512814037501812,66.33936721016653,90.6355186670553,668b7faa5a65b247101a50c4b2ace871824d596074ac3e053a22729e5fc3e3cd
666,2664,0.04862173646688461,66.44549700210337,90.74165779200848,3917f3f21d60d5236e948403fc74f1d10b03634b0bd9e2b1f1bd4b5c3ae12b82
667,2668,0.044753555208444595,66.54453025211114,90.84070237504784,77b43df546b32ce0e7b0b424b8a580f2f3962a8a5d539b200c21ed2e2dac3e67
668,2672,0.06523129343986511,66.643431586097,90.93961345800199,5759cccdced474a42b42c09f22ff8e51046a4fc59321efe54400eadc6210c18f
669,2676,0.053632702678442,66.74375600309577,91.03994950000197,ac3e17adc80ec7a202bc67e7bdb65af01578b5f8580eb79fdde23fd42082228f
670,2680,0.0472564622759819,66.84305433614645,91.13925650005694,0c2d835db064508f1e0ca2f5a2183b4d75bdfffc5fbc17ee937687bf90d06fe3
671,2684,0.056794580072164536,66.94540004408918,91.24161179200746,e84409a38ccd25c907590a7d77d4185d0479d0ca57cc8009f82bb48ba1cea69f
672,2688,0.050941213965415955,67.04847304406576,91.34469583304599,d46ca74f15e5a505456c78c4e012c9c26a6bab7d4f2a4f999c8dc72fece81466
673,2692,0.046349842101335526,67.14764225308318,91.44387558300514,028df4c88394d58a4ed81873797e7a442e8123576165aa392bbcf4debf211dbe
674,2696,0.04873322695493698,67.24656096112449,91.54280587506946,b88c00b71731768faba2c920358e7671e419a6116bc316e9c59e89c1f4c0fbd1
675,2700,0.04950360208749771,67.3456779611297,91.64193500007968,85dfbac0e995a69be66ebaa18feb738e046f0775a7514db4e7c20742448f793e
676,2704,0.05338728055357933,67.44775108620524,91.74401879205834,1e3f4f670762e4406a92b0d57218c382442529e9f6a3fee8f0178cc805f1978b
677,2708,0.043742287904024124,67.54647217027377,91.84275175002404,37d04cd82b20e3d0180aebc941f4bdeb38a7ba8405cce008b0c65ac6ce66fc13
678,2712,0.053353745490312576,67.64522083720658,91.94151345803402,25f9a3d0ca3496d5e52e7c445c169cf3d6ebc22a95a837ae2e499e60ea1cedb2
679,2716,0.05826272442936897,67.74483183724806,92.04113562498242,657d7084f1088eaeb5ede4d754dcd77a280b241baf8122cb7731c3c9f5b4bed2
680,2720,0.044388897716999054,67.84364829526749,92.13996141706593,28e4d343a89127072728f67c478be099ecffde0b075bfb5b5f9fdaedc9de3a66
681,2724,0.05353034287691116,67.94798646226991,92.2443111250177,dbfe53959437c95ff34863b7a17d07125529a29eb5093284bdf9aa4ea5b3945c
682,2728,0.04355830326676369,68.04796725336928,92.34430208301637,e8e37ae55364432839916e3e63dead5fad7c15d3f81589d8ce87eeb4bd70bda3
683,2732,0.05121203139424324,68.14849287830293,92.44483687507454,25019adc5fed47610d04c007cc0dcbf067a86662639076ddedf6b143d1bdc7e6
684,2736,0.04966718703508377,68.24813475331757,92.5444877500413,626b372a5532c9f716ae8e2ed674c27a115aa2559db62985f8793e93f1fd7114
685,2740,0.04972396790981293,68.34749958722387,92.64386379206553,c590949a460b2100bc27b6195df6d19030679e9a4b8d5605913c3b393b3b9c5b
686,2744,0.053410399705171585,68.4536731292028,92.7500457080314,21b7b2be83d54f2fb1e553e7460e25b2d372864a44c1e67e10d850b193b4ce1e
687,2748,0.0495891347527504,68.55273125413805,92.84911449998617,4aac335dc17b187b8e0c794d23a132fb0e2c5f469ebe411c761533761ed899e6
688,2752,0.05489976704120636,68.65416342113167,92.95055916707497,19d984871a55e1256dd33a2fc3d069fe328a5622ce0502a3103715f9bdda112c
689,2756,0.06301671266555786,68.75279258715454,93.04919908300508,c7f0f6415efca7230248c14104519bba5dc9e4de2da8945f1e4d8e59d91d72f5
690,2760,0.05041171982884407,68.8528807121329,93.14929833298083,52ff8fe5b8fd0c045f3b77b4bf29830781f69c294c8edc6fe25e1c709f014b8d
691,2764,0.053907185792922974,68.95757446216885,93.25400212500244,ac0bea9513bc4f4579b7cae66e53e9b46745056047cd013d50f788f5b9371724
692,2768,0.053919821977615356,69.05766083719209,93.35409983305726,33232459f9a0d1fa41f1ce4dfdb35f73765674e63a861c95e304ea95bf399736
693,2772,0.06055910512804985,69.15616342111025,93.45261258305982,e19b026a0849611e54429b3af92573cbb5218ea2747f0e79d3d25b5b35439cfb
694,2776,0.054489120841026306,69.25619179615751,93.55265204200987,8426ed46c03db50999c423525415f0709af25c5baa1f2e79fbbf3aad2f724a66
695,2780,0.05879881605505943,69.35601642122492,93.65248841699213,25c5b64ad0b7f3804293361ff183ec8708129d4ae30f8352df39bdfc06556cc3
696,2784,0.053888607770204544,69.45678758830763,93.75327216705773,14b4183d8efcbbf5c9d044dd48a5a934292cdef5b8cd8b97ef3b59262f06be21
697,2788,0.0522724948823452,69.55564212927129,93.85213654208928,5dc059fb585005a14458a5937335a37ba658e3a69dafd82a96e6fa233a7c0f7b
698,2792,0.05485154315829277,69.65448204625864,93.95098633307498,fb90b25685c06d9fd0ced09e56c41a1b45e202cecdf66297aa1097d9af972c22
699,2796,0.050227027386426926,69.75491783721372,94.0514302920783,812116d3d1b8264279c8605fad797550c5d38430406f075232b935b576d8e55d
700,2800,0.0473230816423893,69.854393670219,94.15091587498318,574924a0a41fe3f26e42fb11cc6eae5ab60bd61faa122a70aab6a24954317558
701,2804,0.04805222153663635,69.95752254524268,94.25405329198111,1730ab12099f31ee081c81a3bd6c1e751d70b542ab383ea8d179c5e49c2f7f6c
702,2808,0.052728086709976196,70.05710775323678,94.35364774998743,abe2d10cd7c91aec10b28ecd9063480be853dfd117a93f97e28b7cec8127a343
703,2812,0.054723214358091354,70.15599100315012,94.45254025002941,b7d240be49896d1bf641526484374c2401cebf820ddf7a559f7a9c1649ad424d
704,2816,0.06893651187419891,70.25622250314336,94.55278441705741,ae3166b0d65af1b57ffbf633cbaf938a1ac3939e75fd9b0742cf0d33b893a66b
705,2820,0.0638999342918396,70.3550575862173,94.65163158299401,e5b9d9d19b3ff545de11bbce486ce6012d42270cb61d5504102e6156911ebc86
706,2824,0.04278646036982536,70.45866954419762,94.75525458308402,0e688abdaf743d672de57c90c5f6bef4fb6bca700419b9b0f9834659aa8db411
707,2828,0.054573457688093185,70.55995746119879,94.85655545804184,994dbe4ce9004344feedacd20fefdf2b4b353181b80decfa3ec0cdbae9ac4a28
708,2832,0.057753920555114746,70.65961458615493,94.95622687507421,7b02528cfb4977716d3bab3d0105e2f2aac391d08a7014e8717fb760abca60f8
709,2836,0.051275793462991714,70.75994337711018,95.05656645807903,5c7f54f718356048e32d0e084d2f827f0580cad500b6d1c71e6838b66840f933
710,2840,0.06208716332912445,70.85867621016223,95.15531183301937,991ba46ac0c2aed8ee2fed674c2a08376a8870c01c40f4fd235365754d9a7ee4
711,2844,0.06282023340463638,70.96297625126317,95.2596219170373,776c975b399be6fe1860142d46e13ee7bdc4f1d8e70746e10ca3139d3a4520c9
712,2848,0.057007383555173874,71.06154466723092,95.3582003749907,a20aad7381e6923f1e881434ce52562f32786b1d20454c12cfe6d2362a6abe10
713,2852,0.05545996129512787,71.16116962523665,95.45783712505363,be28618273d4ca7774a49046229109aafba526025c38a9a356b494d3a7389d95
714,2856,0.05026509240269661,71.26045883423649,95.55713787500281,0ccdb6a1abb825cea8c8985ee8458db0b9da5c42b4fb50954b58465c850ca53b
715,2860,0.052029166370630264,71.35864629223943,95.65533504204359,e4f9cb983696a6c39bbc09cdb7d2965a53f1f0151cc6f8df777ede4d1bf0452d
716,2864,0.04972656071186066,71.45854262518696,95.75524020800367,b9936286be8d5e43675e4d1349916dc0d8b6627a70ce75538d8add706d568525
717,2868,0.0619296133518219,71.55993212515023,95.85663833306171,26787231b631033f3b6d187058cfc9fb2bae0a118d33efd7a88526449550e3bd
718,2872,0.05334493890404701,71.65823783318046,95.95495241705794,a1ac205598938a673feb6d5bb5e05ca65ddde78bc209abd950ff5cf898897e2b
719,2876,0.051554784178733826,71.75892524921801,96.05565204203594,1f28c113b575e603631b2954e861a6eee3d59b6b4433707d0f34cc8906c10539
720,2880,0.05117526650428772,71.85878279129975,96.15552045800723,ed34f2da45fce4ed8e63813591fbc06f050956434ddd375ca228bee57b53c835
721,2884,0.046929679811000824,71.96427474939264,96.26102270802949,e8fd9b9e7c9917e33dc495341fdbcf61b8672ab8f3d55d3b3f02d91f390abf02
722,2888,0.054170507937669754,72.0635348323267,96.36029300000519,7971b43185b07d226272ff64f79c950484364ea1d5a863f218bd4563dede7ced
723,2892,0.059932321310043335,72.16365049930755,96.46041699999478,0b5dec65724b4212e043c2d9a9d9fb406a547108d899282b3d4b496b074dcc51
724,2896,0.06311643868684769,72.26348324934952,96.56025824998505,77e54fdd7cba44037414e0ef24427bfbd711577fdbc61030eef03b2c48f58e4b
725,2900,0.04969405010342598,72.36351474933326,96.66030058299657,c90879372074431fc55771d0bdf7814fded8109cf90f809470bd4238ab13e07f
726,2904,0.05711223557591438,72.46815483330283,96.7649536250392,902996b3b4e8b42a7fd056a8809d8c2b92351765244a20247ab39b98e2fc618a
727,2908,0.05286524072289467,72.56771254132036,96.8645204170607,34c485337702bf1d0f9c4712eb81d1bb883f638cbfea3b2b61554f5bdbc2274d
728,2912,0.05252253636717796,72.66596504137851,96.9627805830678,c738309b02dc7fb09ec8188e33bb3ff5d401a586043cefc5eb39b2439eced202
729,2916,0.05265487730503082,72.76619574939832,97.06301925005391,67c7b96e1fd2a3ed65762bc893286a3d10e70587d9bc8e73e52d46876b819227
730,2920,0.054019998759031296,72.86525237432215,97.16208608308807,b86ef1e5e3b9983ea40dfdd9100240890d27599351db2e81d686e9dad38f5989
731,2924,0.05198567733168602,72.97070399927907,97.26754733303096,4485fc985afca3e270a457329b3ec8956c2400139c0561a1eb2e00a431c912a0
732,2928,0.050892651081085205,73.0702672493644,97.36712250008713,7d8816ae2416f591115f2111c04555dcbf11819c47086a0228e294978dd6e6de
733,2932,0.054841890931129456,73.17194633337203,97.46881083305925,75d0aa2b503785063c599e5c2eaee59631c2402c3ddc1fc3ed8cb7ac79991c0f
734,2936,0.05205270275473595,73.27153191633988,97.56840691703837,f60e65d2166011cc330654827d47fea50c4311e4f4d4c1094c090d543d80d51f
735,2940,0.053330276161432266,73.37244258332066,97.66932558303233,cfca7aed5bf0737658343979d3acfec90fd9c44afbbf4168d21badbbeacdfee2
736,2944,0.049104832112789154,73.47625083336607,97.77314195805229,74e8e45abdde67fc00dd9be94fb748b1c93d82a4d5279216940990b214aa144b
737,2948,0.047797560691833496,73.57780424936209,97.8747037500143,731a77b6e9a92130679f3f9d6bb2bd375c0b8668a756d8e14de7341cd6f0a671
738,2952,0.049662958830595016,73.67918358335737,97.97609554207884,acdb24f0f3fb6958238eea74da8e5d8461bf606c9c3d56a9d26b72f3adbff680
739,2956,0.050011347979307175,73.78126758337021,98.07819345803,2ff3a166797e6ae26b6721a2251f099cf82da6d3e9c6ce0e2e83bcc69706f8d3
740,2960,0.057852886617183685,73.8825576674426,98.1794964580331,ef638941d8847e417e6183087fa122870822847a92eba7385cc0dee9c1c5035c
741,2964,0.04955203831195831,73.98915325046983,98.28610208304599,a8f9a8cdc1ce69a8687ee8c8ef0ae8c089d07c857bf83ba1a931323862c74c3a
742,2968,0.05615406110882759,74.08868187549524,98.38564220804255,fe315488e62097ff940ebbfd857ccda4b2569f4c752b22484ead36a980d46d81
743,2972,0.05832960829138756,74.1894486254314,98.48641837504692,a9fc0beba4a70504a5b8309d8c0f0c981f87bcebcbbeeb28768e5e96ce1d88c6
744,2976,0.05217176303267479,74.28921016748063,98.58619045803789,cbbf71421ae53efe1c68b9db6c1bbf1ece2dd831f1d857fd8bdc76221c05cfa8
745,2980,0.05641339346766472,74.38911241746973,98.68610233301297,9e2ddffdbb2651066236984200c4a676d723b54a5fc4293663b4b22e57c8f037
746,2984,0.043558087199926376,74.49498358450364,98.79198370804079,4779d8f1459be42af3b7252d87ffa70dda00a958bee1c44b58b62a5549f17e44
747,2988,0.04902902618050575,74.59487666748464,98.89188725000713,87b35057abf0c5471191350573a11ad1b0051c02f3dc4d1d02e97364cb70a513
748,2992,0.05917723476886749,74.69417004240677,98.99119000008795,203a70bb188342c8e3f17017a893a3ed52bb696c9d865a5bbf12a2f05d81f48b
749,2996,0.043773867189884186,74.79482920933515,99.09185941703618,c5c3d0bbe990f4fb24a29b0d4e94386501527e18f7c4c663d71c02144976bcbd
750,3000,0.05356212705373764,74.89353716734331,99.19057625008281,0450be36bd58635622f9cda9ab1574a2ef5a21b38ac4322992b23792c028e6ac
751,3004,0.04756951332092285,74.99867258430459,99.29572150006425,6ea240a8eb120495dddfb99d19a95a597cb4a45b6fdf1bca325d352ef901852a
752,3008,0.047551486641168594,75.09706870932132,99.39412641699892,55dcdc825c8b5c09753488baaf834a8a0daf77ef3965b648710bb393712acb08
753,3012,0.058767832815647125,75.1962618342368,99.49333033303265,cb9109f89f02f35d58c4a4c10a9310a92fd29874ce2de93ff744bb7dd52cab11
754,3016,0.05995047464966774,75.2958620012505,99.5929405830102,913a594dca33187cedb354c690c041e51b3d5adef3d468c6063baf1a4647c3fe
755,3020,0.04280402511358261,75.39704758522566,99.69413620803971,cb62699c094baaae2c91a4b521009f0f130fca1580317c14a336b73a70b722f2
756,3024,0.0528373196721077,75.49541996023618,99.79251958301757,92f94049784e1e358d4122a12f0b6c527c9629c98cbdc2a589e0c94bb42e145a
757,3028,0.03786163777112961,75.59616104327142,99.89327179198153,cb082068babd8745444497f3a16615de6f21f7ee4da3b60fcdafbab17653989e
758,3032,0.05627055838704109,75.69526870921254,99.99238962505478,a661bbb6e35e55591fca762e143e16c5c5485bf10ed48c2ffc0222a12c19e1c0
759,3036,0.05749057978391647,75.79539675125852,100.09252741700038,3531192cb3f1aee641c124419004ec2a64a1ebf28e52c08add8417f4ffd413e5
760,3040,0.04218874126672745,75.8951194601832,100.19225937500596,cb6b34425520cdaa10a4ca91138b52d451a294319b57e0590761f72894e9962e
761,3044,0.054217711091041565,76.00023233518004,100.29738254204858,1d694891ca5023bad86b6fab9f13d462930f7abb04dd456aae030f9310125e2c
762,3048,0.05012224614620209,76.0999878771836,100.39714862499386,16c3bc38b77c373472b951c7c77c4d90d3baf8ada63fa38c34911c60be59bbab
763,3052,0.06030697748064995,76.19904475216754,100.49621495802421,9ea61d94013efb285515592683fdff6877c26cbd5c080ae073c3718566026d26
764,3056,0.04815022274851799,76.29761275206693,100.59479312505573,9b125b34082601aeca5d30037694573e853dd75f4307974fe3bcd75388f38f2b
765,3060,0.047518663108348846,76.39811158610974,100.69530366698746,a5f038af597f617136087b78ec879901cdb145a1c13dd4f6b50032cffcc339ca
766,3064,0.05858977138996124,76.50329833605792,100.80050087498967,def0fa60be8fcb53366c89e6d107a12e3347075ee120d426d4ccc49675fc49d6
767,3068,0.05107723921537399,76.60234517010394,100.89955758303404,7ffe25768e2a64410457b6e02926a1dae3d16513a18cb69a166260124c31c696
768,3072,0.051419831812381744,76.70155479514506,100.99877762503456,0115ff61eacb9b51dce42ba33ecb5817b228499ad2c0a3489eaac741d63abbb4
769,3076,0.05498293787240982,76.80060237820726,109.76454954198562,6592d48cdf9c299684a3dbafae38bb4bbd01b98446c84add885ab0311056de59
770,3080,0.05860884115099907,76.90015275322367,109.86411491699982,5a2a0546d35eac668536327e49e261632b5ee34dcba494203b5b95e0646be796
771,3084,0.053374290466308594,76.99869721219875,109.96266875008587,5694c96c5e137207e2ecc60f35782e9186725910c7135d3c7648c9b83ada3f7b
772,3088,0.06321503967046738,77.09698867122643,110.0609696250176,a8c6ba315440f764939d3177156ba5f41f452f8ecec26477c843daef5c2e8368
773,3092,0.05498029291629791,77.19421692122705,110.15820687508676,29356cc4ee5782cb0353fc75b9b326ff6df0ac7b7b1b3b092ed10343d3716692
774,3096,0.04618273675441742,77.29935200419277,110.26335079199634,66895f85557484c6d6d5cd240b263001508139140e9dc3c90b9e50e0e382ee41
775,3100,0.06316693872213364,77.39787696220446,110.36188454204239,5cf713201742e20988e99ffd4784f73029297bee3bd532d88a3dab32b85df5f0
776,3104,0.05476665496826172,77.49480521224905,110.45882075000554,de82b916a7b2c252fe80169d49bef1d8bfb1dec7980cb745257bb0b66b5188c7
777,3108,0.05699729919433594,77.59415637818165,110.55817954207305,7495fc79b2cade5abfca30b113ee7cb3c4d709cd9e3fed78b7acb5ec9a765b83
778,3112,0.05721105635166168,77.69366008718498,110.65769070805982,5acb65ec3d9530c7fcf5d73ae94d7026159f01d3478f62dbb3d04b49465cdd69
779,3116,0.058566220104694366,77.79669958725572,110.76073820807505,61c579c881adbced3c6dc20081ad25c6d31da8357303f05cd33bae1e3ece5550
780,3120,0.04917486011981964,77.8947103372775,110.85875666700304,560319a1f690c1ca1a8fd17da883107ba8d07e4d935aa281074daf31b16cc2b1
781,3124,0.050198640674352646,77.99231450422667,110.95636937499512,a3262b3cbd62761e2d3982a9268c4d005de94d963109fc09327167b9c367cd45
782,3128,0.03940657898783684,78.09082467120606,111.05488787498325,6f94e8c9b198c9b34dab3ee220cefb059734a42bd7dbeab622489d8b57fb5127
783,3132,0.05612058937549591,78.18873433815315,111.15280670800712,00ac578ffdb29498c086ee0e430d9556076a0597fd2b2c73d7628e8dff358eb3
784,3136,0.061030060052871704,78.29049004614353,111.25457204203121,25673efbc5c2bc3cd84468f2fa274dd63cbf9c098615c4dff6f9c7e8ebc6abf8
785,3140,0.057370539754629135,78.38867437920999,111.35276454198174,c011e61db29ddee418c2d9b98570bb2a67ab3b035ddbd2bfc81437d1a16708e3
786,3144,0.05310680717229843,78.48705250420608,111.45115166704636,aecb8a8fd58cdd6710439431cf218b513246c54a51cc30005d9a62a0c9e690b1
787,3148,0.05282960459589958,78.58625008817762,111.55035854200833,5f32e6788b0ba8146952e8fe8d75203a9f15c4ff55f6d722531a461aaf8d8761
788,3152,0.04569815471768379,78.68544613011181,111.64956312498543,0f47fb1f1b6bf3e19fa17b8a57c722be2d2a58ac2beff4284c6b1aaf30c6fba6
789,3156,0.06426411867141724,78.78386121313088,111.74798654206097,6ba9dbd67afe4036af2c7cf556d3fa2cedfb0b5ba51c05523aa9e162c6197f1f
790,3160,0.0609661266207695,78.8829380881507,111.84707600006368,d58b7b4912e73f45d439cbc44592770d88bc6a77a6f3abbc8336ef6947d75196
791,3164,0.04982130229473114,78.98219992115628,111.94634875003248,8610b943fa23157563704d236b6fa9a1cf7bbd0e90d52791f122f16918ecb840
792,3168,0.048764780163764954,79.0815597542096,112.04571891704109,17c43712b9a8bd549462c3f1ba4dc890c93b255995c2b541d875d3cfe2e3d020
793,3172,0.05728809908032417,79.18136721220799,112.14553529198747,0ab4295964403225079568951a5f8438753abdbfef29cf274ca222bcf59b8fb0
794,3176,0.0486544705927372,79.28395633713808,112.24813691701274,3a8a1d23b611c36c7446eaa41247539af8341404b49199884ec047059ff7c81c
795,3180,0.052554480731487274,79.38505058712326,112.34923900000285,2981e7c0f1f414883e82c3bedb492baefa8ea5e9cd9f3cc6edc876a5697b2719
796,3184,0.056198928505182266,79.4850472122198,112.44924395799171,9bbada7d97755d450096ddf453b7ead5b989aa01a774534b72782bc5bc6a1261
797,3188,0.05374306067824364,79.58419304515701,112.54840158298612,d96ec07918e61f1383352b6d2ae6869b12fc87fe7667f139209a7f76813da9d9
798,3192,0.052669260650873184,79.68479004513938,112.64901233301498,8e6dd16e308ed97c65168067aea29a07ca5d7889d16bcf39c394a6a7b417289a
799,3196,0.04900689795613289,79.78967029519845,112.75390400004108,8a3a6038550c4bd4fe7dec5973e3cd57b4cefd593fcb498ca84014b82af5834e
800,3200,0.05523326247930527,79.89113154518418,112.85537537501659,be0e975fc90edac2b853add237f8d3f17167dc2fdf3b0e3ea26abf3a411b4df3
801,3204,0.05029498040676117,79.98981471115258,112.95406833302695,ce7fa6ef8f8ae8489cdb39adc237e4c63e905ec73e98a177f2b4d90e3b3871d1
802,3208,0.05921109393239021,80.08955116919242,113.05381566705182,b527ef16576efca1ebc238279306294d2ebabf1cec0f5ba476671246f483a3c8
803,3212,0.0628698319196701,80.18863479420543,113.15291133301798,d3cc689a76ff3f1cf9fb7185bb31b65ae2b8f19fd4691a44d641db035a06e4e3
804,3216,0.0464627631008625,80.29038266919088,113.25467045803089,19e0630ed78253474a9d94049daeca56481a5788339a2919b1e8506182ee872c
805,3220,0.05483092740178108,80.38968366920017,113.35398345801514,2b1da7401451bef4cceba4910220919bda66fc011a6632e9fc5cc2ea218fbf51
806,3224,0.051847461611032486,80.48885741923004,113.4531667920528,15c408e19b52fd6f2954bac77918b18f00c52d13e84d3aa6d7ddc37ec03b1df5
807,3228,0.054155152291059494,80.58820241922513,113.552521332982,77d59fbe2ff91fec5f07b320331991e18ce8ecd49ccff3d5d66bae8223983296
808,3232,0.049831461161375046,80.68661254423205,113.65094045805745,b7a71cd7bed6b1e1ec6e52bc618af8d1d0d7fb55ddd7fc397bbadeeecb74ddea
809,3236,0.06036050617694855,80.78518875222653,113.74952662503347,217d9cefbe3511a31ee941505d66892f59c1dc5a873cd4bb0bfd61c65b9a1fe7
810,3240,0.050518907606601715,80.88422908622306,113.8485771670239,d27b9ddce042e05ba5591787c18c0f6f437d8933ca67c759be30da1b5687be76
811,3244,0.05034801363945007,80.98375850229058,113.94811537500937,08dfe14f572a6f6ab4c8fe128b2dbccf4208a16ca84a4856d613154101a13930
812,3248,0.05389447882771492,81.08356800233014,114.04793945804704,aca842ca89b7b17c45afeed6fe1a3e77be173f15eb1a41f890b1838bbd82ddd3
813,3252,0.055141132324934006,81.18296875234228,114.14735116704833,a10bfea61e209d803f497316e468598113335cb70946614c738cd3e872b81d3c
814,3256,0.056848280131816864,81.28480854432564,114.24920033302624,16c65e083f25d4f106a3ceb2059f64325173d561bf74db9035a4f81de7071bd5
815,3260,0.05822502449154854,81.38417416927405,114.34857537504286,ff75690afbe86a2e7147de977bcdac609bfc6d8d34226c03446aa8c75fd07bc3
816,3264,0.06012324243783951,81.48294808634091,114.44736400002148,bf080a57c8ace22bca8605990107a476a0f85d1d7b338fe23cbb35821af6a371
817,3268,0.054018907248973846,81.58193800330628,114.54636287502944,555d63561657762de7fc5abb85cf39509a62b560342ae43c15c9b0de787a37c9
818,3272,0.06256050616502762,81.68036383739673,114.6447979999939,e2a3890c7641805e070239104aaa9d8263bd990fec3a2707d01e06625396058e
819,3276,0.05029238387942314,81.78837537940126,114.75282204209361,c6b3fd39385391cbea2c720ca4c7386e530b9aa12df262f8fc707d2426fa0706
820,3280,0.05197052285075188,81.88756979641039,114.85202833299991,fc97d6402f13875a0411286cc1603e32b0d81f8c525fbba248245f3f7572d823
821,3284,0.05905885994434357,81.98518250545021,114.94965287507512,403019c2e9f670804b3d4ccddd1c84d0edff3cc4bd714ee9917aa850f9ee50d7
822,3288,0.04090896621346474,82.08578396344092,115.05026620801073,6e927e29331026d45a0d96c39f5edafd91b0444f9b176fd19cd208ec076fcf11
823,3292,0.059745993465185165,82.18568875535857,115.1501809170004,edc775b8d10fe7461cdb6f7e89d497f48726b3aa5926252412c07efbeade8a8c
824,3296,0.050707872956991196,82.28816429746803,115.25266808306333,0af21c98bc7189809ef4060714327c8f92629d76bcc11bf8e0640f2836ede8bb
825,3300,0.05617009848356247,82.38727342255879,115.35178958298638,a60e2d44dceea42b229942e770720c23a457e959a49caa515a262860a3ac5045
826,3304,0.05576014518737793,82.48636196355801,115.45088929205667,ebb62be1bd7884b52697d451586a88efbf36df6f483822b46504d46550d7012a
827,3308,0.06550401449203491,82.58536004752386,115.54989904200193,1e628d34a81c891d1c345b475d294f1e6b15dc0d8b25e00670c6c4841192caf5
828,3312,0.05270781368017197,82.68486463150475,115.64941512502264,200610ad1b31883a46a54f3f436aa3b3235316c7c1663a9f492d6d75b6491905
829,3316,0.048737652599811554,82.78749379853252,115.7520544170402,c5d55db7bb440c68865ecc7cec7db087df671313752af4e83088f22ba3931534
830,3320,0.03865022212266922,82.88545488147065,115.85002454207279,eaa72adbaa638f4c39de9d83ce1a1927a84826de3a90154450ea266750a39a05
831,3324,0.05236849561333656,82.98274588142522,115.94732454197947,3645914655fccdad9cd744a735d9aa5f7f9457ea01636e23d3f4f54164ce1cee
832,3328,0.055175598710775375,83.0812610903522,116.04584875004366,8540e1154ddc9819f5faf50a0173524a2d19ae04b79b614250051d219373d374
833,3332,0.05403153970837593,83.18004567432217,116.14464379206765,27b52db4666292ae3906b08972a000bf4d988bc175ecb74cbc3301892071976e
834,3336,0.050507355481386185,83.2821645073127,116.24677183304448,11c601b8f60a6a33a4e4af2cd1e7dc3cc94966dbc44bbe00901f60d42ac36967
835,3340,0.051481619477272034,83.38195271533914,116.34656979201827,187bfca24f86808bed8968c263018d2eb6e4137c96f69c8fb60f2a351c9ae1f4
836,3344,0.05710678920149803,83.48017246532254,116.44480158307124,72789d841c32d478a2963980f83691035f7a387a3216ce24710c8d424029b1b1
837,3348,0.04141637310385704,83.58064779930282,116.54528770805337,50c671b3b6cb13b2f5de1dcce06fbcc424d3b7f733940a9f46e801e3251618ef
838,3352,0.04270968213677406,83.67864025721792,116.64329208305571,79cac18b2744dd41d3263e56b0d55a6e97284cda873dce14539d3933f711ddf1
839,3356,0.0506623238325119,83.78076334029902,116.7454264999833,f67014ae61f352b16262ad375ff51a55b69e68256310867b7c7627c8fcc02717
840,3360,0.057841747999191284,83.88166271534283,116.84633808303624,360987746f279476cd6e2937aa7a9185881e2291c103838bd322ce89893d3341
841,3364,0.052328288555145264,83.98234329931438,116.9470300830435,b9f150a36cca8b7c6e69a490dd0452ac1515b177eb11b38772df62bc8dd07cd5
842,3368,0.04608466848731041,84.08152359130327,117.04622095800005,171d780dec4bfd903ec65783c5629d7c8f73c538c8768edd574d82724e03767e
843,3372,0.04362499341368675,84.18026521627326,117.14497504208703,e5406deb719610379e7647059815b798465308dd1e9f489347a695797e80a639
844,3376,0.049379486590623856,84.28327492426615,117.24799516703933,7cc42f5285a3c1d80776af09fb622e018738ee7817158fcff8620a6c1da25d14
845,3380,0.05440053343772888,84.38388913229574,117.34862250008155,10b5bde8b870c9a89bdd4ebd98551c13205e5efb77724f68d71ecd18b7697858
846,3384,0.055596474558115005,84.48363988229539,117.4483838750748,f946451eddfea75a218b0d537761c1fc1149276026f0b2f7d7fb49b70c59246d
847,3388,0.0555601492524147,84.58155359025113,117.54630875005387,ff51e4828070f910684fad859bf200936412e023550b9a132751e8f40078a326
848,3392,0.05989259108901024,84.67997375724372,117.64474154205527,73f17dda1bdac506f9676037b77d25898dbcaf4d993b97352e982a30a55f774d
849,3396,0.06052909418940544,84.78268975729588,117.7474708330119,d61908a295d39854c9f5751190279bd9b612ffccd6030bf5c523931ac62b63d0
850,3400,0.05301057919859886,84.88184884132352,117.84664408303797,79f939738b527098e60a13e240d6ec391ccfc154f600ad5bc75c047febb55015
851,3404,0.05795358121395111,84.97989696636796,117.94470433308743,4f246e4abd4974caeced2917a3aaf7cdd1fd23e34aacbb0ed2cb88e6af84dd46
852,3408,0.04235127568244934,85.07795017433818,118.0427685000468,21d46b550e6ad3ba77eb58d52d93ab80111ed8145f55314ff46a05f8b8c5eb19
853,3412,0.06227076053619385,85.17876842431724,118.14359829202294,73b1921cd24a2bb6ca27c1fb533ab0ce3edc8d27996a4cf8e28e2ed6f253323e
854,3416,0.053448233753442764,85.2805322993081,118.24537354207132,6ace2a723170a9a988a9a8591a79b50ed5a7205dd46b0f21ddcc77297872883b
855,3420,0.04965939745306969,85.38082359125838,118.34567720803898,173d3828d2fda974749649f0a0142b6e70962a243cf74692bbc0994be51c9a75
856,3424,0.06469906121492386,85.48025971627794,118.4451250419952,8731b479fe80caf25d20d4fa45ca9484120242221f23fe719576b540801166e8
857,3428,0.05900232493877411,85.5798471752787,118.54472258302849,224968606838689a8b4af5955beda87a91d1cec0add8f06829ce52260fb244b0
858,3432,0.05227619782090187,85.67965880024713,118.64454333297908,a46fca508c557ffe3596e2c31cab6cc36be310d7bb5b8e4be01d9beaef75e559
859,3436,0.0574178621172905,85.78702680021524,118.75192241708282,46b7fd56414c4e430fdb00767e9f462a0026129ed12e86f8610266ce1d3b0041
860,3440,0.048526376485824585,85.8872455082601,118.85215649998281,d73dc4a4f73fbdca9eeddc9a5af278c336257646e17f0229e5c4ebf71b8c546f
861,3444,0.05022914335131645,86.00537430029362,118.97029595798813,20b99f7b3f2e21ffe01a29c14523fd6df9360ad2472dccb9de0996cf0ee6af82
862,3448,0.04176688939332962,86.10522596724331,119.07015962502919,075f18f504e6f422518e95045dd64d468a9d32c9ce2780e5d0e4e88045a30a90
863,3452,0.05368221178650856,86.20396396727301,119.1689078330528,8ffdab217cce9011244fc8cead8c54fb81a0fe8dfe30742d00143ad5fe804da4
864,3456,0.04959765076637268,86.31072680128273,119.27568016701844,a6d1113e00326b2da635166ab843d16f46606307bb7611ce5ec17675216d127e
865,3460,0.05498410388827324,86.4097818012815,119.37474333308637,723f90630da2493e9aa6e56aa7f5554dc064d4adf7773912f4c618f61e9005bc
866,3464,0.04788891598582268,86.50793146830983,119.47290116699878,ca4bbe4acdbd5186c4d15d732fd7610a078ee62c3a783d90d6742e24eae842a3
867,3468,0.05007663741707802,86.6054620933719,119.57044100004714,48756fa4866304454a8433f0b09b768d028206f2d5f0b17a83c4a0d92dd8b307
868,3472,0.05297577381134033,86.70273921836633,119.6677290420048,bf9546ee5974b0e760e10e63b582b8b5d05a8623dfea7c0834a0465e45cbda94
869,3476,0.0502527579665184,86.80336684337817,119.76836745801847,8e2ea5ac3f9989e1bb4f76aeb98c327812136c29013e4febd00b79758238d680
870,3480,0.058817774057388306,86.9014793013921,119.86649279203266,2336546c0a443e8ff0a7d31680546884b442dcec0316d70fc6452791619c3d99
871,3484,0.05694014951586723,87.00080625945702,119.96582895808388,cf0023db5bc92f13f952f237473c66991739873db7e787cf77a20d2f0379b45b
872,3488,0.05429527536034584,87.10049542644992,120.06553091702517,aa9c65678f57e70a9aca3672a905aafd9b06c31174c6bfa1f0c34ec60e8a2c6e
873,3492,0.049785908311605453,87.19812734238803,120.16317483305465,feec94f03858308e0ac216901afd6ba5b788ad16a5e1d686924a4879c54f1512
874,3496,0.05462057143449783,87.30257830140181,120.26763487502467,fb63e8995621b59d427f76a60d5e35354cb7cdc675a623bd0684192ac49f6929
875,3500,0.0623222179710865,87.4027223434532,120.36779533303343,e828a3e48898a3acbba1a09dee5eaad3649347661e1f3633d1bb78a061ed6efd
876,3504,0.057366207242012024,87.50025338551495,120.46534087508917,f8ddaff019884e9e82553e327ff1dd7dc4a782f2364a82971d6026776a444096
877,3508,0.05658687651157379,87.59852071944624,120.56362204207107,64f3a816c188d21b4b0345c841071cc67b622435bd4b8b5d60757f2f54f12cb5
878,3512,0.05119343847036362,87.6952273035422,120.66033924999647,45c51baefa3969746d7b3434245d95d7bd39d347b62c3c6570462294b14f3050
879,3516,0.04783359915018082,87.79819626151584,120.7633175830124,c1d2d998741454292ad92f5e6c559c5d97c76ebbfa11286e6dea5d5cb215cc5f
880,3520,0.04925635829567909,87.89619642845355,120.86132870800793,d8bf9efa1f397f7a6d855a50f8d63294db96e8ca5a834b9030c7dc68f804588e
881,3524,0.054312095046043396,87.99391751142684,120.95905937498901,a0ffc528979451fb4951059878d1362e3f636d6acd95b0cbe9dfec2bd5a947ba
882,3528,0.048300862312316895,88.09206801140681,121.05722204199992,a00b7e1c94723e46deb362b8a3427cc0b6fded1ecdcd04d321ca8361d6488a24
883,3532,0.05307436361908913,88.19028501142748,121.1554499170743,1fa075871c66f5942ddc27c2aacbb8c9679cfefa72123fd32ef5c3c123e8d7c5
884,3536,0.05162011459469795,88.2966984694358,121.26187450008001,d08e58d1b95f61574793f542d9848344b574c07c87e7d0a4bbfd3621b1ec5318
885,3540,0.04776448756456375,88.39560996938962,121.36080054205377,b6435340940ee232b9c00716aca7560108682a838ab95c689b4594d99975dc7c
886,3544,0.06133739650249481,88.49422413634602,121.45942587498575,ccdfb07c91f746b23cb0fa1820c24210827b441edd1393c72efed61624c4e65a
887,3548,0.053267985582351685,88.59382367832586,121.55903812497854,7cfd71304f73a62f5f323fc0bfa935634015ac36ad2ed631ec271e95200ebde8
888,3552,0.059344593435525894,88.69319822033867,121.6584229170112,db3d50ae83a6e45cc7eeea7f1d6bf5ce23ba67bec5c0020e915cc73b24ac4c49
889,3556,0.044787343591451645,88.79589801235124,121.76113150001038,536e7c2cd9823c0a4394f685230f2408f8a7afd72b21642e9035fb08aacfc854
890,3560,0.050510868430137634,88.89404947042931,121.8592912920285,eabee837050ffe62577a37cad71e1d908ffb3e0e8a92fa56055eb2c00be943c7
891,3564,0.05094975233078003,88.99298467836343,121.95823550003115,12b7c6f317f16ba878da48ad9ab85920a1d75c28d1e611b98a6ea19a26cff11e
892,3568,0.053112272173166275,89.09125551139005,122.05651445803232,954465a92dec023c15062bfa228fe523fd690dabce431e87adb4020256c0c6fa
893,3572,0.05450312793254852,89.1892608864,122.15452970808838,8eda727becacd7a7bb05e5391ce48785d5b2ef5f8ca3a9a0b14874b3923c4202
894,3576,0.059793487191200256,89.29567780334037,122.26095833303407,75b9bf2bae8e77a4aaf47aa4d1a129b28242331a5f0521f36a1398a79d05499a
895,3580,0.03972882777452469,89.39492938644253,122.36022087500896,af4c1555afbba4803367f8b853952220b75f792075daa8f93cbc1e0f66f2b66f
896,3584,0.05254171043634415,89.49302259541582,122.45832420804072,a84749ccf926e0b2277c03a65a0a05e6e1d1961790a5afe21de2963b696aed44
897,3588,0.04831415042281151,89.59213092841674,122.55744120804593,6307a33e2c90a22f03e807a2bd2f4b160eb6f1b9a62ad9957a697809aa166157
898,3592,0.05494718253612518,89.68932305334602,122.65464270801749,426cfc6183c72a0a3d0e8a4d337486e5abd7ed107786e2922d16ac433838cbe6
899,3596,0.03959057480096817,89.79482359439135,122.7601532919798,2e8c752660bcf66627215dee0d17dd53f0679a31a59befbe179a7e0c14f29e08
900,3600,0.05995788052678108,89.89338142739143,122.85872179199941,d21bb7327204bb55c49173bb4b3c9bd12bd50c97c1a4a810b6fa88bcb3b4ab5a
901,3604,0.0609312504529953,89.99222576036118,122.95757595798932,2d46389e4380b06f7cc03f315f628a729ac396a904e9a4dc4322c8a80583df7c
902,3608,0.05004351958632469,90.08978576038498,123.05514391697943,2c056500ff5420bcb8bd789663f7b65bde278c93fbc009cb45cb69568948b5d2
903,3612,0.056544434279203415,90.18676534341648,123.15213241707534,95bb59d8ef12f32d54fa90c12c9e9032449b3511ebdafa5efe24687a61925fab
904,3616,0.05584152787923813,90.29001013445668,123.25538724998478,f2acf967f60df6bb7a0b371cb3792eb93e2c6f5e33f782e0364ba8cbfef56e3b
905,3620,0.05765333026647568,90.38829359353986,123.35367987502832,0a6289f9195451cfdd32906bca8f045b3b782e9270b44ac132a094b325b93b98
906,3624,0.04460024833679199,90.48798284353688,123.45337937504519,2e62637b4dd7266178648c86cc01c06081a99ca0d8309cc559f863102b29ef3c
907,3628,0.06255380809307098,90.58755267655943,123.55295775004197,efc947b66edb160ce91a8189bc089d3b4bab614b46c6cb4150de559e78cfcb10
908,3632,0.04221799597144127,90.68771038460545,123.65312450006604,578eb54b028c6702cee8039259e7668e3f1ebfc884d4f2de66c51ccc7fa1eb29
909,3636,0.05025215074419975,90.79064671765082,123.75607104203664,2887c7eaf9ae0527f0f97d7eb70a2b0f6bc27ea9714f1673d4cf891704296aa4
910,3640,0.05322226509451866,90.89051746763289,123.85595204203855,8ba2452bf216537d7f28bb102d1645e59217e19ad5686148cea33122402ef353
911,3644,0.053343795239925385,90.99092696770094,123.95637400005944,ba1c31dd8c6f2dc27d44035ccd5afd3c9203c36d5bcce959770959722e1df11d
912,3648,0.05509398505091667,91.08999471773859,124.05545450001955,58ee04eb35c61ddfb44ffa182a3483bf6539d480cf411d8389c12ef08a8cd5f8
913,3652,0.05400538444519043,91.19117146776989,124.15664487506729,21bbb6fdb83ea17310ec5c614792ba73adb95e4562769b0dbad61da22dfdd9d4
914,3656,0.061154287308454514,91.29605800879654,124.26154350000434,aeba6b3a9f7b6eb8ce53428bd52fb90ac5b76d8642982aaea26c19391574594d
915,3660,0.05732202157378197,91.39597721770406,124.36147554207128,e191284f4fd1308d8db244b22d40b4a8ad8661430e8c493f3573e510a4c3fd93
916,3664,0.06293299794197083,91.49635305162519,124.4618623330025,0fd19a7b855ce04126be704ccbba0be240f3a36529fdb3416616b9d5d688bb61
917,3668,0.054095104336738586,91.59478026069701,124.56030154204927,24144c87a52c99d20f4379ae23c3d1f879907edc3d531d9d5b1f5d86d904898a
918,3672,0.05956752225756645,91.6946125937393,124.66014454199467,ec49e0681946bd18368426bf3c939c9edb9ce2bc00154d1191f220a9ebf3c823
919,3676,0.061313141137361526,91.79907001077663,124.76461225003004,a38573a56e469b73e49463d6909bbf617b9f546f5768c3b394938f022980f810
920,3680,0.0495949387550354,91.89755492680706,124.8631073749857,c922f5562b7cd22d8ad4172109342153c39bd070752da9f6a5b29fefd981de1d
921,3684,0.05000871792435646,91.99847675976343,124.9640383750666,ba0a17962f06a2dd6c5a898bc9cb7e579d7fa1cd5c2455a0805b19d582760a44
922,3688,0.04028517007827759,92.09603805083316,125.06161112501286,a9e26c3a125225bbb9a20d6885e73e277df650fa23f702ce731019014eec5b76
923,3692,0.06875571608543396,92.19553005089983,125.16111429198645,b77c70b1faa213e9e7df7583b73dc0f9c7027a743d92ed151d475ca6fc66f91a
924,3696,0.04484345391392708,92.30475334299263,125.27034725004341,1a4e33ae15150f374922418d76e9623df2f842ebcc15f1beff6b64ac53d4d15a
925,3700,0.05399307608604431,92.40360755100846,125.36921208305284,aca79cb2970c0bb5896e7f1384058a90873f0f29c038f694211a3a9c36acaf26
926,3704,0.056792646646499634,92.5013364671031,125.46695158304647,dcfdbbf04e41550edd7b82230ad7383581b6ea43fb236acbdd28ab60fbfa7e2a
927,3708,0.04967743903398514,92.60069159220438,125.56631608307362,572fad079602e80b011bb35ebbc4dfb22288bf151731f16e2eb5d9fd816eedc7
928,3712,0.04774525761604309,92.70000884216279,125.665642958018,d06b50d46181eeb5f2cc20fa8047778d911b2bcabf65e3bd82e8cfe9416f3aab
929,3716,0.05956375598907471,92.79892080021091,125.76456412498374,fea95ff1bef133e86dac09a10d511565cd0f29cba85741eb95028b409b6aba55
930,3720,0.05725473538041115,92.89721167518292,125.86286425008439,9c70f6ee3253b47c8705580c0e91e3c0c58f31f36b3094c6b88e13d37d4c8578
931,3724,0.05632472410798073,92.99732342513744,125.9629841670394,680600d0b8de65420f1caf648ac7e791b4a658103592639e6e5194d43171d4aa
932,3728,0.044780708849430084,93.09746309218463,126.06313800008502,9b24774e7de3f21f8060b73edaa525b6d0b81ee1ed3c1b35f3ed04818c8f50da
933,3732,0.04446980357170105,93.196941383183,126.16262512502726,99849a1e330bf3962bc29046a3b7cd7719912049d41d21bc6b5a8cd41dede8d6
934,3736,0.05222651734948158,93.30141613318119,126.26710991701111,437831ac20f824186a9586a5b9265628b2c786f88fa9772c1568ec60fcf510c7
935,3740,0.053428273648023605,93.40168754919432,126.36738950002473,1812c8596d005006efd763e688bc6464e4982b9796b07407791d8058589bf830
936,3744,0.05189511924982071,93.50169725716114,126.46740887500346,2546267257bde4cae9cc846a7e77ba92902d812a8175c5163471804903e7a19b
937,3748,0.050943296402692795,93.60061942413449,126.56634108303115,0c94fcca5523317debef52e3a780a883839e95ed2919294b6866e29c40edc30a
938,3752,0.050739385187625885,93.69874954910483,126.66448183299508,4a3baf5429dec5dbd67038ae6d9c5c75b3f5f8f6962a0ac6eb6d4f2d924d8204
939,3756,0.047858916223049164,93.79974809009582,126.76549245801289,9284d3888e166f3fb3525b236bb5142aaf6e7aa5a08604a2579137e3a25ef0ce
940,3760,0.045337338000535965,93.8979963400634,126.8637523750076,a4c02723fbd54068f2b27bb6af2acc04c6c49214c8b9ad5d12d33d4a2f3d29ee
941,3764,0.046709805727005005,93.99605667311698,126.96182108297944,b9d3880c4a2c904ee316b1e897285df94eb7ce5a5cc15a0d1debaf96b9b0dc79
942,3768,0.04489739611744881,94.09374096419197,127.05951400008053,8f5a0d58d76b15e0d7eee45a71d93754f2242bb320de00c210adc7fbe3ddf4e8
943,3772,0.04130057618021965,94.1915278811939,127.15731020807289,0f71607fdc68c2f1c8f37b29ca405c3df9da3ece8cdea092a69317b39e8363ec
944,3776,0.034092217683792114,94.29679533920716,127.26258850004524,e30ca117b866f3552cc25e8cf68cd5bef0ccdd06f3a1a32158b80449243f6cd1
945,3780,0.05043502897024155,94.39437071420252,127.36017729202285,9c1274961dbc1e9d845320753d82548f408d32a26b84b365aa8950666bc6518a
946,3784,0.047625306993722916,94.49205788120162,127.45787720801309,c163adcc61069dc91c0155f680ee9a9db24b73b6769ead6380cd597f7c60f8c2
947,3788,0.05824089050292969,94.58990083925892,127.55573150003329,edbc5858071b7df421cbe7df4c57ac0e7421738dd7697beda4bf3b6b4f6040b8
948,3792,0.05892936885356903,94.68839054729324,127.65423416707199,623d17c627625c4acb264a6201eb1b802b03eec5584524ccdc10eb9955d71334
949,3796,0.051897283643484116,94.7899642973207,127.75581895804498,a0941c3ddabe6814243a1d3dc778e4038cf121122a1a3cca76c959450e1f4e11
950,3800,0.051678575575351715,94.88817754737101,127.85404175007716,c5171e084c39b57125e72a2222c778db85d1cf8c72706bf6a1654f2a18d2bfbc
951,3804,0.05567749962210655,94.9875484224176,127.95342237502337,17cd3345db100500b2fbfb327c5e8485a3d6a9fc0e2b7dfc926bbb5a1d13a839
952,3808,0.04146801307797432,95.08568692242261,128.05157245800365,ce95d99516b1dd04371a8552b885a2db51ebc993fb4c47359d5630ded6edb9e7
953,3812,0.058279674500226974,95.18366875546053,128.14956483303104,0e6e1221f2808870175b2a7febddfddac161fd651391a146debb1ec992d60633
954,3816,0.05341106280684471,95.28752175555564,128.25342729198746,a01fe071ffd5e04e945cf70c757b2490b67100263126d4f258ef24226306d40a
955,3820,0.047531381249427795,95.38858617155347,128.35450437502004,d64f83013491d755867b355307e0f617dd208df149b0a64e32f1d2966af082b0
956,3824,0.0502726212143898,95.48589658853598,128.45182379207108,cf0b585a0181b2493dfc7ddee6b0affe2bdc3f2ca6a4096b126e46176efaeedc
957,3828,0.05018949881196022,95.58391483849846,128.5498518330278,919378208e2e2044f573e4b6bbe3bcc79a6ffb0b63ca3232693904110862ebb8
958,3832,0.04793659597635269,95.6834280055482,128.64937766699586,3f1640bdc1a763215ed6907df5d1c64fee241b67a105639c24bd40b4ebec936c
959,3836,0.0495338961482048,95.78728525561746,128.75324654206634,33c3bfa5c4ea7c602834d6e5a8cfedc91ec20bdbc37de0653aa7801ded15e5b8
960,3840,0.04809695482254028,95.88726825558115,128.85324070800561,4cac023e46abf8fd96226913d52187fa57cbbc0f07676f9885b164b56624c90e
961,3844,0.058161720633506775,95.98601313051768,128.9519975000294,58ae7915ef0be5cc22e98357e8186326210075adbbc7fa3bf1ba0b8c7fe23fca
962,3848,0.0485147163271904,96.08398667245638,129.04998229199555,90f6f4c8b70642cd53b65344255367196ab382bfdac49cdf88e6ecd96427c777
963,3852,0.04971109330654144,96.18431479739957,129.15031941700727,ef056146a6c656ab0607966c2d6c73131173fbf5a8fc954e2cd876ffb1dd1655
964,3856,0.05489610135555267,96.28805992240086,129.2540733750211,5eedfb0e5f73be5c8840ca49d3af20868dcf099d701bef61c5ba869e682ec2ca
965,3860,0.059930652379989624,96.388102547382,129.3541255419841,5a62dfeaf861e8278e1cf4cbc7dfa0bf6a04802dfd487b5b66280b06b4168d51
966,3864,0.05983838811516762,96.48664575535804,129.45267845806666,5d088c297be94f98fa4623de9c702bffcdc3eddcad735bb2877c3141bae73e16
967,3868,0.04383178427815437,96.58439796336461,129.5504412080627,750d203fe648ff90b4d3d484d4c73fd11d0588d6859b1fe3b1538774a66a897c
968,3872,0.04629625007510185,96.68350137933157,129.64955662505236,7cecc1dd8c62faed9f1bea662fb3f54ff7bf36941c0061b6ddd5abb07673923d
969,3876,0.041599590331315994,96.78488900430966,129.75095554208383,c23afaeb1a4119cb78370159e11c9444babc7fa194d5f2f6887189804ca50dde
970,3880,0.05212340131402016,96.88375321333297,129.849830375053,7cebeb36187452a57d9874c4c7698e43358cd8f99e8948813e40032d4830cdcf
971,3884,0.0617465078830719,96.98288792127278,129.94897433300503,e6c1371419cf287037ad73c10a070c6eca8160d1af5205ad93aa367009047d83
972,3888,0.04287615418434143,97.08198354626074,130.0480796250049,8c68445a9d0b9c02bc954ff38b6f401c798989991bc12ed2260bb0d8f2810ad8
973,3892,0.04690142720937729,97.1806028803112,130.14670695806853,8b7f47cc954489b724a468464c8e674691ab68817fcf104bd5be32836b4d1930
974,3896,0.05681568756699562,97.28311958932318,130.24923304200638,f944c63d59061751d43403467651a684b5a6e31d572ef31c6f396ab5e4a02166
975,3900,0.04219204932451248,97.38169554830529,130.34781891701277,0bed228ba679a9efc57730b43f8dd4c1c0fb948389efd55da0ac3df924c3e1d2
976,3904,0.048211343586444855,97.48145113128703,130.44758429203648,50566a1dac307158cf02f3276aae488e6c457496e2ca430ee2e1895aa5f15fdb
977,3908,0.06358861178159714,97.58028129825834,130.5464234170504,1236f11f40ef9da497efd8e765062fda3f8c2631b2dee6ada638a2a707cce948
978,3912,0.05011941120028496,97.6793808392249,130.64553404203616,594caa5a7dd7dd56b8bcbfd8993ff736f68303b294accacccd2c2f1654bc058e
979,3916,0.0530426912009716,97.78574171417858,130.75190470798407,dff9e9e7375ae34e704e1d0e0b248f45075684b71106b0ea57c6f7f02025cc1b
980,3920,0.05610556900501251,97.88729671412148,130.85347479209304,5c7a94dfbe348779504e514ef3202e4f22f7908927784720abd90dcaded97590
981,3924,0.044365812093019485,97.98614908906166,130.9523404170759,59bb2b9213dfeb8949f268f423af1e81258fa7e6493a5f0926149f7a4da26fc0
982,3928,0.05530247464776039,98.08629400504287,131.05249912501313,35babdf17f7f304bdab9ae4e6985d083e525b7d96eca783e3c9f5d484ccb6ed8
983,3932,0.06100107729434967,98.18499442201573,131.15121291705873,40410c2f7c359c8708fad9ac75652eed7b94a868a0d9bb5ae2bd1208e28f671d
984,3936,0.06727524846792221,98.29050950508099,131.2567425420275,3101a2c8d094cec7ce56bc56bbba3fd13f9a7543d3bd0be0b0b7628b0d2583e2
985,3940,0.05612195283174515,98.38829833909404,131.35454429208767,690c585e7bbbf3c51efb7ce1fdfc59e354030aa886bcf670efcbad3db0d3f536
986,3944,0.05323873087763786,98.48877338110469,131.45503254199866,0aec388d117e71a00e7060c141ab9a810a7632c1ccf3ed41afb3f02db98ad0e0
987,3948,0.06324110180139542,98.58813867310528,131.554409375065,fb7bdde5de46bc004a16c531b5f4833c28c25aa38d025a8920f7a1280a09f9b7
988,3952,0.04781803488731384,98.68851063109469,131.65479233302176,496502560adf23066cfa8a78a9abe424d88969ccaeef124e5bb7160dec0b7f2d
989,3956,0.052185218781232834,98.79420942312572,131.76050312502775,6252329b99954596578f8d136e34605f7c76798bf36cad8e55cc560f4338dda3
990,3960,0.0499347522854805,98.89380621514283,131.86011266708374,d086308776501515e3979711415e0d7838c62e4684cea4278cba3d9433212862
991,3964,0.05959251895546913,98.99458717415109,131.96090804203413,fde0b6ad26910bd0a79737b3984556efbaf46eab569d1512acfc0fac66d9b7ba
992,3968,0.052185408771038055,99.09347559104208,132.0598056250019,74bb073fbefc214e43438b80f961927bc9d31f2b327d5e049513f2aee862226d
993,3972,0.05362705513834953,99.19111605000217,132.15745458297897,21969698926ac6d590bc0bff25cb5c897533a66d1069e58df0f6f08880b52192
994,3976,0.05083523318171501,99.29958346695639,132.2659319579834,76098c36aa3f62a97e7ceea2dbd1a080c16275ca12ec3ae4ad27fe83e48c2564
995,3980,0.04727504402399063,99.40001154993661,132.36636975000147,01c3da07f30f78f1b6a9678c00a8861b7f3c4f4b539ce27d73e1b5e755dfa996
996,3984,0.040833454579114914,99.498647466884,132.465016208007,2b0746dda911fa7fb87d80a29c33fa6c61b00fbbff18fbe0be625c4316b4c9d6
997,3988,0.042848292738199234,99.59677229984663,132.56315016699955,bd69360c3a68430260be9233b20f17d86e7b5a169e591632894e714121535531
998,3992,0.059592898935079575,99.69640646676999,132.66279604204465,5342184e551d776e66edc30280e910903a2125a9bb45b232e3b51e45e9480a44
999,3996,0.055867645889520645,99.79925767576788,132.76565770804882,4d8f354381def245244343c2b6e20242b2e5a575ffd18a49525411bc78bd5d75
1000,4000,0.05419173836708069,99.89842659281567,132.8648394580232,d66853c4b68eaf67706542d3f0808f9cf2110b8e224b611ab61b74b676905039
1001,4004,0.04435868561267853,99.99673434288707,132.96316008304711,acebf68d8d297685f9a264788b6e995e8cf5ce726226f98febb63d811211fa4c
1002,4008,0.05854276567697525,100.09693138487637,133.0633682080079,e52130573cbfb090e8ad0e50413df0dcaabdaeeefb32ad34ae61289edfe4666a
1003,4012,0.051651742309331894,100.19528084388003,133.16172795800958,497974f9c8c7f0449f75884477b14a256e648205e5b7afb90b14817dd20237cf
1004,4016,0.05365588515996933,100.3000805939082,133.2665370000759,9a2184acd4e27ef8f661c90198c09a5848b9cc10711f1b742716b3627d5d11c1
1005,4020,0.06092853471636772,100.39863575994968,133.36510200006887,ee61bc6556721ce6726566c6771787a064bf6ca156663b47ad8e9909d8a79792
1006,4024,0.0691998302936554,100.49714392691385,133.46362066699658,a969024c44417146365125fa7fedab5f75cb25995d2cd737e00fe552bf61b903
1007,4028,0.05780903622508049,100.59534967690706,133.5618371249875,558d67ff70efc562b95ed23ff934a96ce3c5621bb88177db46b316190459e3df
1008,4032,0.04371988773345947,100.69504825992044,133.6615470830584,5ab166649ef75e803291c71b91f5b3b4e66a71ed35ffc2451d855a21ca37cb3d
1009,4036,0.056914735585451126,100.79906638490502,133.76557683304418,03b883c76a1bf34dcab610ec5c0bf91174754ae889968c0b7088ae246ef7d886
1010,4040,0.04614323750138283,100.89773596788291,133.86425800004508,d1517e18fdc320889a2089c0b5d7a20944ddf403cd85ce26f0e2fd2544c81392
1011,4044,0.046187445521354675,100.99816796788946,133.96470841707196,83fbf84150a437932d8e30154d3351f73a4913eafb82787e084339cb3b85bf34
1012,4048,0.045171108096838,101.09793134289794,134.06448320799973,141ea0c154d8975ad275f3f9d5097cf72f37f052961ebfba554218bb71c22dde
1013,4052,0.04275060445070267,101.19667563482653,134.16323958302382,42409ce37cc7997925f3dab0bf3ad2963d00ddb453e3685ff3ca489491efcf3a
1014,4056,0.049969106912612915,101.30097713472787,134.2675531670684,43c4261cece95a23178995e44e30e16edf22f02d20f86b4c3c8d4869e9dee206
1015,4060,0.05411222577095032,101.4001176347956,134.3667033329839,6ed623fda57d97326bbe836a74d67b6440e2db24ccad2648d7a34240ad3486b6
1016,4064,0.05365736037492752,101.5015079677105,134.46810429205652,2ae8b0ee817bc78aac9d02cb67b3640e223522916751d0c54b1ce0ccc3e7456a
1017,4068,0.051205605268478394,101.59993650880642,134.56654233299196,baec7c8f1887c1965ffe6897943fdcb9cba3bbbad189d42b0f287a040176861f
1018,4072,0.060406774282455444,101.6981402587844,134.66475429199636,228757e81ad5dae8168bae0fbce5acf8718988c6e660e22ef9061fb33b50d97b
1019,4076,0.053368017077445984,101.8009004247142,134.76752400002442,11eafa41aaf6c60aa2c4f59459ee06f0dfaad660c7a0d7da27076a95fa9eb6d9
1020,4080,0.06207275390625,101.89984417473897,134.86648020800203,a4e16289e4886e5b264d3e5006dea84efc7dc137224abba04d336f01b5ec08cd
1021,4084,0.0488424152135849,101.99932675878517,134.9659726669779,065509b29b0fe84684c56fea81bf0d83fb29a64e80db886aa84127f88392858d
1022,4088,0.06207423284649849,102.0992082587909,135.0658633330604,5084b8bcc170e6ae8e23fc86f978546ac9450e645c001d219a1b423f9262c61d
1023,4092,0.05172884836792946,102.19843759178184,135.16510283306707,c16f1fc4fcb805e403bd156f6c16b106dd78c84145ea19ee34cfabff90ac2919
1024,4096,0.04530894756317139,102.302349675796,135.2690245830454,3a27f193487ab37eca51279bcbb340660ea8e1fabef0683dbae57d554b39a9e4
